page_url,page_title,alt_text,image_file
https://www.incabella.co.uk/,Home - Incabella Wedding Hire,,incabella-images\_site\IncaBella_logo_02.png
https://www.incabella.co.uk/,Home - Incabella Wedding Hire,EL-ES-APR-2022-0635-scaled,incabella-images\home\EL-ES-APR-2022-0635-scaled.jpg
https://www.incabella.co.uk/,Home - Incabella Wedding Hire,EL-ES-APR-2022-0435-scaled,incabella-images\home\EL-ES-APR-2022-0435-scaled.jpg
https://www.incabella.co.uk/,Home - Incabella Wedding Hire,games,incabella-images\home\games.jpg
https://www.incabella.co.uk/,Home - Incabella Wedding Hire,IMG_1066,incabella-images\home\IMG_1066.jpg
https://www.incabella.co.uk/,Home - Incabella Wedding Hire,untitled-260-scaled,incabella-images\home\untitled-260-scaled.jpeg
https://www.incabella.co.uk/,Home - Incabella Wedding Hire,IB-lifestyle-bg-1,incabella-images\home\IB-lifestyle-bg-1.jpg
https://www.incabella.co.uk/,Home - Incabella Wedding Hire,IMG_3112,incabella-images\home\IMG_3112.jpg
https://www.incabella.co.uk/,Home - Incabella Wedding Hire,,incabella-images\_site\IncaBella_logo_02.png
https://www.incabella.co.uk/products-list/,Products List,,incabella-images\_site\IncaBella_logo_02.png
https://www.incabella.co.uk/products-list/,Products List,,incabella-images\products-list\IMG_3724.jpg
https://www.incabella.co.uk/products-list/,Products List,,incabella-images\products-list\IMG_3724.jpg
https://www.incabella.co.uk/products-list/,Products List,,incabella-images\products-list\IMG_1167.jpg
https://www.incabella.co.uk/products-list/,Products List,,incabella-images\products-list\IMG_1167-190x243@2x.jpg
https://www.incabella.co.uk/products-list/,Products List,,incabella-images\_site\IMG_6028.jpeg
https://www.incabella.co.uk/products-list/,Products List,,incabella-images\_site\IMG_6028.jpeg
https://www.incabella.co.uk/products-list/,Products List,,incabella-images\_site\IMG_7714.jpeg
https://www.incabella.co.uk/products-list/,Products List,,incabella-images\_site\IMG_7714.jpeg
https://www.incabella.co.uk/products-list/,Products List,,incabella-images\_site\fullsizeoutput_50c2.jpeg
https://www.incabella.co.uk/products-list/,Products List,,incabella-images\_site\fullsizeoutput_50c2.jpeg
https://www.incabella.co.uk/products-list/,Products List,,incabella-images\_site\IMG_6448-e1520889491374.jpg
https://www.incabella.co.uk/products-list/,Products List,,incabella-images\_site\IMG_6448-e1520889491374.jpg
https://www.incabella.co.uk/products-list/,Products List,,incabella-images\_site\hanging-heart-tea-light-holder.jpeg
https://www.incabella.co.uk/products-list/,Products List,,incabella-images\_site\hanging-heart-tea-light-holder.jpeg
https://www.incabella.co.uk/products-list/,Products List,,incabella-images\_site\hanging-heart-tea-light-holder.jpeg
https://www.incabella.co.uk/products-list/,Products List,,incabella-images\_site\hanging-heart-tea-light-holder.jpeg
https://www.incabella.co.uk/products-list/,Products List,,incabella-images\_site\IMG_1684.jpeg
https://www.incabella.co.uk/products-list/,Products List,,incabella-images\_site\IMG_1684.jpeg
https://www.incabella.co.uk/products-list/,Products List,,incabella-images\_site\621943C4-766A-4041-A514-A62C4C49CE51-1.jpeg
https://www.incabella.co.uk/products-list/,Products List,,incabella-images\_site\621943C4-766A-4041-A514-A62C4C49CE51-1.jpeg
https://www.incabella.co.uk/products-list/,Products List,,incabella-images\_site\IMG_3120.jpg
https://www.incabella.co.uk/products-list/,Products List,,incabella-images\_site\IMG_3120-510x652@2x.jpg
https://www.incabella.co.uk/products-list/,Products List,,incabella-images\_site\IMG_3119.jpg
https://www.incabella.co.uk/products-list/,Products List,,incabella-images\_site\IMG_3119-510x652@2x.jpg
https://www.incabella.co.uk/products-list/,Products List,,incabella-images\_site\IMG_9587.jpeg
https://www.incabella.co.uk/products-list/,Products List,,incabella-images\_site\IMG_9587.jpeg
https://www.incabella.co.uk/products-list/,Products List,,incabella-images\_site\IMG_9583.jpeg
https://www.incabella.co.uk/products-list/,Products List,,incabella-images\_site\IMG_9583.jpeg
https://www.incabella.co.uk/products-list/,Products List,,incabella-images\_site\5d6ad4c0-13bc-479b-8b50-cfe64523502e.jpeg
https://www.incabella.co.uk/products-list/,Products List,,incabella-images\_site\5d6ad4c0-13bc-479b-8b50-cfe64523502e.jpeg
https://www.incabella.co.uk/products-list/,Products List,,incabella-images\_site\fullsizeoutput_5ff9.jpeg
https://www.incabella.co.uk/products-list/,Products List,,incabella-images\_site\fullsizeoutput_5ff9.jpeg
https://www.incabella.co.uk/products-list/,Products List,,incabella-images\_site\IMG_E1342.jpg
https://www.incabella.co.uk/products-list/,Products List,,incabella-images\_site\IMG_E1342.jpg
https://www.incabella.co.uk/products-list/,Products List,,incabella-images\_site\clear-glass-hurricane-lantern.jpeg
https://www.incabella.co.uk/products-list/,Products List,,incabella-images\_site\clear-glass-hurricane-lantern.jpeg
https://www.incabella.co.uk/products-list/,Products List,,incabella-images\_site\IMG_0545.jpeg
https://www.incabella.co.uk/products-list/,Products List,,incabella-images\_site\IMG_0545.jpeg
https://www.incabella.co.uk/products-list/,Products List,,incabella-images\_site\8327bd708a67d45dc7f6637f3e61ffa5.jpg
https://www.incabella.co.uk/products-list/,Products List,,incabella-images\_site\8327bd708a67d45dc7f6637f3e61ffa5.jpg
https://www.incabella.co.uk/products-list/,Products List,,incabella-images\_site\IMG_3468.jpg
https://www.incabella.co.uk/products-list/,Products List,,incabella-images\_site\IMG_3468-510x652@2x.jpg
https://www.incabella.co.uk/products-list/,Products List,,incabella-images\_site\IMG_3464.jpg
https://www.incabella.co.uk/products-list/,Products List,,incabella-images\_site\IMG_3464-510x652@2x.jpg
https://www.incabella.co.uk/products-list/,Products List,,incabella-images\_site\IMG_9834.jpeg
https://www.incabella.co.uk/products-list/,Products List,,incabella-images\_site\IMG_9834.jpeg
https://www.incabella.co.uk/products-list/,Products List,,incabella-images\_site\IMG_9836.jpeg
https://www.incabella.co.uk/products-list/,Products List,,incabella-images\_site\IMG_9836.jpeg
https://www.incabella.co.uk/products-list/,Products List,,incabella-images\_site\IMG_7453.jpeg
https://www.incabella.co.uk/products-list/,Products List,,incabella-images\_site\IMG_7453.jpeg
https://www.incabella.co.uk/products-list/,Products List,,incabella-images\_site\image7.jpeg
https://www.incabella.co.uk/products-list/,Products List,,incabella-images\_site\image7.jpeg
https://www.incabella.co.uk/products-list/,Products List,,incabella-images\_site\IMG_1158.jpg
https://www.incabella.co.uk/products-list/,Products List,,incabella-images\_site\IMG_1158-190x243@2x.jpg
https://www.incabella.co.uk/products-list/,Products List,,incabella-images\_site\IMG_3519.jpg
https://www.incabella.co.uk/products-list/,Products List,,incabella-images\_site\IMG_3519-510x652@2x.jpg
https://www.incabella.co.uk/products-list/,Products List,,incabella-images\_site\IMG_6028.jpeg
https://www.incabella.co.uk/products-list/,Products List,,incabella-images\_site\IMG_6028.jpeg
https://www.incabella.co.uk/products-list/,Products List,,incabella-images\_site\IMG_7714.jpeg
https://www.incabella.co.uk/products-list/,Products List,,incabella-images\_site\IMG_7714.jpeg
https://www.incabella.co.uk/products-list/,Products List,,incabella-images\_site\IMG_5842-e1517833177128.jpg
https://www.incabella.co.uk/products-list/,Products List,,incabella-images\_site\IMG_5842-e1517833177128.jpg
https://www.incabella.co.uk/products-list/,Products List,,incabella-images\_site\IMG_5841-e1517832558639.jpg
https://www.incabella.co.uk/products-list/,Products List,,incabella-images\_site\IMG_5841-e1517832558639.jpg
https://www.incabella.co.uk/products-list/,Products List,,incabella-images\_site\fullsizeoutput_50c2.jpeg
https://www.incabella.co.uk/products-list/,Products List,,incabella-images\_site\fullsizeoutput_50c2.jpeg
https://www.incabella.co.uk/products-list/,Products List,,incabella-images\_site\IMG_6448-e1520889491374.jpg
https://www.incabella.co.uk/products-list/,Products List,,incabella-images\_site\IMG_6448-e1520889491374.jpg
https://www.incabella.co.uk/products-list/,Products List,,incabella-images\_site\IMG_3750.jpg
https://www.incabella.co.uk/products-list/,Products List,,incabella-images\_site\IMG_3750.jpg
https://www.incabella.co.uk/products-list/,Products List,,incabella-images\_site\IMG_3812.jpg
https://www.incabella.co.uk/products-list/,Products List,,incabella-images\_site\IMG_3812.jpg
https://www.incabella.co.uk/products-list/,Products List,,incabella-images\_site\b05315a3-fc65-4b83-b1a7-61741248a692.jpeg
https://www.incabella.co.uk/products-list/,Products List,,incabella-images\_site\b05315a3-fc65-4b83-b1a7-61741248a692.jpeg
https://www.incabella.co.uk/products-list/,Products List,,incabella-images\_site\IMG_9709.jpeg
https://www.incabella.co.uk/products-list/,Products List,,incabella-images\_site\IMG_9709.jpeg
https://www.incabella.co.uk/products-list/,Products List,,incabella-images\_site\8327bd708a67d45dc7f6637f3e61ffa5.jpg
https://www.incabella.co.uk/products-list/,Products List,,incabella-images\_site\8327bd708a67d45dc7f6637f3e61ffa5.jpg
https://www.incabella.co.uk/products-list/,Products List,,incabella-images\_site\IMG_7955.jpeg
https://www.incabella.co.uk/products-list/,Products List,,incabella-images\_site\IMG_7955.jpeg
https://www.incabella.co.uk/products-list/,Products List,,incabella-images\_site\IMG_0545.jpeg
https://www.incabella.co.uk/products-list/,Products List,,incabella-images\_site\IMG_0545.jpeg
https://www.incabella.co.uk/products-list/,Products List,,incabella-images\_site\8327bd708a67d45dc7f6637f3e61ffa5.jpg
https://www.incabella.co.uk/products-list/,Products List,,incabella-images\_site\8327bd708a67d45dc7f6637f3e61ffa5.jpg
https://www.incabella.co.uk/products-list/,Products List,,incabella-images\_site\IMG_7095.jpeg
https://www.incabella.co.uk/products-list/,Products List,,incabella-images\_site\IMG_7095.jpeg
https://www.incabella.co.uk/products-list/,Products List,,incabella-images\_site\6A9461D2-8C98-4412-BC65-4CDD37EF0A5D.jpeg
https://www.incabella.co.uk/products-list/,Products List,,incabella-images\_site\6A9461D2-8C98-4412-BC65-4CDD37EF0A5D.jpeg
https://www.incabella.co.uk/products-list/,Products List,,incabella-images\_site\98ebd4d6-1e80-4809-8c0c-3ed0fd5be5cb.jpeg
https://www.incabella.co.uk/products-list/,Products List,,incabella-images\_site\98ebd4d6-1e80-4809-8c0c-3ed0fd5be5cb.jpeg
https://www.incabella.co.uk/products-list/,Products List,,incabella-images\_site\d1e581ab-a335-4b30-be13-e33d78466a50.jpeg
https://www.incabella.co.uk/products-list/,Products List,,incabella-images\_site\d1e581ab-a335-4b30-be13-e33d78466a50.jpeg
https://www.incabella.co.uk/products-list/,Products List,,incabella-images\_site\IMG_3120.jpg
https://www.incabella.co.uk/products-list/,Products List,,incabella-images\_site\IMG_3120-510x652@2x.jpg
https://www.incabella.co.uk/products-list/,Products List,,incabella-images\_site\IMG_3119.jpg
https://www.incabella.co.uk/products-list/,Products List,,incabella-images\_site\IMG_3119-510x652@2x.jpg
https://www.incabella.co.uk/products-list/,Products List,,incabella-images\_site\IMG_7145.jpeg
https://www.incabella.co.uk/products-list/,Products List,,incabella-images\_site\IMG_7145.jpeg
https://www.incabella.co.uk/products-list/,Products List,,incabella-images\_site\IMG_7533.jpeg
https://www.incabella.co.uk/products-list/,Products List,,incabella-images\_site\IMG_7533.jpeg
https://www.incabella.co.uk/products-list/,Products List,,incabella-images\_site\IMG_8311.jpeg
https://www.incabella.co.uk/products-list/,Products List,,incabella-images\_site\IMG_8311.jpeg
https://www.incabella.co.uk/products-list/,Products List,,incabella-images\_site\IMG_3724.jpeg
https://www.incabella.co.uk/products-list/,Products List,,incabella-images\_site\IMG_3724.jpeg
https://www.incabella.co.uk/products-list/,Products List,,incabella-images\_site\Sparkling-Silver-T-Light-20000102-A_20765.jpeg
https://www.incabella.co.uk/products-list/,Products List,,incabella-images\_site\Sparkling-Silver-T-Light-20000102-A_20765.jpeg
https://www.incabella.co.uk/products-list/,Products List,,incabella-images\_site\Sparkling-Silver-T-Light-Holder-IMG_4275.jpeg
https://www.incabella.co.uk/products-list/,Products List,,incabella-images\_site\Sparkling-Silver-T-Light-Holder-IMG_4275.jpeg
https://www.incabella.co.uk/products-list/,Products List,,incabella-images\_site\Sparkling-Silver-T-Light-20000102-A_20765.jpeg
https://www.incabella.co.uk/products-list/,Products List,,incabella-images\_site\Sparkling-Silver-T-Light-20000102-A_20765.jpeg
https://www.incabella.co.uk/products-list/,Products List,,incabella-images\_site\Sparkling-Silver-T-Light-Holder-IMG_4275.jpeg
https://www.incabella.co.uk/products-list/,Products List,,incabella-images\_site\Sparkling-Silver-T-Light-Holder-IMG_4275.jpeg
https://www.incabella.co.uk/products-list/,Products List,,incabella-images\_site\25AB7D13-7599-412B-B88E-B43BB927A3F8.jpeg
https://www.incabella.co.uk/products-list/,Products List,,incabella-images\_site\25AB7D13-7599-412B-B88E-B43BB927A3F8.jpeg
https://www.incabella.co.uk/products-list/,Products List,,incabella-images\_site\IMG_4492.jpg
https://www.incabella.co.uk/products-list/,Products List,,incabella-images\_site\IMG_4492.jpg
https://www.incabella.co.uk/products-list/,Products List,,incabella-images\_site\image10.jpeg
https://www.incabella.co.uk/products-list/,Products List,,incabella-images\_site\image10.jpeg
https://www.incabella.co.uk/products-list/,Products List,,incabella-images\_site\20473090a409721a3a4007908b32130e.jpg
https://www.incabella.co.uk/products-list/,Products List,,incabella-images\_site\20473090a409721a3a4007908b32130e.jpg
https://www.incabella.co.uk/products-list/,Products List,,incabella-images\_site\IB-sets-of-games-images-no-chess.jpg
https://www.incabella.co.uk/products-list/,Products List,,incabella-images\_site\IB-sets-of-games-images-no-chess.jpg
https://www.incabella.co.uk/products-list/,Products List,,incabella-images\_site\UG304-P-Tumble-Tower-Pine-7700.png
https://www.incabella.co.uk/products-list/,Products List,,incabella-images\_site\UG304-P-Tumble-Tower-Pine-7700.png
https://www.incabella.co.uk/products-list/,Products List,,incabella-images\_site\IB-sets-of-games-images.jpg
https://www.incabella.co.uk/products-list/,Products List,,incabella-images\_site\IB-sets-of-games-images.jpg
https://www.incabella.co.uk/products-list/,Products List,,incabella-images\_site\giant-outdoor-chess.jpg
https://www.incabella.co.uk/products-list/,Products List,,incabella-images\_site\giant-outdoor-chess.jpg
https://www.incabella.co.uk/products-list/,Products List,,incabella-images\_site\sana-storm-lantern.jpg
https://www.incabella.co.uk/products-list/,Products List,,incabella-images\_site\sana-storm-lantern.jpg
https://www.incabella.co.uk/products-list/,Products List,,incabella-images\_site\A-FS-S-FS-A-SANA-STORM-LANTERN-SQ-7.jpeg
https://www.incabella.co.uk/products-list/,Products List,,incabella-images\_site\A-FS-S-FS-A-SANA-STORM-LANTERN-SQ-7.jpeg
https://www.incabella.co.uk/products-list/,Products List,,incabella-images\_site\IMG_4163.jpg
https://www.incabella.co.uk/products-list/,Products List,,incabella-images\_site\IMG_4163.jpg
https://www.incabella.co.uk/products-list/,Products List,,incabella-images\_site\IMG_4162-e1517836473472.jpg
https://www.incabella.co.uk/products-list/,Products List,,incabella-images\_site\IMG_4162-e1517836473472.jpg
https://www.incabella.co.uk/products-list/,Products List,,incabella-images\_site\IMG_7149.jpeg
https://www.incabella.co.uk/products-list/,Products List,,incabella-images\_site\IMG_7149.jpeg
https://www.incabella.co.uk/products-list/,Products List,,incabella-images\_site\E57C0BFC-9306-42C5-8AE4-7F77EFE434AA.jpeg
https://www.incabella.co.uk/products-list/,Products List,,incabella-images\_site\E57C0BFC-9306-42C5-8AE4-7F77EFE434AA.jpeg
https://www.incabella.co.uk/products-list/,Products List,,incabella-images\_site\IMG_1673.jpg
https://www.incabella.co.uk/products-list/,Products List,,incabella-images\_site\IMG_1673-510x652@2x.jpg
https://www.incabella.co.uk/products-list/,Products List,,incabella-images\_site\4600494.jpg
https://www.incabella.co.uk/products-list/,Products List,,incabella-images\_site\4600494-114x145@2x.jpg
https://www.incabella.co.uk/products-list/,Products List,,incabella-images\_site\IMG_0946.jpeg
https://www.incabella.co.uk/products-list/,Products List,,incabella-images\_site\IMG_0946.jpeg
https://www.incabella.co.uk/products-list/,Products List,,incabella-images\_site\lantern-wrope-hndl-h250x180mm-gls-grey.jpeg
https://www.incabella.co.uk/products-list/,Products List,,incabella-images\_site\lantern-wrope-hndl-h250x180mm-gls-grey.jpeg
https://www.incabella.co.uk/products-list/,Products List,,incabella-images\_site\5d6ad4c0-13bc-479b-8b50-cfe64523502e.jpeg
https://www.incabella.co.uk/products-list/,Products List,,incabella-images\_site\5d6ad4c0-13bc-479b-8b50-cfe64523502e.jpeg
https://www.incabella.co.uk/products-list/,Products List,,incabella-images\_site\fullsizeoutput_5ff9.jpeg
https://www.incabella.co.uk/products-list/,Products List,,incabella-images\_site\fullsizeoutput_5ff9.jpeg
https://www.incabella.co.uk/products-list/,Products List,,incabella-images\_site\IMG_3512.jpg
https://www.incabella.co.uk/products-list/,Products List,,incabella-images\_site\IMG_3512-510x652@2x.jpg
https://www.incabella.co.uk/products-list/,Products List,,incabella-images\_site\IMG_2614.jpg
https://www.incabella.co.uk/products-list/,Products List,,incabella-images\_site\IMG_2614-510x652@2x.jpg
https://www.incabella.co.uk/products-list/,Products List,,incabella-images\_site\IMG_9587.jpeg
https://www.incabella.co.uk/products-list/,Products List,,incabella-images\_site\IMG_9587.jpeg
https://www.incabella.co.uk/products-list/,Products List,,incabella-images\_site\IMG_9583.jpeg
https://www.incabella.co.uk/products-list/,Products List,,incabella-images\_site\IMG_9583.jpeg
https://www.incabella.co.uk/products-list/,Products List,,incabella-images\_site\IMG_4084.jpeg
https://www.incabella.co.uk/products-list/,Products List,,incabella-images\_site\IMG_4084.jpeg
https://www.incabella.co.uk/products-list/,Products List,,incabella-images\_site\IMG_3684.jpeg
https://www.incabella.co.uk/products-list/,Products List,,incabella-images\_site\IMG_3684.jpeg
https://www.incabella.co.uk/products-list/,Products List,,incabella-images\_site\29329CBA-9791-4C5A-9FA8-1596D8E787E6.jpeg
https://www.incabella.co.uk/products-list/,Products List,,incabella-images\_site\29329CBA-9791-4C5A-9FA8-1596D8E787E6.jpeg
https://www.incabella.co.uk/products-list/,Products List,,incabella-images\_site\A7EF519C-3D41-4840-81D8-93E282E1606F.jpeg
https://www.incabella.co.uk/products-list/,Products List,,incabella-images\_site\A7EF519C-3D41-4840-81D8-93E282E1606F.jpeg
https://www.incabella.co.uk/products-list/,Products List,,incabella-images\_site\IMG_4217-e1615561069483.jpg
https://www.incabella.co.uk/products-list/,Products List,,incabella-images\_site\IMG_4217-e1615561069483.jpg
https://www.incabella.co.uk/products-list/,Products List,,incabella-images\_site\IMG_5159-e1615638036380.jpg
https://www.incabella.co.uk/products-list/,Products List,,incabella-images\_site\IMG_5159-e1615638036380.jpg
https://www.incabella.co.uk/products-list/,Products List,,incabella-images\_site\IMG_7140.jpeg
https://www.incabella.co.uk/products-list/,Products List,,incabella-images\_site\IMG_7140.jpeg
https://www.incabella.co.uk/products-list/,Products List,,incabella-images\_site\0ECE9A96-8D21-45B5-99FA-412A2590D4A7.jpeg
https://www.incabella.co.uk/products-list/,Products List,,incabella-images\_site\0ECE9A96-8D21-45B5-99FA-412A2590D4A7.jpeg
https://www.incabella.co.uk/products-list/,Products List,,incabella-images\_site\IMG_4803.jpg
https://www.incabella.co.uk/products-list/,Products List,,incabella-images\_site\IMG_4803-510x652@2x.jpg
https://www.incabella.co.uk/products-list/,Products List,,incabella-images\_site\IMG_4803.jpg
https://www.incabella.co.uk/products-list/,Products List,,incabella-images\_site\IMG_4803-510x652@2x.jpg
https://www.incabella.co.uk/products-list/,Products List,,incabella-images\_site\880A161C-0A42-4AD4-99AC-5E53B5188CE4.jpeg
https://www.incabella.co.uk/products-list/,Products List,,incabella-images\_site\880A161C-0A42-4AD4-99AC-5E53B5188CE4.jpeg
https://www.incabella.co.uk/products-list/,Products List,,incabella-images\_site\6A35E8F8-C756-4D74-A18D-9532A67C0D46.jpeg
https://www.incabella.co.uk/products-list/,Products List,,incabella-images\_site\6A35E8F8-C756-4D74-A18D-9532A67C0D46.jpeg
https://www.incabella.co.uk/products-list/,Products List,,incabella-images\_site\IMG_1970.jpg
https://www.incabella.co.uk/products-list/,Products List,,incabella-images\_site\IMG_1970-510x652@2x.jpg
https://www.incabella.co.uk/products-list/,Products List,,incabella-images\_site\Image-3.jpg
https://www.incabella.co.uk/products-list/,Products List,,incabella-images\_site\Image-3-510x652@2x.jpg
https://www.incabella.co.uk/products-list/,Products List,,incabella-images\_site\Amy-David-88.jpg
https://www.incabella.co.uk/products-list/,Products List,,incabella-images\_site\Amy-David-88.jpg
https://www.incabella.co.uk/products-list/,Products List,,incabella-images\_site\Jayne-Chris-wedding-for-Lucy-0004.jpg
https://www.incabella.co.uk/products-list/,Products List,,incabella-images\_site\Jayne-Chris-wedding-for-Lucy-0004.jpg
https://www.incabella.co.uk/products-list/,Products List,,incabella-images\_site\Image.jpg
https://www.incabella.co.uk/products-list/,Products List,,incabella-images\_site\Image.jpg
https://www.incabella.co.uk/products-list/,Products List,,incabella-images\_site\IMG_9301.jpg
https://www.incabella.co.uk/products-list/,Products List,,incabella-images\_site\IMG_9301-510x652@2x.jpg
https://www.incabella.co.uk/products-list/,Products List,,incabella-images\_site\2B86C02D-B992-47FD-8154-292F2FE7C354.jpeg
https://www.incabella.co.uk/products-list/,Products List,,incabella-images\_site\2B86C02D-B992-47FD-8154-292F2FE7C354.jpeg
https://www.incabella.co.uk/products-list/,Products List,,incabella-images\_site\2B86C02D-B992-47FD-8154-292F2FE7C354.jpeg
https://www.incabella.co.uk/products-list/,Products List,,incabella-images\_site\2B86C02D-B992-47FD-8154-292F2FE7C354.jpeg
https://www.incabella.co.uk/products-list/,Products List,,incabella-images\_site\IMG_7450.jpeg
https://www.incabella.co.uk/products-list/,Products List,,incabella-images\_site\IMG_7450.jpeg
https://www.incabella.co.uk/products-list/,Products List,,incabella-images\_site\IMG_1085.jpg
https://www.incabella.co.uk/products-list/,Products List,,incabella-images\_site\IMG_1085-510x652@2x.jpg
https://www.incabella.co.uk/products-list/,Products List,,incabella-images\_site\IMG_3039.jpg
https://www.incabella.co.uk/products-list/,Products List,,incabella-images\_site\IMG_3039-114x145@2x.jpg
https://www.incabella.co.uk/products-list/,Products List,,incabella-images\_site\IMG_3043.jpg
https://www.incabella.co.uk/products-list/,Products List,,incabella-images\_site\IMG_3043-190x243@2x.jpg
https://www.incabella.co.uk/products-list/,Products List,,incabella-images\products-list\IMG_3724.jpg
https://www.incabella.co.uk/products-list/,Products List,,incabella-images\products-list\IMG_3724.jpg
https://www.incabella.co.uk/products-list/,Products List,,incabella-images\products-list\IMG_1167.jpg
https://www.incabella.co.uk/products-list/,Products List,,incabella-images\products-list\IMG_1167-190x243@2x.jpg
https://www.incabella.co.uk/products-list/,Products List,,incabella-images\_site\IMG_1709.jpg
https://www.incabella.co.uk/products-list/,Products List,,incabella-images\_site\IMG_1709-510x652@2x.jpg
https://www.incabella.co.uk/products-list/,Products List,,incabella-images\_site\tlt-hld-wbells-h80mm-clr-gls.jpeg
https://www.incabella.co.uk/products-list/,Products List,,incabella-images\_site\tlt-hld-wbells-h80mm-clr-gls.jpeg
https://www.incabella.co.uk/products-list/,Products List,,incabella-images\_site\hanging-heart-tea-light-holder.jpeg
https://www.incabella.co.uk/products-list/,Products List,,incabella-images\_site\hanging-heart-tea-light-holder.jpeg
https://www.incabella.co.uk/products-list/,Products List,,incabella-images\_site\hanging-heart-tea-light-holder.jpeg
https://www.incabella.co.uk/products-list/,Products List,,incabella-images\_site\hanging-heart-tea-light-holder.jpeg
https://www.incabella.co.uk/products-list/,Products List,,incabella-images\_site\IMG_7953.jpeg
https://www.incabella.co.uk/products-list/,Products List,,incabella-images\_site\IMG_7953.jpeg
https://www.incabella.co.uk/products-list/,Products List,,incabella-images\_site\873F2BAE-D7E1-4031-9F1F-6913BD571894.jpeg
https://www.incabella.co.uk/products-list/,Products List,,incabella-images\_site\873F2BAE-D7E1-4031-9F1F-6913BD571894.jpeg
https://www.incabella.co.uk/products-list/,Products List,,incabella-images\_site\IMG_1684.jpeg
https://www.incabella.co.uk/products-list/,Products List,,incabella-images\_site\IMG_1684.jpeg
https://www.incabella.co.uk/products-list/,Products List,,incabella-images\_site\621943C4-766A-4041-A514-A62C4C49CE51-1.jpeg
https://www.incabella.co.uk/products-list/,Products List,,incabella-images\_site\621943C4-766A-4041-A514-A62C4C49CE51-1.jpeg
https://www.incabella.co.uk/products-list/,Products List,,incabella-images\_site\IMG_9834.jpeg
https://www.incabella.co.uk/products-list/,Products List,,incabella-images\_site\IMG_9834.jpeg
https://www.incabella.co.uk/products-list/,Products List,,incabella-images\_site\IMG_9836.jpeg
https://www.incabella.co.uk/products-list/,Products List,,incabella-images\_site\IMG_9836.jpeg
https://www.incabella.co.uk/products-list/,Products List,,incabella-images\_site\IB-sets-of-games-images.jpg
https://www.incabella.co.uk/products-list/,Products List,,incabella-images\_site\IB-sets-of-games-images.jpg
https://www.incabella.co.uk/products-list/,Products List,,incabella-images\_site\giant-outdoor-chess.jpg
https://www.incabella.co.uk/products-list/,Products List,,incabella-images\_site\giant-outdoor-chess.jpg
https://www.incabella.co.uk/products-list/,Products List,,incabella-images\_site\EL-ES-APR-2022-0435.jpg
https://www.incabella.co.uk/products-list/,Products List,,incabella-images\_site\EL-ES-APR-2022-0435.jpg
https://www.incabella.co.uk/products-list/,Products List,,incabella-images\_site\IMG_0520.jpeg
https://www.incabella.co.uk/products-list/,Products List,,incabella-images\_site\IMG_0520.jpeg
https://www.incabella.co.uk/products-list/,Products List,,incabella-images\_site\EL-ES-APR-2022-0435.jpg
https://www.incabella.co.uk/products-list/,Products List,,incabella-images\_site\EL-ES-APR-2022-0435.jpg
https://www.incabella.co.uk/products-list/,Products List,,incabella-images\_site\IMG_0520.jpeg
https://www.incabella.co.uk/products-list/,Products List,,incabella-images\_site\IMG_0520.jpeg
https://www.incabella.co.uk/products-list/,Products List,,incabella-images\_site\DSC_2443-600x398_c.jpg
https://www.incabella.co.uk/products-list/,Products List,,incabella-images\_site\DSC_2443-600x398_c-114x145@2x.jpg
https://www.incabella.co.uk/products-list/,Products List,,incabella-images\_site\IMG_1713.jpg
https://www.incabella.co.uk/products-list/,Products List,,incabella-images\_site\IMG_1713-510x652@2x.jpg
https://www.incabella.co.uk/products-list/,Products List,,incabella-images\products-list\IMG_3283.jpeg
https://www.incabella.co.uk/products-list/,Products List,,incabella-images\products-list\IMG_3283.jpeg
https://www.incabella.co.uk/products-list/,Products List,,incabella-images\products-list\IMG_3292.jpeg
https://www.incabella.co.uk/products-list/,Products List,,incabella-images\products-list\IMG_3292.jpeg
https://www.incabella.co.uk/products-list/,Products List,,incabella-images\_site\IMG_3468.jpg
https://www.incabella.co.uk/products-list/,Products List,,incabella-images\_site\IMG_3468-510x652@2x.jpg
https://www.incabella.co.uk/products-list/,Products List,,incabella-images\_site\IMG_3464.jpg
https://www.incabella.co.uk/products-list/,Products List,,incabella-images\_site\IMG_3464-510x652@2x.jpg
https://www.incabella.co.uk/products-list/,Products List,,incabella-images\_site\english-country-bunting.jpg
https://www.incabella.co.uk/products-list/,Products List,,incabella-images\_site\english-country-bunting-114x145@2x.jpg
https://www.incabella.co.uk/products-list/,Products List,,incabella-images\_site\english-country-bunting.jpg
https://www.incabella.co.uk/products-list/,Products List,,incabella-images\_site\english-country-bunting-114x145@2x.jpg
https://www.incabella.co.uk/products-list/,Products List,,incabella-images\_site\IMG_E1342.jpg
https://www.incabella.co.uk/products-list/,Products List,,incabella-images\_site\IMG_E1342.jpg
https://www.incabella.co.uk/products-list/,Products List,,incabella-images\_site\clear-glass-hurricane-lantern.jpeg
https://www.incabella.co.uk/products-list/,Products List,,incabella-images\_site\clear-glass-hurricane-lantern.jpeg
https://www.incabella.co.uk/products-list/,Products List,,incabella-images\_site\EL-ES-APR-2022-0435.jpg
https://www.incabella.co.uk/products-list/,Products List,,incabella-images\_site\EL-ES-APR-2022-0435.jpg
https://www.incabella.co.uk/products-list/,Products List,,incabella-images\_site\IMG_0520.jpeg
https://www.incabella.co.uk/products-list/,Products List,,incabella-images\_site\IMG_0520.jpeg
https://www.incabella.co.uk/products-list/,Products List,,incabella-images\_site\IMG_3706.jpeg
https://www.incabella.co.uk/products-list/,Products List,,incabella-images\_site\IMG_3706.jpeg
https://www.incabella.co.uk/products-list/,Products List,,incabella-images\_site\d6d39674-1f5e-4f28-bd68-087445415a70-2.jpg
https://www.incabella.co.uk/products-list/,Products List,,incabella-images\_site\d6d39674-1f5e-4f28-bd68-087445415a70-2.jpg
https://www.incabella.co.uk/products-list/,Products List,,incabella-images\_site\IMG_2205.jpg
https://www.incabella.co.uk/products-list/,Products List,,incabella-images\_site\IMG_2205-510x652@2x.jpg
https://www.incabella.co.uk/products-list/,Products List,,incabella-images\_site\IMG_2203.jpg
https://www.incabella.co.uk/products-list/,Products List,,incabella-images\_site\IMG_2203-510x652@2x.jpg
https://www.incabella.co.uk/products-list/,Products List,,incabella-images\_site\IMG_0442.jpg
https://www.incabella.co.uk/products-list/,Products List,,incabella-images\_site\IMG_0442.jpg
https://www.incabella.co.uk/products-list/,Products List,,incabella-images\_site\IMG_0454.jpg
https://www.incabella.co.uk/products-list/,Products List,,incabella-images\_site\IMG_0454.jpg
https://www.incabella.co.uk/products-list/,Products List,,incabella-images\_site\IMG_8203-e1549817586734.jpg
https://www.incabella.co.uk/products-list/,Products List,,incabella-images\_site\IMG_8203-e1549817586734.jpg
https://www.incabella.co.uk/products-list/,Products List,,incabella-images\_site\IMG_8203-e1549817586734.jpg
https://www.incabella.co.uk/products-list/,Products List,,incabella-images\_site\IMG_8203-e1549817586734.jpg
https://www.incabella.co.uk/products-list/,Products List,,incabella-images\_site\EL-ES-APR-2022-0358.jpeg
https://www.incabella.co.uk/products-list/,Products List,,incabella-images\_site\EL-ES-APR-2022-0358.jpeg
https://www.incabella.co.uk/products-list/,Products List,,incabella-images\_site\31814EA0-7BDD-4917-9473-9F2F44BA7DBD.jpeg
https://www.incabella.co.uk/products-list/,Products List,,incabella-images\_site\31814EA0-7BDD-4917-9473-9F2F44BA7DBD.jpeg
https://www.incabella.co.uk/products-list/,Products List,,incabella-images\_site\IncaBella_logo_02.png
https://www.incabella.co.uk/decorations/,Lanterns & Decorations,,incabella-images\_site\IncaBella_logo_02.png
https://www.incabella.co.uk/decorations/,Lanterns & Decorations,,incabella-images\_site\98ebd4d6-1e80-4809-8c0c-3ed0fd5be5cb.jpeg
https://www.incabella.co.uk/decorations/,Lanterns & Decorations,,incabella-images\_site\98ebd4d6-1e80-4809-8c0c-3ed0fd5be5cb.jpeg
https://www.incabella.co.uk/decorations/,Lanterns & Decorations,,incabella-images\_site\d1e581ab-a335-4b30-be13-e33d78466a50.jpeg
https://www.incabella.co.uk/decorations/,Lanterns & Decorations,,incabella-images\_site\d1e581ab-a335-4b30-be13-e33d78466a50.jpeg
https://www.incabella.co.uk/decorations/,Lanterns & Decorations,,incabella-images\_site\EL-ES-APR-2022-0435.jpg
https://www.incabella.co.uk/decorations/,Lanterns & Decorations,,incabella-images\_site\EL-ES-APR-2022-0435.jpg
https://www.incabella.co.uk/decorations/,Lanterns & Decorations,,incabella-images\_site\IMG_0520.jpeg
https://www.incabella.co.uk/decorations/,Lanterns & Decorations,,incabella-images\_site\IMG_0520.jpeg
https://www.incabella.co.uk/decorations/,Lanterns & Decorations,,incabella-images\_site\8327bd708a67d45dc7f6637f3e61ffa5.jpg
https://www.incabella.co.uk/decorations/,Lanterns & Decorations,,incabella-images\_site\8327bd708a67d45dc7f6637f3e61ffa5.jpg
https://www.incabella.co.uk/decorations/,Lanterns & Decorations,,incabella-images\_site\IMG_7955.jpeg
https://www.incabella.co.uk/decorations/,Lanterns & Decorations,,incabella-images\_site\IMG_7955.jpeg
https://www.incabella.co.uk/decorations/,Lanterns & Decorations,,incabella-images\_site\IMG_9587.jpeg
https://www.incabella.co.uk/decorations/,Lanterns & Decorations,,incabella-images\_site\IMG_9587.jpeg
https://www.incabella.co.uk/decorations/,Lanterns & Decorations,,incabella-images\_site\IMG_9583.jpeg
https://www.incabella.co.uk/decorations/,Lanterns & Decorations,,incabella-images\_site\IMG_9583.jpeg
https://www.incabella.co.uk/decorations/,Lanterns & Decorations,,incabella-images\_site\IMG_6028.jpeg
https://www.incabella.co.uk/decorations/,Lanterns & Decorations,,incabella-images\_site\IMG_6028.jpeg
https://www.incabella.co.uk/decorations/,Lanterns & Decorations,,incabella-images\_site\IMG_7714.jpeg
https://www.incabella.co.uk/decorations/,Lanterns & Decorations,,incabella-images\_site\IMG_7714.jpeg
https://www.incabella.co.uk/decorations/,Lanterns & Decorations,,incabella-images\_site\b05315a3-fc65-4b83-b1a7-61741248a692.jpeg
https://www.incabella.co.uk/decorations/,Lanterns & Decorations,,incabella-images\_site\b05315a3-fc65-4b83-b1a7-61741248a692.jpeg
https://www.incabella.co.uk/decorations/,Lanterns & Decorations,,incabella-images\_site\IMG_9709.jpeg
https://www.incabella.co.uk/decorations/,Lanterns & Decorations,,incabella-images\_site\IMG_9709.jpeg
https://www.incabella.co.uk/decorations/,Lanterns & Decorations,,incabella-images\_site\EL-ES-APR-2022-0435.jpg
https://www.incabella.co.uk/decorations/,Lanterns & Decorations,,incabella-images\_site\EL-ES-APR-2022-0435.jpg
https://www.incabella.co.uk/decorations/,Lanterns & Decorations,,incabella-images\_site\IMG_0520.jpeg
https://www.incabella.co.uk/decorations/,Lanterns & Decorations,,incabella-images\_site\IMG_0520.jpeg
https://www.incabella.co.uk/decorations/,Lanterns & Decorations,,incabella-images\_site\IMG_4084.jpeg
https://www.incabella.co.uk/decorations/,Lanterns & Decorations,,incabella-images\_site\IMG_4084.jpeg
https://www.incabella.co.uk/decorations/,Lanterns & Decorations,,incabella-images\_site\IMG_3684.jpeg
https://www.incabella.co.uk/decorations/,Lanterns & Decorations,,incabella-images\_site\IMG_3684.jpeg
https://www.incabella.co.uk/decorations/,Lanterns & Decorations,,incabella-images\_site\IMG_7145.jpeg
https://www.incabella.co.uk/decorations/,Lanterns & Decorations,,incabella-images\_site\IMG_7145.jpeg
https://www.incabella.co.uk/decorations/,Lanterns & Decorations,,incabella-images\_site\IMG_7533.jpeg
https://www.incabella.co.uk/decorations/,Lanterns & Decorations,,incabella-images\_site\IMG_7533.jpeg
https://www.incabella.co.uk/decorations/,Lanterns & Decorations,,incabella-images\_site\880A161C-0A42-4AD4-99AC-5E53B5188CE4.jpeg
https://www.incabella.co.uk/decorations/,Lanterns & Decorations,,incabella-images\_site\880A161C-0A42-4AD4-99AC-5E53B5188CE4.jpeg
https://www.incabella.co.uk/decorations/,Lanterns & Decorations,,incabella-images\_site\6A35E8F8-C756-4D74-A18D-9532A67C0D46.jpeg
https://www.incabella.co.uk/decorations/,Lanterns & Decorations,,incabella-images\_site\6A35E8F8-C756-4D74-A18D-9532A67C0D46.jpeg
https://www.incabella.co.uk/decorations/,Lanterns & Decorations,,incabella-images\_site\IMG_0442.jpg
https://www.incabella.co.uk/decorations/,Lanterns & Decorations,,incabella-images\_site\IMG_0442.jpg
https://www.incabella.co.uk/decorations/,Lanterns & Decorations,,incabella-images\_site\IMG_0454.jpg
https://www.incabella.co.uk/decorations/,Lanterns & Decorations,,incabella-images\_site\IMG_0454.jpg
https://www.incabella.co.uk/decorations/,Lanterns & Decorations,,incabella-images\_site\IMG_7149.jpeg
https://www.incabella.co.uk/decorations/,Lanterns & Decorations,,incabella-images\_site\IMG_7149.jpeg
https://www.incabella.co.uk/decorations/,Lanterns & Decorations,,incabella-images\_site\E57C0BFC-9306-42C5-8AE4-7F77EFE434AA.jpeg
https://www.incabella.co.uk/decorations/,Lanterns & Decorations,,incabella-images\_site\E57C0BFC-9306-42C5-8AE4-7F77EFE434AA.jpeg
https://www.incabella.co.uk/decorations/,Lanterns & Decorations,,incabella-images\_site\EL-ES-APR-2022-0358.jpeg
https://www.incabella.co.uk/decorations/,Lanterns & Decorations,,incabella-images\_site\EL-ES-APR-2022-0358.jpeg
https://www.incabella.co.uk/decorations/,Lanterns & Decorations,,incabella-images\_site\31814EA0-7BDD-4917-9473-9F2F44BA7DBD.jpeg
https://www.incabella.co.uk/decorations/,Lanterns & Decorations,,incabella-images\_site\31814EA0-7BDD-4917-9473-9F2F44BA7DBD.jpeg
https://www.incabella.co.uk/decorations/,Lanterns & Decorations,,incabella-images\_site\IMG_0545.jpeg
https://www.incabella.co.uk/decorations/,Lanterns & Decorations,,incabella-images\_site\IMG_0545.jpeg
https://www.incabella.co.uk/decorations/,Lanterns & Decorations,,incabella-images\_site\8327bd708a67d45dc7f6637f3e61ffa5.jpg
https://www.incabella.co.uk/decorations/,Lanterns & Decorations,,incabella-images\_site\8327bd708a67d45dc7f6637f3e61ffa5.jpg
https://www.incabella.co.uk/decorations/,Lanterns & Decorations,,incabella-images\_site\IMG_1684.jpeg
https://www.incabella.co.uk/decorations/,Lanterns & Decorations,,incabella-images\_site\IMG_1684.jpeg
https://www.incabella.co.uk/decorations/,Lanterns & Decorations,,incabella-images\_site\621943C4-766A-4041-A514-A62C4C49CE51-1.jpeg
https://www.incabella.co.uk/decorations/,Lanterns & Decorations,,incabella-images\_site\621943C4-766A-4041-A514-A62C4C49CE51-1.jpeg
https://www.incabella.co.uk/decorations/,Lanterns & Decorations,,incabella-images\_site\29329CBA-9791-4C5A-9FA8-1596D8E787E6.jpeg
https://www.incabella.co.uk/decorations/,Lanterns & Decorations,,incabella-images\_site\29329CBA-9791-4C5A-9FA8-1596D8E787E6.jpeg
https://www.incabella.co.uk/decorations/,Lanterns & Decorations,,incabella-images\_site\A7EF519C-3D41-4840-81D8-93E282E1606F.jpeg
https://www.incabella.co.uk/decorations/,Lanterns & Decorations,,incabella-images\_site\A7EF519C-3D41-4840-81D8-93E282E1606F.jpeg
https://www.incabella.co.uk/decorations/,Lanterns & Decorations,,incabella-images\_site\IMG_7095.jpeg
https://www.incabella.co.uk/decorations/,Lanterns & Decorations,,incabella-images\_site\IMG_7095.jpeg
https://www.incabella.co.uk/decorations/,Lanterns & Decorations,,incabella-images\_site\6A9461D2-8C98-4412-BC65-4CDD37EF0A5D.jpeg
https://www.incabella.co.uk/decorations/,Lanterns & Decorations,,incabella-images\_site\6A9461D2-8C98-4412-BC65-4CDD37EF0A5D.jpeg
https://www.incabella.co.uk/decorations/,Lanterns & Decorations,,incabella-images\_site\IMG_7140.jpeg
https://www.incabella.co.uk/decorations/,Lanterns & Decorations,,incabella-images\_site\IMG_7140.jpeg
https://www.incabella.co.uk/decorations/,Lanterns & Decorations,,incabella-images\_site\0ECE9A96-8D21-45B5-99FA-412A2590D4A7.jpeg
https://www.incabella.co.uk/decorations/,Lanterns & Decorations,,incabella-images\_site\0ECE9A96-8D21-45B5-99FA-412A2590D4A7.jpeg
https://www.incabella.co.uk/decorations/,Lanterns & Decorations,,incabella-images\_site\IMG_7953.jpeg
https://www.incabella.co.uk/decorations/,Lanterns & Decorations,,incabella-images\_site\IMG_7953.jpeg
https://www.incabella.co.uk/decorations/,Lanterns & Decorations,,incabella-images\_site\873F2BAE-D7E1-4031-9F1F-6913BD571894.jpeg
https://www.incabella.co.uk/decorations/,Lanterns & Decorations,,incabella-images\_site\873F2BAE-D7E1-4031-9F1F-6913BD571894.jpeg
https://www.incabella.co.uk/decorations/,Lanterns & Decorations,,incabella-images\_site\Amy-David-88.jpg
https://www.incabella.co.uk/decorations/,Lanterns & Decorations,,incabella-images\_site\Amy-David-88.jpg
https://www.incabella.co.uk/decorations/,Lanterns & Decorations,,incabella-images\_site\Jayne-Chris-wedding-for-Lucy-0004.jpg
https://www.incabella.co.uk/decorations/,Lanterns & Decorations,,incabella-images\_site\Jayne-Chris-wedding-for-Lucy-0004.jpg
https://www.incabella.co.uk/decorations/,Lanterns & Decorations,,incabella-images\_site\IMG_4217-e1615561069483.jpg
https://www.incabella.co.uk/decorations/,Lanterns & Decorations,,incabella-images\_site\IMG_4217-e1615561069483.jpg
https://www.incabella.co.uk/decorations/,Lanterns & Decorations,,incabella-images\_site\IMG_5159-e1615638036380.jpg
https://www.incabella.co.uk/decorations/,Lanterns & Decorations,,incabella-images\_site\IMG_5159-e1615638036380.jpg
https://www.incabella.co.uk/decorations/,Lanterns & Decorations,,incabella-images\_site\EL-ES-APR-2022-0435.jpg
https://www.incabella.co.uk/decorations/,Lanterns & Decorations,,incabella-images\_site\EL-ES-APR-2022-0435.jpg
https://www.incabella.co.uk/decorations/,Lanterns & Decorations,,incabella-images\_site\IMG_0520.jpeg
https://www.incabella.co.uk/decorations/,Lanterns & Decorations,,incabella-images\_site\IMG_0520.jpeg
https://www.incabella.co.uk/decorations/,Lanterns & Decorations,,incabella-images\_site\2B86C02D-B992-47FD-8154-292F2FE7C354.jpeg
https://www.incabella.co.uk/decorations/,Lanterns & Decorations,,incabella-images\_site\2B86C02D-B992-47FD-8154-292F2FE7C354.jpeg
https://www.incabella.co.uk/decorations/,Lanterns & Decorations,,incabella-images\_site\2B86C02D-B992-47FD-8154-292F2FE7C354.jpeg
https://www.incabella.co.uk/decorations/,Lanterns & Decorations,,incabella-images\_site\2B86C02D-B992-47FD-8154-292F2FE7C354.jpeg
https://www.incabella.co.uk/decorations/,Lanterns & Decorations,,incabella-images\_site\IMG_8203-e1549817586734.jpg
https://www.incabella.co.uk/decorations/,Lanterns & Decorations,,incabella-images\_site\IMG_8203-e1549817586734.jpg
https://www.incabella.co.uk/decorations/,Lanterns & Decorations,,incabella-images\_site\IMG_8203-e1549817586734.jpg
https://www.incabella.co.uk/decorations/,Lanterns & Decorations,,incabella-images\_site\IMG_8203-e1549817586734.jpg
https://www.incabella.co.uk/decorations/,Lanterns & Decorations,,incabella-images\_site\IncaBella_logo_02.png
https://www.incabella.co.uk/product/table-centre-piece-package/,Table Centre Piece Package,,incabella-images\_site\IncaBella_logo_02.png
https://www.incabella.co.uk/product/table-centre-piece-package/,Table Centre Piece Package,,incabella-images\product_table-centre-piece-package\IMG_7095-scaled.jpeg
https://www.incabella.co.uk/product/table-centre-piece-package/,Table Centre Piece Package,,incabella-images\_site\IMG_7095.jpeg
https://www.incabella.co.uk/product/table-centre-piece-package/,Table Centre Piece Package,,incabella-images\_site\IMG_7095.jpeg
https://www.incabella.co.uk/product/table-centre-piece-package/,Table Centre Piece Package,,incabella-images\_site\6A9461D2-8C98-4412-BC65-4CDD37EF0A5D.jpeg
https://www.incabella.co.uk/product/table-centre-piece-package/,Table Centre Piece Package,,incabella-images\_site\6A9461D2-8C98-4412-BC65-4CDD37EF0A5D.jpeg
https://www.incabella.co.uk/product/table-centre-piece-package/,Table Centre Piece Package,,incabella-images\_site\6A9461D2-8C98-4412-BC65-4CDD37EF0A5D.jpeg
https://www.incabella.co.uk/product/table-centre-piece-package/,Table Centre Piece Package,,incabella-images\product_table-centre-piece-package\8C64A2DA-8016-431E-A8F4-04C616439665.jpeg
https://www.incabella.co.uk/product/table-centre-piece-package/,Table Centre Piece Package,,incabella-images\product_table-centre-piece-package\8C64A2DA-8016-431E-A8F4-04C616439665.jpeg
https://www.incabella.co.uk/product/table-centre-piece-package/,Table Centre Piece Package,,incabella-images\product_table-centre-piece-package\8C64A2DA-8016-431E-A8F4-04C616439665.jpeg
https://www.incabella.co.uk/product/table-centre-piece-package/,Table Centre Piece Package,,incabella-images\product_table-centre-piece-package\IMG_7096-scaled.jpeg
https://www.incabella.co.uk/product/table-centre-piece-package/,Table Centre Piece Package,,incabella-images\product_table-centre-piece-package\IMG_7096.jpeg
https://www.incabella.co.uk/product/table-centre-piece-package/,Table Centre Piece Package,,incabella-images\product_table-centre-piece-package\IMG_7096.jpeg
https://www.incabella.co.uk/product/table-centre-piece-package/,Table Centre Piece Package,,incabella-images\_site\IMG_7095.jpeg
https://www.incabella.co.uk/product/table-centre-piece-package/,Table Centre Piece Package,,incabella-images\_site\IMG_7095.jpeg
https://www.incabella.co.uk/product/table-centre-piece-package/,Table Centre Piece Package,,incabella-images\_site\6A9461D2-8C98-4412-BC65-4CDD37EF0A5D.jpeg
https://www.incabella.co.uk/product/table-centre-piece-package/,Table Centre Piece Package,,incabella-images\_site\6A9461D2-8C98-4412-BC65-4CDD37EF0A5D.jpeg
https://www.incabella.co.uk/product/table-centre-piece-package/,Table Centre Piece Package,,incabella-images\product_table-centre-piece-package\8C64A2DA-8016-431E-A8F4-04C616439665.jpeg
https://www.incabella.co.uk/product/table-centre-piece-package/,Table Centre Piece Package,,incabella-images\product_table-centre-piece-package\8C64A2DA-8016-431E-A8F4-04C616439665.jpeg
https://www.incabella.co.uk/product/table-centre-piece-package/,Table Centre Piece Package,,incabella-images\product_table-centre-piece-package\IMG_7096.jpeg
https://www.incabella.co.uk/product/table-centre-piece-package/,Table Centre Piece Package,,incabella-images\product_table-centre-piece-package\IMG_7096.jpeg
https://www.incabella.co.uk/product/table-centre-piece-package/,Table Centre Piece Package,,incabella-images\_site\sana-storm-lantern.jpg
https://www.incabella.co.uk/product/table-centre-piece-package/,Table Centre Piece Package,,incabella-images\_site\sana-storm-lantern.jpg
https://www.incabella.co.uk/product/table-centre-piece-package/,Table Centre Piece Package,,incabella-images\_site\A-FS-S-FS-A-SANA-STORM-LANTERN-SQ-7.jpeg
https://www.incabella.co.uk/product/table-centre-piece-package/,Table Centre Piece Package,,incabella-images\_site\A-FS-S-FS-A-SANA-STORM-LANTERN-SQ-7.jpeg
https://www.incabella.co.uk/product/table-centre-piece-package/,Table Centre Piece Package,,incabella-images\_site\Sparkling-Silver-T-Light-20000102-A_20765.jpeg
https://www.incabella.co.uk/product/table-centre-piece-package/,Table Centre Piece Package,,incabella-images\_site\Sparkling-Silver-T-Light-20000102-A_20765.jpeg
https://www.incabella.co.uk/product/table-centre-piece-package/,Table Centre Piece Package,,incabella-images\_site\Sparkling-Silver-T-Light-Holder-IMG_4275.jpeg
https://www.incabella.co.uk/product/table-centre-piece-package/,Table Centre Piece Package,,incabella-images\_site\Sparkling-Silver-T-Light-Holder-IMG_4275.jpeg
https://www.incabella.co.uk/product/table-centre-piece-package/,Table Centre Piece Package,,incabella-images\_site\Sparkling-Silver-T-Light-20000102-A_20765.jpeg
https://www.incabella.co.uk/product/table-centre-piece-package/,Table Centre Piece Package,,incabella-images\_site\Sparkling-Silver-T-Light-20000102-A_20765.jpeg
https://www.incabella.co.uk/product/table-centre-piece-package/,Table Centre Piece Package,,incabella-images\_site\Sparkling-Silver-T-Light-Holder-IMG_4275.jpeg
https://www.incabella.co.uk/product/table-centre-piece-package/,Table Centre Piece Package,,incabella-images\_site\Sparkling-Silver-T-Light-Holder-IMG_4275.jpeg
https://www.incabella.co.uk/product/table-centre-piece-package/,Table Centre Piece Package,,incabella-images\_site\IMG_E1342.jpg
https://www.incabella.co.uk/product/table-centre-piece-package/,Table Centre Piece Package,,incabella-images\_site\IMG_E1342.jpg
https://www.incabella.co.uk/product/table-centre-piece-package/,Table Centre Piece Package,,incabella-images\_site\clear-glass-hurricane-lantern.jpeg
https://www.incabella.co.uk/product/table-centre-piece-package/,Table Centre Piece Package,,incabella-images\_site\clear-glass-hurricane-lantern.jpeg
https://www.incabella.co.uk/product/table-centre-piece-package/,Table Centre Piece Package,,incabella-images\_site\IMG_0946.jpeg
https://www.incabella.co.uk/product/table-centre-piece-package/,Table Centre Piece Package,,incabella-images\_site\IMG_0946.jpeg
https://www.incabella.co.uk/product/table-centre-piece-package/,Table Centre Piece Package,,incabella-images\_site\lantern-wrope-hndl-h250x180mm-gls-grey.jpeg
https://www.incabella.co.uk/product/table-centre-piece-package/,Table Centre Piece Package,,incabella-images\_site\lantern-wrope-hndl-h250x180mm-gls-grey.jpeg
https://www.incabella.co.uk/product/table-centre-piece-package/,Table Centre Piece Package,,incabella-images\_site\hanging-heart-tea-light-holder.jpeg
https://www.incabella.co.uk/product/table-centre-piece-package/,Table Centre Piece Package,,incabella-images\_site\hanging-heart-tea-light-holder.jpeg
https://www.incabella.co.uk/product/table-centre-piece-package/,Table Centre Piece Package,,incabella-images\_site\hanging-heart-tea-light-holder.jpeg
https://www.incabella.co.uk/product/table-centre-piece-package/,Table Centre Piece Package,,incabella-images\_site\hanging-heart-tea-light-holder.jpeg
https://www.incabella.co.uk/product/table-centre-piece-package/,Table Centre Piece Package,,incabella-images\_site\IMG_1709.jpg
https://www.incabella.co.uk/product/table-centre-piece-package/,Table Centre Piece Package,,incabella-images\_site\IMG_1709-510x652@2x.jpg
https://www.incabella.co.uk/product/table-centre-piece-package/,Table Centre Piece Package,,incabella-images\_site\tlt-hld-wbells-h80mm-clr-gls.jpeg
https://www.incabella.co.uk/product/table-centre-piece-package/,Table Centre Piece Package,,incabella-images\_site\tlt-hld-wbells-h80mm-clr-gls.jpeg
https://www.incabella.co.uk/product/table-centre-piece-package/,Table Centre Piece Package,,incabella-images\_site\image10.jpeg
https://www.incabella.co.uk/product/table-centre-piece-package/,Table Centre Piece Package,,incabella-images\_site\image10.jpeg
https://www.incabella.co.uk/product/table-centre-piece-package/,Table Centre Piece Package,,incabella-images\_site\20473090a409721a3a4007908b32130e.jpg
https://www.incabella.co.uk/product/table-centre-piece-package/,Table Centre Piece Package,,incabella-images\_site\20473090a409721a3a4007908b32130e.jpg
https://www.incabella.co.uk/product/table-centre-piece-package/,Table Centre Piece Package,,incabella-images\_site\IMG_7953.jpeg
https://www.incabella.co.uk/product/table-centre-piece-package/,Table Centre Piece Package,,incabella-images\_site\IMG_7953.jpeg
https://www.incabella.co.uk/product/table-centre-piece-package/,Table Centre Piece Package,,incabella-images\_site\873F2BAE-D7E1-4031-9F1F-6913BD571894.jpeg
https://www.incabella.co.uk/product/table-centre-piece-package/,Table Centre Piece Package,,incabella-images\_site\873F2BAE-D7E1-4031-9F1F-6913BD571894.jpeg
https://www.incabella.co.uk/product/table-centre-piece-package/,Table Centre Piece Package,,incabella-images\_site\IMG_5842-e1517833177128.jpg
https://www.incabella.co.uk/product/table-centre-piece-package/,Table Centre Piece Package,,incabella-images\_site\IMG_5842-e1517833177128.jpg
https://www.incabella.co.uk/product/table-centre-piece-package/,Table Centre Piece Package,,incabella-images\_site\IMG_5841-e1517832558639.jpg
https://www.incabella.co.uk/product/table-centre-piece-package/,Table Centre Piece Package,,incabella-images\_site\IMG_5841-e1517832558639.jpg
https://www.incabella.co.uk/product/table-centre-piece-package/,Table Centre Piece Package,,incabella-images\_site\IMG_0545.jpeg
https://www.incabella.co.uk/product/table-centre-piece-package/,Table Centre Piece Package,,incabella-images\_site\IMG_0545.jpeg
https://www.incabella.co.uk/product/table-centre-piece-package/,Table Centre Piece Package,,incabella-images\_site\8327bd708a67d45dc7f6637f3e61ffa5.jpg
https://www.incabella.co.uk/product/table-centre-piece-package/,Table Centre Piece Package,,incabella-images\_site\8327bd708a67d45dc7f6637f3e61ffa5.jpg
https://www.incabella.co.uk/product/table-centre-piece-package/,Table Centre Piece Package,,incabella-images\_site\IMG_4163.jpg
https://www.incabella.co.uk/product/table-centre-piece-package/,Table Centre Piece Package,,incabella-images\_site\IMG_4163.jpg
https://www.incabella.co.uk/product/table-centre-piece-package/,Table Centre Piece Package,,incabella-images\_site\IMG_4162-e1517836473472.jpg
https://www.incabella.co.uk/product/table-centre-piece-package/,Table Centre Piece Package,,incabella-images\_site\IMG_4162-e1517836473472.jpg
https://www.incabella.co.uk/product/table-centre-piece-package/,Table Centre Piece Package,,incabella-images\_site\IMG_7149.jpeg
https://www.incabella.co.uk/product/table-centre-piece-package/,Table Centre Piece Package,,incabella-images\_site\IMG_7149.jpeg
https://www.incabella.co.uk/product/table-centre-piece-package/,Table Centre Piece Package,,incabella-images\_site\E57C0BFC-9306-42C5-8AE4-7F77EFE434AA.jpeg
https://www.incabella.co.uk/product/table-centre-piece-package/,Table Centre Piece Package,,incabella-images\_site\E57C0BFC-9306-42C5-8AE4-7F77EFE434AA.jpeg
https://www.incabella.co.uk/product/table-centre-piece-package/,Table Centre Piece Package,,incabella-images\_site\IMG_4217-e1615561069483.jpg
https://www.incabella.co.uk/product/table-centre-piece-package/,Table Centre Piece Package,,incabella-images\_site\IMG_4217-e1615561069483.jpg
https://www.incabella.co.uk/product/table-centre-piece-package/,Table Centre Piece Package,,incabella-images\_site\IMG_5159-e1615638036380.jpg
https://www.incabella.co.uk/product/table-centre-piece-package/,Table Centre Piece Package,,incabella-images\_site\IMG_5159-e1615638036380.jpg
https://www.incabella.co.uk/product/table-centre-piece-package/,Table Centre Piece Package,,incabella-images\_site\IMG_0442.jpg
https://www.incabella.co.uk/product/table-centre-piece-package/,Table Centre Piece Package,,incabella-images\_site\IMG_0442.jpg
https://www.incabella.co.uk/product/table-centre-piece-package/,Table Centre Piece Package,,incabella-images\_site\IMG_0454.jpg
https://www.incabella.co.uk/product/table-centre-piece-package/,Table Centre Piece Package,,incabella-images\_site\IMG_0454.jpg
https://www.incabella.co.uk/product/table-centre-piece-package/,Table Centre Piece Package,,incabella-images\_site\IMG_8203-e1549817586734.jpg
https://www.incabella.co.uk/product/table-centre-piece-package/,Table Centre Piece Package,,incabella-images\_site\IMG_8203-e1549817586734.jpg
https://www.incabella.co.uk/product/table-centre-piece-package/,Table Centre Piece Package,,incabella-images\_site\IMG_8203-e1549817586734.jpg
https://www.incabella.co.uk/product/table-centre-piece-package/,Table Centre Piece Package,,incabella-images\_site\IMG_8203-e1549817586734.jpg
https://www.incabella.co.uk/product/table-centre-piece-package/,Table Centre Piece Package,,incabella-images\_site\880A161C-0A42-4AD4-99AC-5E53B5188CE4.jpeg
https://www.incabella.co.uk/product/table-centre-piece-package/,Table Centre Piece Package,,incabella-images\_site\880A161C-0A42-4AD4-99AC-5E53B5188CE4.jpeg
https://www.incabella.co.uk/product/table-centre-piece-package/,Table Centre Piece Package,,incabella-images\_site\6A35E8F8-C756-4D74-A18D-9532A67C0D46.jpeg
https://www.incabella.co.uk/product/table-centre-piece-package/,Table Centre Piece Package,,incabella-images\_site\6A35E8F8-C756-4D74-A18D-9532A67C0D46.jpeg
https://www.incabella.co.uk/product/table-centre-piece-package/,Table Centre Piece Package,,incabella-images\_site\IMG_7450.jpeg
https://www.incabella.co.uk/product/table-centre-piece-package/,Table Centre Piece Package,,incabella-images\_site\IMG_7450.jpeg
https://www.incabella.co.uk/product/table-centre-piece-package/,Table Centre Piece Package,,incabella-images\_site\IMG_1085.jpg
https://www.incabella.co.uk/product/table-centre-piece-package/,Table Centre Piece Package,,incabella-images\_site\IMG_1085-510x652@2x.jpg
https://www.incabella.co.uk/product/table-centre-piece-package/,Table Centre Piece Package,,incabella-images\_site\2B86C02D-B992-47FD-8154-292F2FE7C354.jpeg
https://www.incabella.co.uk/product/table-centre-piece-package/,Table Centre Piece Package,,incabella-images\_site\2B86C02D-B992-47FD-8154-292F2FE7C354.jpeg
https://www.incabella.co.uk/product/table-centre-piece-package/,Table Centre Piece Package,,incabella-images\_site\2B86C02D-B992-47FD-8154-292F2FE7C354.jpeg
https://www.incabella.co.uk/product/table-centre-piece-package/,Table Centre Piece Package,,incabella-images\_site\2B86C02D-B992-47FD-8154-292F2FE7C354.jpeg
https://www.incabella.co.uk/product/table-centre-piece-package/,Table Centre Piece Package,,incabella-images\_site\EL-ES-APR-2022-0358.jpeg
https://www.incabella.co.uk/product/table-centre-piece-package/,Table Centre Piece Package,,incabella-images\_site\EL-ES-APR-2022-0358.jpeg
https://www.incabella.co.uk/product/table-centre-piece-package/,Table Centre Piece Package,,incabella-images\_site\31814EA0-7BDD-4917-9473-9F2F44BA7DBD.jpeg
https://www.incabella.co.uk/product/table-centre-piece-package/,Table Centre Piece Package,,incabella-images\_site\31814EA0-7BDD-4917-9473-9F2F44BA7DBD.jpeg
https://www.incabella.co.uk/product/table-centre-piece-package/,Table Centre Piece Package,,incabella-images\_site\IncaBella_logo_02.png
https://www.incabella.co.uk/product/vintagetrunk/,Vintage Trunk,,incabella-images\_site\IncaBella_logo_02.png
https://www.incabella.co.uk/product/vintagetrunk/,Vintage Trunk,,incabella-images\_site\IMG_5842-e1517833177128.jpg
https://www.incabella.co.uk/product/vintagetrunk/,Vintage Trunk,,incabella-images\_site\IMG_5842-e1517833177128.jpg
https://www.incabella.co.uk/product/vintagetrunk/,Vintage Trunk,,incabella-images\_site\IMG_5842-e1517833177128.jpg
https://www.incabella.co.uk/product/vintagetrunk/,Vintage Trunk,,incabella-images\_site\IMG_5841-e1517832558639.jpg
https://www.incabella.co.uk/product/vintagetrunk/,Vintage Trunk,,incabella-images\_site\IMG_5841-e1517832558639.jpg
https://www.incabella.co.uk/product/vintagetrunk/,Vintage Trunk,,incabella-images\_site\IMG_5841-e1517832558639.jpg
https://www.incabella.co.uk/product/vintagetrunk/,Vintage Trunk,,incabella-images\_site\IMG_5842-e1517833177128.jpg
https://www.incabella.co.uk/product/vintagetrunk/,Vintage Trunk,,incabella-images\_site\IMG_5842-e1517833177128.jpg
https://www.incabella.co.uk/product/vintagetrunk/,Vintage Trunk,,incabella-images\_site\IMG_5841-e1517832558639.jpg
https://www.incabella.co.uk/product/vintagetrunk/,Vintage Trunk,,incabella-images\_site\IMG_5841-e1517832558639.jpg
https://www.incabella.co.uk/product/vintagetrunk/,Vintage Trunk,,incabella-images\_site\IMG_1709.jpg
https://www.incabella.co.uk/product/vintagetrunk/,Vintage Trunk,,incabella-images\_site\IMG_1709-510x652@2x.jpg
https://www.incabella.co.uk/product/vintagetrunk/,Vintage Trunk,,incabella-images\_site\tlt-hld-wbells-h80mm-clr-gls.jpeg
https://www.incabella.co.uk/product/vintagetrunk/,Vintage Trunk,,incabella-images\_site\tlt-hld-wbells-h80mm-clr-gls.jpeg
https://www.incabella.co.uk/product/vintagetrunk/,Vintage Trunk,,incabella-images\_site\Sparkling-Silver-T-Light-20000102-A_20765.jpeg
https://www.incabella.co.uk/product/vintagetrunk/,Vintage Trunk,,incabella-images\_site\Sparkling-Silver-T-Light-20000102-A_20765.jpeg
https://www.incabella.co.uk/product/vintagetrunk/,Vintage Trunk,,incabella-images\_site\Sparkling-Silver-T-Light-Holder-IMG_4275.jpeg
https://www.incabella.co.uk/product/vintagetrunk/,Vintage Trunk,,incabella-images\_site\Sparkling-Silver-T-Light-Holder-IMG_4275.jpeg
https://www.incabella.co.uk/product/vintagetrunk/,Vintage Trunk,,incabella-images\_site\IMG_0946.jpeg
https://www.incabella.co.uk/product/vintagetrunk/,Vintage Trunk,,incabella-images\_site\IMG_0946.jpeg
https://www.incabella.co.uk/product/vintagetrunk/,Vintage Trunk,,incabella-images\_site\lantern-wrope-hndl-h250x180mm-gls-grey.jpeg
https://www.incabella.co.uk/product/vintagetrunk/,Vintage Trunk,,incabella-images\_site\lantern-wrope-hndl-h250x180mm-gls-grey.jpeg
https://www.incabella.co.uk/product/vintagetrunk/,Vintage Trunk,,incabella-images\_site\Sparkling-Silver-T-Light-20000102-A_20765.jpeg
https://www.incabella.co.uk/product/vintagetrunk/,Vintage Trunk,,incabella-images\_site\Sparkling-Silver-T-Light-20000102-A_20765.jpeg
https://www.incabella.co.uk/product/vintagetrunk/,Vintage Trunk,,incabella-images\_site\Sparkling-Silver-T-Light-Holder-IMG_4275.jpeg
https://www.incabella.co.uk/product/vintagetrunk/,Vintage Trunk,,incabella-images\_site\Sparkling-Silver-T-Light-Holder-IMG_4275.jpeg
https://www.incabella.co.uk/product/vintagetrunk/,Vintage Trunk,,incabella-images\_site\image10.jpeg
https://www.incabella.co.uk/product/vintagetrunk/,Vintage Trunk,,incabella-images\_site\image10.jpeg
https://www.incabella.co.uk/product/vintagetrunk/,Vintage Trunk,,incabella-images\_site\20473090a409721a3a4007908b32130e.jpg
https://www.incabella.co.uk/product/vintagetrunk/,Vintage Trunk,,incabella-images\_site\20473090a409721a3a4007908b32130e.jpg
https://www.incabella.co.uk/product/vintagetrunk/,Vintage Trunk,,incabella-images\_site\IMG_E1342.jpg
https://www.incabella.co.uk/product/vintagetrunk/,Vintage Trunk,,incabella-images\_site\IMG_E1342.jpg
https://www.incabella.co.uk/product/vintagetrunk/,Vintage Trunk,,incabella-images\_site\clear-glass-hurricane-lantern.jpeg
https://www.incabella.co.uk/product/vintagetrunk/,Vintage Trunk,,incabella-images\_site\clear-glass-hurricane-lantern.jpeg
https://www.incabella.co.uk/product/vintagetrunk/,Vintage Trunk,,incabella-images\_site\IMG_6028.jpeg
https://www.incabella.co.uk/product/vintagetrunk/,Vintage Trunk,,incabella-images\_site\IMG_6028.jpeg
https://www.incabella.co.uk/product/vintagetrunk/,Vintage Trunk,,incabella-images\_site\IMG_7714.jpeg
https://www.incabella.co.uk/product/vintagetrunk/,Vintage Trunk,,incabella-images\_site\IMG_7714.jpeg
https://www.incabella.co.uk/product/vintagetrunk/,Vintage Trunk,,incabella-images\_site\IMG_2205.jpg
https://www.incabella.co.uk/product/vintagetrunk/,Vintage Trunk,,incabella-images\_site\IMG_2205-510x652@2x.jpg
https://www.incabella.co.uk/product/vintagetrunk/,Vintage Trunk,,incabella-images\_site\IMG_2203.jpg
https://www.incabella.co.uk/product/vintagetrunk/,Vintage Trunk,,incabella-images\_site\IMG_2203-510x652@2x.jpg
https://www.incabella.co.uk/product/vintagetrunk/,Vintage Trunk,,incabella-images\_site\fullsizeoutput_50c2.jpeg
https://www.incabella.co.uk/product/vintagetrunk/,Vintage Trunk,,incabella-images\_site\fullsizeoutput_50c2.jpeg
https://www.incabella.co.uk/product/vintagetrunk/,Vintage Trunk,,incabella-images\_site\IMG_6448-e1520889491374.jpg
https://www.incabella.co.uk/product/vintagetrunk/,Vintage Trunk,,incabella-images\_site\IMG_6448-e1520889491374.jpg
https://www.incabella.co.uk/product/vintagetrunk/,Vintage Trunk,,incabella-images\_site\IMG_0545.jpeg
https://www.incabella.co.uk/product/vintagetrunk/,Vintage Trunk,,incabella-images\_site\IMG_0545.jpeg
https://www.incabella.co.uk/product/vintagetrunk/,Vintage Trunk,,incabella-images\_site\8327bd708a67d45dc7f6637f3e61ffa5.jpg
https://www.incabella.co.uk/product/vintagetrunk/,Vintage Trunk,,incabella-images\_site\8327bd708a67d45dc7f6637f3e61ffa5.jpg
https://www.incabella.co.uk/product/vintagetrunk/,Vintage Trunk,,incabella-images\_site\5d6ad4c0-13bc-479b-8b50-cfe64523502e.jpeg
https://www.incabella.co.uk/product/vintagetrunk/,Vintage Trunk,,incabella-images\_site\5d6ad4c0-13bc-479b-8b50-cfe64523502e.jpeg
https://www.incabella.co.uk/product/vintagetrunk/,Vintage Trunk,,incabella-images\_site\fullsizeoutput_5ff9.jpeg
https://www.incabella.co.uk/product/vintagetrunk/,Vintage Trunk,,incabella-images\_site\fullsizeoutput_5ff9.jpeg
https://www.incabella.co.uk/product/vintagetrunk/,Vintage Trunk,,incabella-images\_site\IMG_7953.jpeg
https://www.incabella.co.uk/product/vintagetrunk/,Vintage Trunk,,incabella-images\_site\IMG_7953.jpeg
https://www.incabella.co.uk/product/vintagetrunk/,Vintage Trunk,,incabella-images\_site\873F2BAE-D7E1-4031-9F1F-6913BD571894.jpeg
https://www.incabella.co.uk/product/vintagetrunk/,Vintage Trunk,,incabella-images\_site\873F2BAE-D7E1-4031-9F1F-6913BD571894.jpeg
https://www.incabella.co.uk/product/vintagetrunk/,Vintage Trunk,,incabella-images\_site\EL-ES-APR-2022-0358.jpeg
https://www.incabella.co.uk/product/vintagetrunk/,Vintage Trunk,,incabella-images\_site\EL-ES-APR-2022-0358.jpeg
https://www.incabella.co.uk/product/vintagetrunk/,Vintage Trunk,,incabella-images\_site\31814EA0-7BDD-4917-9473-9F2F44BA7DBD.jpeg
https://www.incabella.co.uk/product/vintagetrunk/,Vintage Trunk,,incabella-images\_site\31814EA0-7BDD-4917-9473-9F2F44BA7DBD.jpeg
https://www.incabella.co.uk/product/vintagetrunk/,Vintage Trunk,,incabella-images\_site\IMG_3706.jpeg
https://www.incabella.co.uk/product/vintagetrunk/,Vintage Trunk,,incabella-images\_site\IMG_3706.jpeg
https://www.incabella.co.uk/product/vintagetrunk/,Vintage Trunk,,incabella-images\_site\d6d39674-1f5e-4f28-bd68-087445415a70-2.jpg
https://www.incabella.co.uk/product/vintagetrunk/,Vintage Trunk,,incabella-images\_site\d6d39674-1f5e-4f28-bd68-087445415a70-2.jpg
https://www.incabella.co.uk/product/vintagetrunk/,Vintage Trunk,,incabella-images\_site\EL-ES-APR-2022-0435.jpg
https://www.incabella.co.uk/product/vintagetrunk/,Vintage Trunk,,incabella-images\_site\EL-ES-APR-2022-0435.jpg
https://www.incabella.co.uk/product/vintagetrunk/,Vintage Trunk,,incabella-images\_site\IMG_0520.jpeg
https://www.incabella.co.uk/product/vintagetrunk/,Vintage Trunk,,incabella-images\_site\IMG_0520.jpeg
https://www.incabella.co.uk/product/vintagetrunk/,Vintage Trunk,,incabella-images\_site\IMG_0442.jpg
https://www.incabella.co.uk/product/vintagetrunk/,Vintage Trunk,,incabella-images\_site\IMG_0442.jpg
https://www.incabella.co.uk/product/vintagetrunk/,Vintage Trunk,,incabella-images\_site\IMG_0454.jpg
https://www.incabella.co.uk/product/vintagetrunk/,Vintage Trunk,,incabella-images\_site\IMG_0454.jpg
https://www.incabella.co.uk/product/vintagetrunk/,Vintage Trunk,,incabella-images\_site\IMG_4803.jpg
https://www.incabella.co.uk/product/vintagetrunk/,Vintage Trunk,,incabella-images\_site\IMG_4803-510x652@2x.jpg
https://www.incabella.co.uk/product/vintagetrunk/,Vintage Trunk,,incabella-images\_site\IMG_4803.jpg
https://www.incabella.co.uk/product/vintagetrunk/,Vintage Trunk,,incabella-images\_site\IMG_4803-510x652@2x.jpg
https://www.incabella.co.uk/product/vintagetrunk/,Vintage Trunk,,incabella-images\_site\IMG_3750.jpg
https://www.incabella.co.uk/product/vintagetrunk/,Vintage Trunk,,incabella-images\_site\IMG_3750.jpg
https://www.incabella.co.uk/product/vintagetrunk/,Vintage Trunk,,incabella-images\_site\IMG_3812.jpg
https://www.incabella.co.uk/product/vintagetrunk/,Vintage Trunk,,incabella-images\_site\IMG_3812.jpg
https://www.incabella.co.uk/product/vintagetrunk/,Vintage Trunk,,incabella-images\_site\IncaBella_logo_02.png
https://www.incabella.co.uk/product-category/lanterns/,Lanterns,,incabella-images\_site\IncaBella_logo_02.png
https://www.incabella.co.uk/product-category/lanterns/,Lanterns,,incabella-images\_site\IMG_3512.jpg
https://www.incabella.co.uk/product-category/lanterns/,Lanterns,,incabella-images\_site\IMG_3512-510x652@2x.jpg
https://www.incabella.co.uk/product-category/lanterns/,Lanterns,,incabella-images\_site\IMG_2614.jpg
https://www.incabella.co.uk/product-category/lanterns/,Lanterns,,incabella-images\_site\IMG_2614-510x652@2x.jpg
https://www.incabella.co.uk/product-category/lanterns/,Lanterns,,incabella-images\_site\29329CBA-9791-4C5A-9FA8-1596D8E787E6.jpeg
https://www.incabella.co.uk/product-category/lanterns/,Lanterns,,incabella-images\_site\29329CBA-9791-4C5A-9FA8-1596D8E787E6.jpeg
https://www.incabella.co.uk/product-category/lanterns/,Lanterns,,incabella-images\_site\A7EF519C-3D41-4840-81D8-93E282E1606F.jpeg
https://www.incabella.co.uk/product-category/lanterns/,Lanterns,,incabella-images\_site\A7EF519C-3D41-4840-81D8-93E282E1606F.jpeg
https://www.incabella.co.uk/product-category/lanterns/,Lanterns,,incabella-images\_site\IMG_4217-e1615561069483.jpg
https://www.incabella.co.uk/product-category/lanterns/,Lanterns,,incabella-images\_site\IMG_4217-e1615561069483.jpg
https://www.incabella.co.uk/product-category/lanterns/,Lanterns,,incabella-images\_site\IMG_5159-e1615638036380.jpg
https://www.incabella.co.uk/product-category/lanterns/,Lanterns,,incabella-images\_site\IMG_5159-e1615638036380.jpg
https://www.incabella.co.uk/product-category/lanterns/,Lanterns,,incabella-images\_site\Amy-David-88.jpg
https://www.incabella.co.uk/product-category/lanterns/,Lanterns,,incabella-images\_site\Amy-David-88.jpg
https://www.incabella.co.uk/product-category/lanterns/,Lanterns,,incabella-images\_site\Jayne-Chris-wedding-for-Lucy-0004.jpg
https://www.incabella.co.uk/product-category/lanterns/,Lanterns,,incabella-images\_site\Jayne-Chris-wedding-for-Lucy-0004.jpg
https://www.incabella.co.uk/product-category/lanterns/,Lanterns,,incabella-images\_site\IMG_3468.jpg
https://www.incabella.co.uk/product-category/lanterns/,Lanterns,,incabella-images\_site\IMG_3468-510x652@2x.jpg
https://www.incabella.co.uk/product-category/lanterns/,Lanterns,,incabella-images\_site\IMG_3464.jpg
https://www.incabella.co.uk/product-category/lanterns/,Lanterns,,incabella-images\_site\IMG_3464-510x652@2x.jpg
https://www.incabella.co.uk/product-category/lanterns/,Lanterns,,incabella-images\_site\IMG_7140.jpeg
https://www.incabella.co.uk/product-category/lanterns/,Lanterns,,incabella-images\_site\IMG_7140.jpeg
https://www.incabella.co.uk/product-category/lanterns/,Lanterns,,incabella-images\_site\0ECE9A96-8D21-45B5-99FA-412A2590D4A7.jpeg
https://www.incabella.co.uk/product-category/lanterns/,Lanterns,,incabella-images\_site\0ECE9A96-8D21-45B5-99FA-412A2590D4A7.jpeg
https://www.incabella.co.uk/product-category/lanterns/,Lanterns,,incabella-images\_site\IMG_7145.jpeg
https://www.incabella.co.uk/product-category/lanterns/,Lanterns,,incabella-images\_site\IMG_7145.jpeg
https://www.incabella.co.uk/product-category/lanterns/,Lanterns,,incabella-images\_site\IMG_7533.jpeg
https://www.incabella.co.uk/product-category/lanterns/,Lanterns,,incabella-images\_site\IMG_7533.jpeg
https://www.incabella.co.uk/product-category/lanterns/,Lanterns,,incabella-images\_site\Sparkling-Silver-T-Light-20000102-A_20765.jpeg
https://www.incabella.co.uk/product-category/lanterns/,Lanterns,,incabella-images\_site\Sparkling-Silver-T-Light-20000102-A_20765.jpeg
https://www.incabella.co.uk/product-category/lanterns/,Lanterns,,incabella-images\_site\Sparkling-Silver-T-Light-Holder-IMG_4275.jpeg
https://www.incabella.co.uk/product-category/lanterns/,Lanterns,,incabella-images\_site\Sparkling-Silver-T-Light-Holder-IMG_4275.jpeg
https://www.incabella.co.uk/product-category/lanterns/,Lanterns,,incabella-images\_site\IMG_0946.jpeg
https://www.incabella.co.uk/product-category/lanterns/,Lanterns,,incabella-images\_site\IMG_0946.jpeg
https://www.incabella.co.uk/product-category/lanterns/,Lanterns,,incabella-images\_site\lantern-wrope-hndl-h250x180mm-gls-grey.jpeg
https://www.incabella.co.uk/product-category/lanterns/,Lanterns,,incabella-images\_site\lantern-wrope-hndl-h250x180mm-gls-grey.jpeg
https://www.incabella.co.uk/product-category/lanterns/,Lanterns,,incabella-images\_site\image10.jpeg
https://www.incabella.co.uk/product-category/lanterns/,Lanterns,,incabella-images\_site\image10.jpeg
https://www.incabella.co.uk/product-category/lanterns/,Lanterns,,incabella-images\_site\20473090a409721a3a4007908b32130e.jpg
https://www.incabella.co.uk/product-category/lanterns/,Lanterns,,incabella-images\_site\20473090a409721a3a4007908b32130e.jpg
https://www.incabella.co.uk/product-category/lanterns/,Lanterns,,incabella-images\_site\IMG_1709.jpg
https://www.incabella.co.uk/product-category/lanterns/,Lanterns,,incabella-images\_site\IMG_1709-510x652@2x.jpg
https://www.incabella.co.uk/product-category/lanterns/,Lanterns,,incabella-images\_site\tlt-hld-wbells-h80mm-clr-gls.jpeg
https://www.incabella.co.uk/product-category/lanterns/,Lanterns,,incabella-images\_site\tlt-hld-wbells-h80mm-clr-gls.jpeg
https://www.incabella.co.uk/product-category/lanterns/,Lanterns,,incabella-images\_site\hanging-heart-tea-light-holder.jpeg
https://www.incabella.co.uk/product-category/lanterns/,Lanterns,,incabella-images\_site\hanging-heart-tea-light-holder.jpeg
https://www.incabella.co.uk/product-category/lanterns/,Lanterns,,incabella-images\_site\hanging-heart-tea-light-holder.jpeg
https://www.incabella.co.uk/product-category/lanterns/,Lanterns,,incabella-images\_site\hanging-heart-tea-light-holder.jpeg
https://www.incabella.co.uk/product-category/lanterns/,Lanterns,,incabella-images\_site\IncaBella_logo_02.png
https://www.incabella.co.uk/product/ground-floor-decoration-package/,Ground Floor Decoration Package,,incabella-images\_site\IncaBella_logo_02.png
https://www.incabella.co.uk/product/ground-floor-decoration-package/,Ground Floor Decoration Package,,incabella-images\product_ground-floor-decoration-package\IMG_7953-scaled.jpeg
https://www.incabella.co.uk/product/ground-floor-decoration-package/,Ground Floor Decoration Package,,incabella-images\_site\IMG_7953.jpeg
https://www.incabella.co.uk/product/ground-floor-decoration-package/,Ground Floor Decoration Package,,incabella-images\_site\IMG_7953.jpeg
https://www.incabella.co.uk/product/ground-floor-decoration-package/,Ground Floor Decoration Package,,incabella-images\_site\873F2BAE-D7E1-4031-9F1F-6913BD571894.jpeg
https://www.incabella.co.uk/product/ground-floor-decoration-package/,Ground Floor Decoration Package,,incabella-images\_site\873F2BAE-D7E1-4031-9F1F-6913BD571894.jpeg
https://www.incabella.co.uk/product/ground-floor-decoration-package/,Ground Floor Decoration Package,,incabella-images\_site\873F2BAE-D7E1-4031-9F1F-6913BD571894.jpeg
https://www.incabella.co.uk/product/ground-floor-decoration-package/,Ground Floor Decoration Package,,incabella-images\product_ground-floor-decoration-package\IMG_7955-scaled.jpeg
https://www.incabella.co.uk/product/ground-floor-decoration-package/,Ground Floor Decoration Package,,incabella-images\_site\IMG_7955.jpeg
https://www.incabella.co.uk/product/ground-floor-decoration-package/,Ground Floor Decoration Package,,incabella-images\_site\IMG_7955.jpeg
https://www.incabella.co.uk/product/ground-floor-decoration-package/,Ground Floor Decoration Package,,incabella-images\_site\IMG_4217-e1615561069483.jpg
https://www.incabella.co.uk/product/ground-floor-decoration-package/,Ground Floor Decoration Package,,incabella-images\_site\IMG_4217-e1615561069483.jpg
https://www.incabella.co.uk/product/ground-floor-decoration-package/,Ground Floor Decoration Package,,incabella-images\_site\IMG_4217-e1615561069483.jpg
https://www.incabella.co.uk/product/ground-floor-decoration-package/,Ground Floor Decoration Package,,incabella-images\product_ground-floor-decoration-package\dadaf1a6-6425-47cf-8c26-911d32a1abf0.jpg
https://www.incabella.co.uk/product/ground-floor-decoration-package/,Ground Floor Decoration Package,,incabella-images\product_ground-floor-decoration-package\dadaf1a6-6425-47cf-8c26-911d32a1abf0.jpg
https://www.incabella.co.uk/product/ground-floor-decoration-package/,Ground Floor Decoration Package,,incabella-images\product_ground-floor-decoration-package\dadaf1a6-6425-47cf-8c26-911d32a1abf0.jpg
https://www.incabella.co.uk/product/ground-floor-decoration-package/,Ground Floor Decoration Package,,incabella-images\product_ground-floor-decoration-package\7F417F72-3836-4502-A333-29667DD771B8.jpeg
https://www.incabella.co.uk/product/ground-floor-decoration-package/,Ground Floor Decoration Package,,incabella-images\product_ground-floor-decoration-package\7F417F72-3836-4502-A333-29667DD771B8.jpeg
https://www.incabella.co.uk/product/ground-floor-decoration-package/,Ground Floor Decoration Package,,incabella-images\product_ground-floor-decoration-package\7F417F72-3836-4502-A333-29667DD771B8.jpeg
https://www.incabella.co.uk/product/ground-floor-decoration-package/,Ground Floor Decoration Package,,incabella-images\product_ground-floor-decoration-package\01794294-564D-41F8-B768-1BAC5DE7518C.jpeg
https://www.incabella.co.uk/product/ground-floor-decoration-package/,Ground Floor Decoration Package,,incabella-images\product_ground-floor-decoration-package\01794294-564D-41F8-B768-1BAC5DE7518C.jpeg
https://www.incabella.co.uk/product/ground-floor-decoration-package/,Ground Floor Decoration Package,,incabella-images\product_ground-floor-decoration-package\01794294-564D-41F8-B768-1BAC5DE7518C.jpeg
https://www.incabella.co.uk/product/ground-floor-decoration-package/,Ground Floor Decoration Package,,incabella-images\product_ground-floor-decoration-package\JS020919-LR-037.jpg
https://www.incabella.co.uk/product/ground-floor-decoration-package/,Ground Floor Decoration Package,,incabella-images\product_ground-floor-decoration-package\JS020919-LR-037.jpg
https://www.incabella.co.uk/product/ground-floor-decoration-package/,Ground Floor Decoration Package,,incabella-images\product_ground-floor-decoration-package\JS020919-LR-037.jpg
https://www.incabella.co.uk/product/ground-floor-decoration-package/,Ground Floor Decoration Package,,incabella-images\product_ground-floor-decoration-package\Amy-David-32-scaled.jpg
https://www.incabella.co.uk/product/ground-floor-decoration-package/,Ground Floor Decoration Package,,incabella-images\product_ground-floor-decoration-package\Amy-David-32.jpg
https://www.incabella.co.uk/product/ground-floor-decoration-package/,Ground Floor Decoration Package,,incabella-images\product_ground-floor-decoration-package\Amy-David-32.jpg
https://www.incabella.co.uk/product/ground-floor-decoration-package/,Ground Floor Decoration Package,,incabella-images\product_ground-floor-decoration-package\EL-ES-APR-2022-0415-scaled.jpeg
https://www.incabella.co.uk/product/ground-floor-decoration-package/,Ground Floor Decoration Package,,incabella-images\product_ground-floor-decoration-package\EL-ES-APR-2022-0415.jpeg
https://www.incabella.co.uk/product/ground-floor-decoration-package/,Ground Floor Decoration Package,,incabella-images\product_ground-floor-decoration-package\EL-ES-APR-2022-0415.jpeg
https://www.incabella.co.uk/product/ground-floor-decoration-package/,Ground Floor Decoration Package,,incabella-images\_site\IMG_7953.jpeg
https://www.incabella.co.uk/product/ground-floor-decoration-package/,Ground Floor Decoration Package,,incabella-images\_site\IMG_7953.jpeg
https://www.incabella.co.uk/product/ground-floor-decoration-package/,Ground Floor Decoration Package,,incabella-images\_site\873F2BAE-D7E1-4031-9F1F-6913BD571894.jpeg
https://www.incabella.co.uk/product/ground-floor-decoration-package/,Ground Floor Decoration Package,,incabella-images\_site\873F2BAE-D7E1-4031-9F1F-6913BD571894.jpeg
https://www.incabella.co.uk/product/ground-floor-decoration-package/,Ground Floor Decoration Package,,incabella-images\_site\IMG_7955.jpeg
https://www.incabella.co.uk/product/ground-floor-decoration-package/,Ground Floor Decoration Package,,incabella-images\_site\IMG_7955.jpeg
https://www.incabella.co.uk/product/ground-floor-decoration-package/,Ground Floor Decoration Package,,incabella-images\_site\IMG_4217-e1615561069483.jpg
https://www.incabella.co.uk/product/ground-floor-decoration-package/,Ground Floor Decoration Package,,incabella-images\_site\IMG_4217-e1615561069483.jpg
https://www.incabella.co.uk/product/ground-floor-decoration-package/,Ground Floor Decoration Package,,incabella-images\product_ground-floor-decoration-package\dadaf1a6-6425-47cf-8c26-911d32a1abf0.jpg
https://www.incabella.co.uk/product/ground-floor-decoration-package/,Ground Floor Decoration Package,,incabella-images\product_ground-floor-decoration-package\dadaf1a6-6425-47cf-8c26-911d32a1abf0.jpg
https://www.incabella.co.uk/product/ground-floor-decoration-package/,Ground Floor Decoration Package,,incabella-images\product_ground-floor-decoration-package\7F417F72-3836-4502-A333-29667DD771B8.jpeg
https://www.incabella.co.uk/product/ground-floor-decoration-package/,Ground Floor Decoration Package,,incabella-images\product_ground-floor-decoration-package\7F417F72-3836-4502-A333-29667DD771B8.jpeg
https://www.incabella.co.uk/product/ground-floor-decoration-package/,Ground Floor Decoration Package,,incabella-images\product_ground-floor-decoration-package\01794294-564D-41F8-B768-1BAC5DE7518C.jpeg
https://www.incabella.co.uk/product/ground-floor-decoration-package/,Ground Floor Decoration Package,,incabella-images\product_ground-floor-decoration-package\01794294-564D-41F8-B768-1BAC5DE7518C.jpeg
https://www.incabella.co.uk/product/ground-floor-decoration-package/,Ground Floor Decoration Package,,incabella-images\product_ground-floor-decoration-package\JS020919-LR-037.jpg
https://www.incabella.co.uk/product/ground-floor-decoration-package/,Ground Floor Decoration Package,,incabella-images\product_ground-floor-decoration-package\JS020919-LR-037.jpg
https://www.incabella.co.uk/product/ground-floor-decoration-package/,Ground Floor Decoration Package,,incabella-images\product_ground-floor-decoration-package\Amy-David-32.jpg
https://www.incabella.co.uk/product/ground-floor-decoration-package/,Ground Floor Decoration Package,,incabella-images\product_ground-floor-decoration-package\Amy-David-32.jpg
https://www.incabella.co.uk/product/ground-floor-decoration-package/,Ground Floor Decoration Package,,incabella-images\product_ground-floor-decoration-package\EL-ES-APR-2022-0415.jpeg
https://www.incabella.co.uk/product/ground-floor-decoration-package/,Ground Floor Decoration Package,,incabella-images\product_ground-floor-decoration-package\EL-ES-APR-2022-0415.jpeg
https://www.incabella.co.uk/product/ground-floor-decoration-package/,Ground Floor Decoration Package,,incabella-images\_site\hanging-heart-tea-light-holder.jpeg
https://www.incabella.co.uk/product/ground-floor-decoration-package/,Ground Floor Decoration Package,,incabella-images\_site\hanging-heart-tea-light-holder.jpeg
https://www.incabella.co.uk/product/ground-floor-decoration-package/,Ground Floor Decoration Package,,incabella-images\_site\hanging-heart-tea-light-holder.jpeg
https://www.incabella.co.uk/product/ground-floor-decoration-package/,Ground Floor Decoration Package,,incabella-images\_site\hanging-heart-tea-light-holder.jpeg
https://www.incabella.co.uk/product/ground-floor-decoration-package/,Ground Floor Decoration Package,,incabella-images\_site\image10.jpeg
https://www.incabella.co.uk/product/ground-floor-decoration-package/,Ground Floor Decoration Package,,incabella-images\_site\image10.jpeg
https://www.incabella.co.uk/product/ground-floor-decoration-package/,Ground Floor Decoration Package,,incabella-images\_site\20473090a409721a3a4007908b32130e.jpg
https://www.incabella.co.uk/product/ground-floor-decoration-package/,Ground Floor Decoration Package,,incabella-images\_site\20473090a409721a3a4007908b32130e.jpg
https://www.incabella.co.uk/product/ground-floor-decoration-package/,Ground Floor Decoration Package,,incabella-images\_site\IMG_0946.jpeg
https://www.incabella.co.uk/product/ground-floor-decoration-package/,Ground Floor Decoration Package,,incabella-images\_site\IMG_0946.jpeg
https://www.incabella.co.uk/product/ground-floor-decoration-package/,Ground Floor Decoration Package,,incabella-images\_site\lantern-wrope-hndl-h250x180mm-gls-grey.jpeg
https://www.incabella.co.uk/product/ground-floor-decoration-package/,Ground Floor Decoration Package,,incabella-images\_site\lantern-wrope-hndl-h250x180mm-gls-grey.jpeg
https://www.incabella.co.uk/product/ground-floor-decoration-package/,Ground Floor Decoration Package,,incabella-images\_site\IMG_E1342.jpg
https://www.incabella.co.uk/product/ground-floor-decoration-package/,Ground Floor Decoration Package,,incabella-images\_site\IMG_E1342.jpg
https://www.incabella.co.uk/product/ground-floor-decoration-package/,Ground Floor Decoration Package,,incabella-images\_site\clear-glass-hurricane-lantern.jpeg
https://www.incabella.co.uk/product/ground-floor-decoration-package/,Ground Floor Decoration Package,,incabella-images\_site\clear-glass-hurricane-lantern.jpeg
https://www.incabella.co.uk/product/ground-floor-decoration-package/,Ground Floor Decoration Package,,incabella-images\_site\sana-storm-lantern.jpg
https://www.incabella.co.uk/product/ground-floor-decoration-package/,Ground Floor Decoration Package,,incabella-images\_site\sana-storm-lantern.jpg
https://www.incabella.co.uk/product/ground-floor-decoration-package/,Ground Floor Decoration Package,,incabella-images\_site\A-FS-S-FS-A-SANA-STORM-LANTERN-SQ-7.jpeg
https://www.incabella.co.uk/product/ground-floor-decoration-package/,Ground Floor Decoration Package,,incabella-images\_site\A-FS-S-FS-A-SANA-STORM-LANTERN-SQ-7.jpeg
https://www.incabella.co.uk/product/ground-floor-decoration-package/,Ground Floor Decoration Package,,incabella-images\_site\Sparkling-Silver-T-Light-20000102-A_20765.jpeg
https://www.incabella.co.uk/product/ground-floor-decoration-package/,Ground Floor Decoration Package,,incabella-images\_site\Sparkling-Silver-T-Light-20000102-A_20765.jpeg
https://www.incabella.co.uk/product/ground-floor-decoration-package/,Ground Floor Decoration Package,,incabella-images\_site\Sparkling-Silver-T-Light-Holder-IMG_4275.jpeg
https://www.incabella.co.uk/product/ground-floor-decoration-package/,Ground Floor Decoration Package,,incabella-images\_site\Sparkling-Silver-T-Light-Holder-IMG_4275.jpeg
https://www.incabella.co.uk/product/ground-floor-decoration-package/,Ground Floor Decoration Package,,incabella-images\_site\Sparkling-Silver-T-Light-20000102-A_20765.jpeg
https://www.incabella.co.uk/product/ground-floor-decoration-package/,Ground Floor Decoration Package,,incabella-images\_site\Sparkling-Silver-T-Light-20000102-A_20765.jpeg
https://www.incabella.co.uk/product/ground-floor-decoration-package/,Ground Floor Decoration Package,,incabella-images\_site\Sparkling-Silver-T-Light-Holder-IMG_4275.jpeg
https://www.incabella.co.uk/product/ground-floor-decoration-package/,Ground Floor Decoration Package,,incabella-images\_site\Sparkling-Silver-T-Light-Holder-IMG_4275.jpeg
https://www.incabella.co.uk/product/ground-floor-decoration-package/,Ground Floor Decoration Package,,incabella-images\_site\IMG_1709.jpg
https://www.incabella.co.uk/product/ground-floor-decoration-package/,Ground Floor Decoration Package,,incabella-images\_site\IMG_1709-510x652@2x.jpg
https://www.incabella.co.uk/product/ground-floor-decoration-package/,Ground Floor Decoration Package,,incabella-images\_site\tlt-hld-wbells-h80mm-clr-gls.jpeg
https://www.incabella.co.uk/product/ground-floor-decoration-package/,Ground Floor Decoration Package,,incabella-images\_site\tlt-hld-wbells-h80mm-clr-gls.jpeg
https://www.incabella.co.uk/product/ground-floor-decoration-package/,Ground Floor Decoration Package,,incabella-images\_site\IMG_0442.jpg
https://www.incabella.co.uk/product/ground-floor-decoration-package/,Ground Floor Decoration Package,,incabella-images\_site\IMG_0442.jpg
https://www.incabella.co.uk/product/ground-floor-decoration-package/,Ground Floor Decoration Package,,incabella-images\_site\IMG_0454.jpg
https://www.incabella.co.uk/product/ground-floor-decoration-package/,Ground Floor Decoration Package,,incabella-images\_site\IMG_0454.jpg
https://www.incabella.co.uk/product/ground-floor-decoration-package/,Ground Floor Decoration Package,,incabella-images\_site\IMG_1673.jpg
https://www.incabella.co.uk/product/ground-floor-decoration-package/,Ground Floor Decoration Package,,incabella-images\_site\IMG_1673-510x652@2x.jpg
https://www.incabella.co.uk/product/ground-floor-decoration-package/,Ground Floor Decoration Package,,incabella-images\_site\4600494.jpg
https://www.incabella.co.uk/product/ground-floor-decoration-package/,Ground Floor Decoration Package,,incabella-images\_site\4600494-114x145@2x.jpg
https://www.incabella.co.uk/product/ground-floor-decoration-package/,Ground Floor Decoration Package,,incabella-images\_site\29329CBA-9791-4C5A-9FA8-1596D8E787E6.jpeg
https://www.incabella.co.uk/product/ground-floor-decoration-package/,Ground Floor Decoration Package,,incabella-images\_site\29329CBA-9791-4C5A-9FA8-1596D8E787E6.jpeg
https://www.incabella.co.uk/product/ground-floor-decoration-package/,Ground Floor Decoration Package,,incabella-images\_site\A7EF519C-3D41-4840-81D8-93E282E1606F.jpeg
https://www.incabella.co.uk/product/ground-floor-decoration-package/,Ground Floor Decoration Package,,incabella-images\_site\A7EF519C-3D41-4840-81D8-93E282E1606F.jpeg
https://www.incabella.co.uk/product/ground-floor-decoration-package/,Ground Floor Decoration Package,,incabella-images\_site\IMG_1970.jpg
https://www.incabella.co.uk/product/ground-floor-decoration-package/,Ground Floor Decoration Package,,incabella-images\_site\IMG_1970-510x652@2x.jpg
https://www.incabella.co.uk/product/ground-floor-decoration-package/,Ground Floor Decoration Package,,incabella-images\_site\Image-3.jpg
https://www.incabella.co.uk/product/ground-floor-decoration-package/,Ground Floor Decoration Package,,incabella-images\_site\Image-3-510x652@2x.jpg
https://www.incabella.co.uk/product/ground-floor-decoration-package/,Ground Floor Decoration Package,,incabella-images\_site\IMG_7145.jpeg
https://www.incabella.co.uk/product/ground-floor-decoration-package/,Ground Floor Decoration Package,,incabella-images\_site\IMG_7145.jpeg
https://www.incabella.co.uk/product/ground-floor-decoration-package/,Ground Floor Decoration Package,,incabella-images\_site\IMG_7533.jpeg
https://www.incabella.co.uk/product/ground-floor-decoration-package/,Ground Floor Decoration Package,,incabella-images\_site\IMG_7533.jpeg
https://www.incabella.co.uk/product/ground-floor-decoration-package/,Ground Floor Decoration Package,,incabella-images\_site\IMG_4217-e1615561069483.jpg
https://www.incabella.co.uk/product/ground-floor-decoration-package/,Ground Floor Decoration Package,,incabella-images\_site\IMG_4217-e1615561069483.jpg
https://www.incabella.co.uk/product/ground-floor-decoration-package/,Ground Floor Decoration Package,,incabella-images\_site\IMG_5159-e1615638036380.jpg
https://www.incabella.co.uk/product/ground-floor-decoration-package/,Ground Floor Decoration Package,,incabella-images\_site\IMG_5159-e1615638036380.jpg
https://www.incabella.co.uk/product/ground-floor-decoration-package/,Ground Floor Decoration Package,,incabella-images\_site\IMG_0545.jpeg
https://www.incabella.co.uk/product/ground-floor-decoration-package/,Ground Floor Decoration Package,,incabella-images\_site\IMG_0545.jpeg
https://www.incabella.co.uk/product/ground-floor-decoration-package/,Ground Floor Decoration Package,,incabella-images\_site\8327bd708a67d45dc7f6637f3e61ffa5.jpg
https://www.incabella.co.uk/product/ground-floor-decoration-package/,Ground Floor Decoration Package,,incabella-images\_site\8327bd708a67d45dc7f6637f3e61ffa5.jpg
https://www.incabella.co.uk/product/ground-floor-decoration-package/,Ground Floor Decoration Package,,incabella-images\_site\IMG_1158.jpg
https://www.incabella.co.uk/product/ground-floor-decoration-package/,Ground Floor Decoration Package,,incabella-images\_site\IMG_1158-190x243@2x.jpg
https://www.incabella.co.uk/product/ground-floor-decoration-package/,Ground Floor Decoration Package,,incabella-images\_site\IMG_3519.jpg
https://www.incabella.co.uk/product/ground-floor-decoration-package/,Ground Floor Decoration Package,,incabella-images\_site\IMG_3519-510x652@2x.jpg
https://www.incabella.co.uk/product/ground-floor-decoration-package/,Ground Floor Decoration Package,,incabella-images\_site\fullsizeoutput_50c2.jpeg
https://www.incabella.co.uk/product/ground-floor-decoration-package/,Ground Floor Decoration Package,,incabella-images\_site\fullsizeoutput_50c2.jpeg
https://www.incabella.co.uk/product/ground-floor-decoration-package/,Ground Floor Decoration Package,,incabella-images\_site\IMG_6448-e1520889491374.jpg
https://www.incabella.co.uk/product/ground-floor-decoration-package/,Ground Floor Decoration Package,,incabella-images\_site\IMG_6448-e1520889491374.jpg
https://www.incabella.co.uk/product/ground-floor-decoration-package/,Ground Floor Decoration Package,,incabella-images\_site\EL-ES-APR-2022-0435.jpg
https://www.incabella.co.uk/product/ground-floor-decoration-package/,Ground Floor Decoration Package,,incabella-images\_site\EL-ES-APR-2022-0435.jpg
https://www.incabella.co.uk/product/ground-floor-decoration-package/,Ground Floor Decoration Package,,incabella-images\_site\IMG_0520.jpeg
https://www.incabella.co.uk/product/ground-floor-decoration-package/,Ground Floor Decoration Package,,incabella-images\_site\IMG_0520.jpeg
https://www.incabella.co.uk/product/ground-floor-decoration-package/,Ground Floor Decoration Package,,incabella-images\_site\880A161C-0A42-4AD4-99AC-5E53B5188CE4.jpeg
https://www.incabella.co.uk/product/ground-floor-decoration-package/,Ground Floor Decoration Package,,incabella-images\_site\880A161C-0A42-4AD4-99AC-5E53B5188CE4.jpeg
https://www.incabella.co.uk/product/ground-floor-decoration-package/,Ground Floor Decoration Package,,incabella-images\_site\6A35E8F8-C756-4D74-A18D-9532A67C0D46.jpeg
https://www.incabella.co.uk/product/ground-floor-decoration-package/,Ground Floor Decoration Package,,incabella-images\_site\6A35E8F8-C756-4D74-A18D-9532A67C0D46.jpeg
https://www.incabella.co.uk/product/ground-floor-decoration-package/,Ground Floor Decoration Package,,incabella-images\_site\IMG_3750.jpg
https://www.incabella.co.uk/product/ground-floor-decoration-package/,Ground Floor Decoration Package,,incabella-images\_site\IMG_3750.jpg
https://www.incabella.co.uk/product/ground-floor-decoration-package/,Ground Floor Decoration Package,,incabella-images\_site\IMG_3812.jpg
https://www.incabella.co.uk/product/ground-floor-decoration-package/,Ground Floor Decoration Package,,incabella-images\_site\IMG_3812.jpg
https://www.incabella.co.uk/product/ground-floor-decoration-package/,Ground Floor Decoration Package,,incabella-images\_site\IncaBella_logo_02.png
https://www.incabella.co.uk/product/set-of-4-garden-games-not-including-giant-chess/,Set of any 4 Garden Games NOT including Giant Chess,,incabella-images\_site\IncaBella_logo_02.png
https://www.incabella.co.uk/product/set-of-4-garden-games-not-including-giant-chess/,Set of any 4 Garden Games NOT including Giant Chess,,incabella-images\_site\IB-sets-of-games-images-no-chess.jpg
https://www.incabella.co.uk/product/set-of-4-garden-games-not-including-giant-chess/,Set of any 4 Garden Games NOT including Giant Chess,,incabella-images\_site\IB-sets-of-games-images-no-chess.jpg
https://www.incabella.co.uk/product/set-of-4-garden-games-not-including-giant-chess/,Set of any 4 Garden Games NOT including Giant Chess,,incabella-images\_site\IB-sets-of-games-images-no-chess.jpg
https://www.incabella.co.uk/product/set-of-4-garden-games-not-including-giant-chess/,Set of any 4 Garden Games NOT including Giant Chess,,incabella-images\_site\UG304-P-Tumble-Tower-Pine-7700.png
https://www.incabella.co.uk/product/set-of-4-garden-games-not-including-giant-chess/,Set of any 4 Garden Games NOT including Giant Chess,,incabella-images\_site\UG304-P-Tumble-Tower-Pine-7700.png
https://www.incabella.co.uk/product/set-of-4-garden-games-not-including-giant-chess/,Set of any 4 Garden Games NOT including Giant Chess,,incabella-images\_site\UG304-P-Tumble-Tower-Pine-7700.png
https://www.incabella.co.uk/product/set-of-4-garden-games-not-including-giant-chess/,Set of any 4 Garden Games NOT including Giant Chess,,incabella-images\product_set-of-4-garden-games-not-including-giant-chess\IMG_1590.jpeg
https://www.incabella.co.uk/product/set-of-4-garden-games-not-including-giant-chess/,Set of any 4 Garden Games NOT including Giant Chess,,incabella-images\product_set-of-4-garden-games-not-including-giant-chess\IMG_1590.jpeg
https://www.incabella.co.uk/product/set-of-4-garden-games-not-including-giant-chess/,Set of any 4 Garden Games NOT including Giant Chess,,incabella-images\product_set-of-4-garden-games-not-including-giant-chess\IMG_1590.jpeg
https://www.incabella.co.uk/product/set-of-4-garden-games-not-including-giant-chess/,Set of any 4 Garden Games NOT including Giant Chess,,incabella-images\product_set-of-4-garden-games-not-including-giant-chess\IMG_1595.jpeg
https://www.incabella.co.uk/product/set-of-4-garden-games-not-including-giant-chess/,Set of any 4 Garden Games NOT including Giant Chess,,incabella-images\product_set-of-4-garden-games-not-including-giant-chess\IMG_1595.jpeg
https://www.incabella.co.uk/product/set-of-4-garden-games-not-including-giant-chess/,Set of any 4 Garden Games NOT including Giant Chess,,incabella-images\product_set-of-4-garden-games-not-including-giant-chess\IMG_1595.jpeg
https://www.incabella.co.uk/product/set-of-4-garden-games-not-including-giant-chess/,Set of any 4 Garden Games NOT including Giant Chess,,incabella-images\product_set-of-4-garden-games-not-including-giant-chess\IMG_1607.jpeg
https://www.incabella.co.uk/product/set-of-4-garden-games-not-including-giant-chess/,Set of any 4 Garden Games NOT including Giant Chess,,incabella-images\product_set-of-4-garden-games-not-including-giant-chess\IMG_1607.jpeg
https://www.incabella.co.uk/product/set-of-4-garden-games-not-including-giant-chess/,Set of any 4 Garden Games NOT including Giant Chess,,incabella-images\product_set-of-4-garden-games-not-including-giant-chess\IMG_1607.jpeg
https://www.incabella.co.uk/product/set-of-4-garden-games-not-including-giant-chess/,Set of any 4 Garden Games NOT including Giant Chess,,incabella-images\product_set-of-4-garden-games-not-including-giant-chess\IMG_1609.jpeg
https://www.incabella.co.uk/product/set-of-4-garden-games-not-including-giant-chess/,Set of any 4 Garden Games NOT including Giant Chess,,incabella-images\product_set-of-4-garden-games-not-including-giant-chess\IMG_1609.jpeg
https://www.incabella.co.uk/product/set-of-4-garden-games-not-including-giant-chess/,Set of any 4 Garden Games NOT including Giant Chess,,incabella-images\product_set-of-4-garden-games-not-including-giant-chess\IMG_1609.jpeg
https://www.incabella.co.uk/product/set-of-4-garden-games-not-including-giant-chess/,Set of any 4 Garden Games NOT including Giant Chess,,incabella-images\product_set-of-4-garden-games-not-including-giant-chess\IMG_1627.jpeg
https://www.incabella.co.uk/product/set-of-4-garden-games-not-including-giant-chess/,Set of any 4 Garden Games NOT including Giant Chess,,incabella-images\product_set-of-4-garden-games-not-including-giant-chess\IMG_1627.jpeg
https://www.incabella.co.uk/product/set-of-4-garden-games-not-including-giant-chess/,Set of any 4 Garden Games NOT including Giant Chess,,incabella-images\product_set-of-4-garden-games-not-including-giant-chess\IMG_1627.jpeg
https://www.incabella.co.uk/product/set-of-4-garden-games-not-including-giant-chess/,Set of any 4 Garden Games NOT including Giant Chess,,incabella-images\_site\IB-sets-of-games-images-no-chess.jpg
https://www.incabella.co.uk/product/set-of-4-garden-games-not-including-giant-chess/,Set of any 4 Garden Games NOT including Giant Chess,,incabella-images\_site\IB-sets-of-games-images-no-chess.jpg
https://www.incabella.co.uk/product/set-of-4-garden-games-not-including-giant-chess/,Set of any 4 Garden Games NOT including Giant Chess,,incabella-images\_site\UG304-P-Tumble-Tower-Pine-7700.png
https://www.incabella.co.uk/product/set-of-4-garden-games-not-including-giant-chess/,Set of any 4 Garden Games NOT including Giant Chess,,incabella-images\_site\UG304-P-Tumble-Tower-Pine-7700.png
https://www.incabella.co.uk/product/set-of-4-garden-games-not-including-giant-chess/,Set of any 4 Garden Games NOT including Giant Chess,,incabella-images\product_set-of-4-garden-games-not-including-giant-chess\IMG_1590.jpeg
https://www.incabella.co.uk/product/set-of-4-garden-games-not-including-giant-chess/,Set of any 4 Garden Games NOT including Giant Chess,,incabella-images\product_set-of-4-garden-games-not-including-giant-chess\IMG_1590.jpeg
https://www.incabella.co.uk/product/set-of-4-garden-games-not-including-giant-chess/,Set of any 4 Garden Games NOT including Giant Chess,,incabella-images\product_set-of-4-garden-games-not-including-giant-chess\IMG_1595.jpeg
https://www.incabella.co.uk/product/set-of-4-garden-games-not-including-giant-chess/,Set of any 4 Garden Games NOT including Giant Chess,,incabella-images\product_set-of-4-garden-games-not-including-giant-chess\IMG_1595.jpeg
https://www.incabella.co.uk/product/set-of-4-garden-games-not-including-giant-chess/,Set of any 4 Garden Games NOT including Giant Chess,,incabella-images\product_set-of-4-garden-games-not-including-giant-chess\IMG_1607.jpeg
https://www.incabella.co.uk/product/set-of-4-garden-games-not-including-giant-chess/,Set of any 4 Garden Games NOT including Giant Chess,,incabella-images\product_set-of-4-garden-games-not-including-giant-chess\IMG_1607.jpeg
https://www.incabella.co.uk/product/set-of-4-garden-games-not-including-giant-chess/,Set of any 4 Garden Games NOT including Giant Chess,,incabella-images\product_set-of-4-garden-games-not-including-giant-chess\IMG_1609.jpeg
https://www.incabella.co.uk/product/set-of-4-garden-games-not-including-giant-chess/,Set of any 4 Garden Games NOT including Giant Chess,,incabella-images\product_set-of-4-garden-games-not-including-giant-chess\IMG_1609.jpeg
https://www.incabella.co.uk/product/set-of-4-garden-games-not-including-giant-chess/,Set of any 4 Garden Games NOT including Giant Chess,,incabella-images\product_set-of-4-garden-games-not-including-giant-chess\IMG_1627.jpeg
https://www.incabella.co.uk/product/set-of-4-garden-games-not-including-giant-chess/,Set of any 4 Garden Games NOT including Giant Chess,,incabella-images\product_set-of-4-garden-games-not-including-giant-chess\IMG_1627.jpeg
https://www.incabella.co.uk/product/set-of-4-garden-games-not-including-giant-chess/,Set of any 4 Garden Games NOT including Giant Chess,,incabella-images\_site\IB-sets-of-games-images.jpg
https://www.incabella.co.uk/product/set-of-4-garden-games-not-including-giant-chess/,Set of any 4 Garden Games NOT including Giant Chess,,incabella-images\_site\IB-sets-of-games-images.jpg
https://www.incabella.co.uk/product/set-of-4-garden-games-not-including-giant-chess/,Set of any 4 Garden Games NOT including Giant Chess,,incabella-images\_site\giant-outdoor-chess.jpg
https://www.incabella.co.uk/product/set-of-4-garden-games-not-including-giant-chess/,Set of any 4 Garden Games NOT including Giant Chess,,incabella-images\_site\giant-outdoor-chess.jpg
https://www.incabella.co.uk/product/set-of-4-garden-games-not-including-giant-chess/,Set of any 4 Garden Games NOT including Giant Chess,,incabella-images\_site\IB-sets-of-games-images.jpg
https://www.incabella.co.uk/product/set-of-4-garden-games-not-including-giant-chess/,Set of any 4 Garden Games NOT including Giant Chess,,incabella-images\_site\IB-sets-of-games-images.jpg
https://www.incabella.co.uk/product/set-of-4-garden-games-not-including-giant-chess/,Set of any 4 Garden Games NOT including Giant Chess,,incabella-images\_site\giant-outdoor-chess.jpg
https://www.incabella.co.uk/product/set-of-4-garden-games-not-including-giant-chess/,Set of any 4 Garden Games NOT including Giant Chess,,incabella-images\_site\giant-outdoor-chess.jpg
https://www.incabella.co.uk/product/set-of-4-garden-games-not-including-giant-chess/,Set of any 4 Garden Games NOT including Giant Chess,,incabella-images\_site\IB-sets-of-games-images.jpg
https://www.incabella.co.uk/product/set-of-4-garden-games-not-including-giant-chess/,Set of any 4 Garden Games NOT including Giant Chess,,incabella-images\_site\IB-sets-of-games-images.jpg
https://www.incabella.co.uk/product/set-of-4-garden-games-not-including-giant-chess/,Set of any 4 Garden Games NOT including Giant Chess,,incabella-images\_site\giant-outdoor-chess.jpg
https://www.incabella.co.uk/product/set-of-4-garden-games-not-including-giant-chess/,Set of any 4 Garden Games NOT including Giant Chess,,incabella-images\_site\giant-outdoor-chess.jpg
https://www.incabella.co.uk/product/set-of-4-garden-games-not-including-giant-chess/,Set of any 4 Garden Games NOT including Giant Chess,,incabella-images\_site\IMG_9834.jpeg
https://www.incabella.co.uk/product/set-of-4-garden-games-not-including-giant-chess/,Set of any 4 Garden Games NOT including Giant Chess,,incabella-images\_site\IMG_9834.jpeg
https://www.incabella.co.uk/product/set-of-4-garden-games-not-including-giant-chess/,Set of any 4 Garden Games NOT including Giant Chess,,incabella-images\_site\IMG_9836.jpeg
https://www.incabella.co.uk/product/set-of-4-garden-games-not-including-giant-chess/,Set of any 4 Garden Games NOT including Giant Chess,,incabella-images\_site\IMG_9836.jpeg
https://www.incabella.co.uk/product/set-of-4-garden-games-not-including-giant-chess/,Set of any 4 Garden Games NOT including Giant Chess,,incabella-images\_site\IB-sets-of-games-images.jpg
https://www.incabella.co.uk/product/set-of-4-garden-games-not-including-giant-chess/,Set of any 4 Garden Games NOT including Giant Chess,,incabella-images\_site\IB-sets-of-games-images.jpg
https://www.incabella.co.uk/product/set-of-4-garden-games-not-including-giant-chess/,Set of any 4 Garden Games NOT including Giant Chess,,incabella-images\_site\giant-outdoor-chess.jpg
https://www.incabella.co.uk/product/set-of-4-garden-games-not-including-giant-chess/,Set of any 4 Garden Games NOT including Giant Chess,,incabella-images\_site\giant-outdoor-chess.jpg
https://www.incabella.co.uk/product/set-of-4-garden-games-not-including-giant-chess/,Set of any 4 Garden Games NOT including Giant Chess,,incabella-images\_site\IncaBella_logo_02.png
https://www.incabella.co.uk/product/two-vintage-suitcases/,Two Vintage Suitcases,,incabella-images\_site\IncaBella_logo_02.png
https://www.incabella.co.uk/product/two-vintage-suitcases/,Two Vintage Suitcases,,incabella-images\_site\IMG_3750.jpg
https://www.incabella.co.uk/product/two-vintage-suitcases/,Two Vintage Suitcases,,incabella-images\_site\IMG_3750.jpg
https://www.incabella.co.uk/product/two-vintage-suitcases/,Two Vintage Suitcases,,incabella-images\_site\IMG_3750.jpg
https://www.incabella.co.uk/product/two-vintage-suitcases/,Two Vintage Suitcases,,incabella-images\_site\IMG_3812.jpg
https://www.incabella.co.uk/product/two-vintage-suitcases/,Two Vintage Suitcases,,incabella-images\_site\IMG_3812.jpg
https://www.incabella.co.uk/product/two-vintage-suitcases/,Two Vintage Suitcases,,incabella-images\_site\IMG_3812.jpg
https://www.incabella.co.uk/product/two-vintage-suitcases/,Two Vintage Suitcases,,incabella-images\product_two-vintage-suitcases\IMG_3801.jpg
https://www.incabella.co.uk/product/two-vintage-suitcases/,Two Vintage Suitcases,,incabella-images\product_two-vintage-suitcases\IMG_3801.jpg
https://www.incabella.co.uk/product/two-vintage-suitcases/,Two Vintage Suitcases,,incabella-images\product_two-vintage-suitcases\IMG_3801.jpg
https://www.incabella.co.uk/product/two-vintage-suitcases/,Two Vintage Suitcases,,incabella-images\_site\IMG_3750.jpg
https://www.incabella.co.uk/product/two-vintage-suitcases/,Two Vintage Suitcases,,incabella-images\_site\IMG_3750.jpg
https://www.incabella.co.uk/product/two-vintage-suitcases/,Two Vintage Suitcases,,incabella-images\_site\IMG_3812.jpg
https://www.incabella.co.uk/product/two-vintage-suitcases/,Two Vintage Suitcases,,incabella-images\_site\IMG_3812.jpg
https://www.incabella.co.uk/product/two-vintage-suitcases/,Two Vintage Suitcases,,incabella-images\product_two-vintage-suitcases\IMG_3801.jpg
https://www.incabella.co.uk/product/two-vintage-suitcases/,Two Vintage Suitcases,,incabella-images\product_two-vintage-suitcases\IMG_3801.jpg
https://www.incabella.co.uk/product/two-vintage-suitcases/,Two Vintage Suitcases,,incabella-images\_site\IMG_1709.jpg
https://www.incabella.co.uk/product/two-vintage-suitcases/,Two Vintage Suitcases,,incabella-images\_site\IMG_1709-510x652@2x.jpg
https://www.incabella.co.uk/product/two-vintage-suitcases/,Two Vintage Suitcases,,incabella-images\_site\tlt-hld-wbells-h80mm-clr-gls.jpeg
https://www.incabella.co.uk/product/two-vintage-suitcases/,Two Vintage Suitcases,,incabella-images\_site\tlt-hld-wbells-h80mm-clr-gls.jpeg
https://www.incabella.co.uk/product/two-vintage-suitcases/,Two Vintage Suitcases,,incabella-images\_site\IMG_E1342.jpg
https://www.incabella.co.uk/product/two-vintage-suitcases/,Two Vintage Suitcases,,incabella-images\_site\IMG_E1342.jpg
https://www.incabella.co.uk/product/two-vintage-suitcases/,Two Vintage Suitcases,,incabella-images\_site\clear-glass-hurricane-lantern.jpeg
https://www.incabella.co.uk/product/two-vintage-suitcases/,Two Vintage Suitcases,,incabella-images\_site\clear-glass-hurricane-lantern.jpeg
https://www.incabella.co.uk/product/two-vintage-suitcases/,Two Vintage Suitcases,,incabella-images\_site\image10.jpeg
https://www.incabella.co.uk/product/two-vintage-suitcases/,Two Vintage Suitcases,,incabella-images\_site\image10.jpeg
https://www.incabella.co.uk/product/two-vintage-suitcases/,Two Vintage Suitcases,,incabella-images\_site\20473090a409721a3a4007908b32130e.jpg
https://www.incabella.co.uk/product/two-vintage-suitcases/,Two Vintage Suitcases,,incabella-images\_site\20473090a409721a3a4007908b32130e.jpg
https://www.incabella.co.uk/product/two-vintage-suitcases/,Two Vintage Suitcases,,incabella-images\_site\IMG_0946.jpeg
https://www.incabella.co.uk/product/two-vintage-suitcases/,Two Vintage Suitcases,,incabella-images\_site\IMG_0946.jpeg
https://www.incabella.co.uk/product/two-vintage-suitcases/,Two Vintage Suitcases,,incabella-images\_site\lantern-wrope-hndl-h250x180mm-gls-grey.jpeg
https://www.incabella.co.uk/product/two-vintage-suitcases/,Two Vintage Suitcases,,incabella-images\_site\lantern-wrope-hndl-h250x180mm-gls-grey.jpeg
https://www.incabella.co.uk/product/two-vintage-suitcases/,Two Vintage Suitcases,,incabella-images\_site\Sparkling-Silver-T-Light-20000102-A_20765.jpeg
https://www.incabella.co.uk/product/two-vintage-suitcases/,Two Vintage Suitcases,,incabella-images\_site\Sparkling-Silver-T-Light-20000102-A_20765.jpeg
https://www.incabella.co.uk/product/two-vintage-suitcases/,Two Vintage Suitcases,,incabella-images\_site\Sparkling-Silver-T-Light-Holder-IMG_4275.jpeg
https://www.incabella.co.uk/product/two-vintage-suitcases/,Two Vintage Suitcases,,incabella-images\_site\Sparkling-Silver-T-Light-Holder-IMG_4275.jpeg
https://www.incabella.co.uk/product/two-vintage-suitcases/,Two Vintage Suitcases,,incabella-images\_site\Sparkling-Silver-T-Light-20000102-A_20765.jpeg
https://www.incabella.co.uk/product/two-vintage-suitcases/,Two Vintage Suitcases,,incabella-images\_site\Sparkling-Silver-T-Light-20000102-A_20765.jpeg
https://www.incabella.co.uk/product/two-vintage-suitcases/,Two Vintage Suitcases,,incabella-images\_site\Sparkling-Silver-T-Light-Holder-IMG_4275.jpeg
https://www.incabella.co.uk/product/two-vintage-suitcases/,Two Vintage Suitcases,,incabella-images\_site\Sparkling-Silver-T-Light-Holder-IMG_4275.jpeg
https://www.incabella.co.uk/product/two-vintage-suitcases/,Two Vintage Suitcases,,incabella-images\_site\DSC_2443-600x398_c.jpg
https://www.incabella.co.uk/product/two-vintage-suitcases/,Two Vintage Suitcases,,incabella-images\_site\DSC_2443-600x398_c-114x145@2x.jpg
https://www.incabella.co.uk/product/two-vintage-suitcases/,Two Vintage Suitcases,,incabella-images\_site\IMG_1713.jpg
https://www.incabella.co.uk/product/two-vintage-suitcases/,Two Vintage Suitcases,,incabella-images\_site\IMG_1713-510x652@2x.jpg
https://www.incabella.co.uk/product/two-vintage-suitcases/,Two Vintage Suitcases,,incabella-images\_site\5d6ad4c0-13bc-479b-8b50-cfe64523502e.jpeg
https://www.incabella.co.uk/product/two-vintage-suitcases/,Two Vintage Suitcases,,incabella-images\_site\5d6ad4c0-13bc-479b-8b50-cfe64523502e.jpeg
https://www.incabella.co.uk/product/two-vintage-suitcases/,Two Vintage Suitcases,,incabella-images\_site\fullsizeoutput_5ff9.jpeg
https://www.incabella.co.uk/product/two-vintage-suitcases/,Two Vintage Suitcases,,incabella-images\_site\fullsizeoutput_5ff9.jpeg
https://www.incabella.co.uk/product/two-vintage-suitcases/,Two Vintage Suitcases,,incabella-images\_site\IMG_1673.jpg
https://www.incabella.co.uk/product/two-vintage-suitcases/,Two Vintage Suitcases,,incabella-images\_site\IMG_1673-510x652@2x.jpg
https://www.incabella.co.uk/product/two-vintage-suitcases/,Two Vintage Suitcases,,incabella-images\_site\4600494.jpg
https://www.incabella.co.uk/product/two-vintage-suitcases/,Two Vintage Suitcases,,incabella-images\_site\4600494-114x145@2x.jpg
https://www.incabella.co.uk/product/two-vintage-suitcases/,Two Vintage Suitcases,,incabella-images\_site\IMG_7095.jpeg
https://www.incabella.co.uk/product/two-vintage-suitcases/,Two Vintage Suitcases,,incabella-images\_site\IMG_7095.jpeg
https://www.incabella.co.uk/product/two-vintage-suitcases/,Two Vintage Suitcases,,incabella-images\_site\6A9461D2-8C98-4412-BC65-4CDD37EF0A5D.jpeg
https://www.incabella.co.uk/product/two-vintage-suitcases/,Two Vintage Suitcases,,incabella-images\_site\6A9461D2-8C98-4412-BC65-4CDD37EF0A5D.jpeg
https://www.incabella.co.uk/product/two-vintage-suitcases/,Two Vintage Suitcases,,incabella-images\_site\IMG_2205.jpg
https://www.incabella.co.uk/product/two-vintage-suitcases/,Two Vintage Suitcases,,incabella-images\_site\IMG_2205-510x652@2x.jpg
https://www.incabella.co.uk/product/two-vintage-suitcases/,Two Vintage Suitcases,,incabella-images\_site\IMG_2203.jpg
https://www.incabella.co.uk/product/two-vintage-suitcases/,Two Vintage Suitcases,,incabella-images\_site\IMG_2203-510x652@2x.jpg
https://www.incabella.co.uk/product/two-vintage-suitcases/,Two Vintage Suitcases,,incabella-images\_site\IMG_7953.jpeg
https://www.incabella.co.uk/product/two-vintage-suitcases/,Two Vintage Suitcases,,incabella-images\_site\IMG_7953.jpeg
https://www.incabella.co.uk/product/two-vintage-suitcases/,Two Vintage Suitcases,,incabella-images\_site\873F2BAE-D7E1-4031-9F1F-6913BD571894.jpeg
https://www.incabella.co.uk/product/two-vintage-suitcases/,Two Vintage Suitcases,,incabella-images\_site\873F2BAE-D7E1-4031-9F1F-6913BD571894.jpeg
https://www.incabella.co.uk/product/two-vintage-suitcases/,Two Vintage Suitcases,,incabella-images\_site\IMG_1970.jpg
https://www.incabella.co.uk/product/two-vintage-suitcases/,Two Vintage Suitcases,,incabella-images\_site\IMG_1970-510x652@2x.jpg
https://www.incabella.co.uk/product/two-vintage-suitcases/,Two Vintage Suitcases,,incabella-images\_site\Image-3.jpg
https://www.incabella.co.uk/product/two-vintage-suitcases/,Two Vintage Suitcases,,incabella-images\_site\Image-3-510x652@2x.jpg
https://www.incabella.co.uk/product/two-vintage-suitcases/,Two Vintage Suitcases,,incabella-images\_site\IMG_0442.jpg
https://www.incabella.co.uk/product/two-vintage-suitcases/,Two Vintage Suitcases,,incabella-images\_site\IMG_0442.jpg
https://www.incabella.co.uk/product/two-vintage-suitcases/,Two Vintage Suitcases,,incabella-images\_site\IMG_0454.jpg
https://www.incabella.co.uk/product/two-vintage-suitcases/,Two Vintage Suitcases,,incabella-images\_site\IMG_0454.jpg
https://www.incabella.co.uk/product/two-vintage-suitcases/,Two Vintage Suitcases,,incabella-images\_site\IMG_7450.jpeg
https://www.incabella.co.uk/product/two-vintage-suitcases/,Two Vintage Suitcases,,incabella-images\_site\IMG_7450.jpeg
https://www.incabella.co.uk/product/two-vintage-suitcases/,Two Vintage Suitcases,,incabella-images\_site\IMG_1085.jpg
https://www.incabella.co.uk/product/two-vintage-suitcases/,Two Vintage Suitcases,,incabella-images\_site\IMG_1085-510x652@2x.jpg
https://www.incabella.co.uk/product/two-vintage-suitcases/,Two Vintage Suitcases,,incabella-images\_site\IMG_3039.jpg
https://www.incabella.co.uk/product/two-vintage-suitcases/,Two Vintage Suitcases,,incabella-images\_site\IMG_3039-114x145@2x.jpg
https://www.incabella.co.uk/product/two-vintage-suitcases/,Two Vintage Suitcases,,incabella-images\_site\IMG_3043.jpg
https://www.incabella.co.uk/product/two-vintage-suitcases/,Two Vintage Suitcases,,incabella-images\_site\IMG_3043-190x243@2x.jpg
https://www.incabella.co.uk/product/two-vintage-suitcases/,Two Vintage Suitcases,,incabella-images\_site\EL-ES-APR-2022-0435.jpg
https://www.incabella.co.uk/product/two-vintage-suitcases/,Two Vintage Suitcases,,incabella-images\_site\EL-ES-APR-2022-0435.jpg
https://www.incabella.co.uk/product/two-vintage-suitcases/,Two Vintage Suitcases,,incabella-images\_site\IMG_0520.jpeg
https://www.incabella.co.uk/product/two-vintage-suitcases/,Two Vintage Suitcases,,incabella-images\_site\IMG_0520.jpeg
https://www.incabella.co.uk/product/two-vintage-suitcases/,Two Vintage Suitcases,,incabella-images\_site\IMG_3120.jpg
https://www.incabella.co.uk/product/two-vintage-suitcases/,Two Vintage Suitcases,,incabella-images\_site\IMG_3120-510x652@2x.jpg
https://www.incabella.co.uk/product/two-vintage-suitcases/,Two Vintage Suitcases,,incabella-images\_site\IMG_3119.jpg
https://www.incabella.co.uk/product/two-vintage-suitcases/,Two Vintage Suitcases,,incabella-images\_site\IMG_3119-510x652@2x.jpg
https://www.incabella.co.uk/product/two-vintage-suitcases/,Two Vintage Suitcases,,incabella-images\_site\IncaBella_logo_02.png
https://www.incabella.co.uk/product/outdoor-ceremony-set-up/,Outdoor Ceremony  Set-Up,,incabella-images\_site\IncaBella_logo_02.png
https://www.incabella.co.uk/product/outdoor-ceremony-set-up/,Outdoor Ceremony  Set-Up,,incabella-images\product_outdoor-ceremony-set-up\IMG_4084-scaled.jpeg
https://www.incabella.co.uk/product/outdoor-ceremony-set-up/,Outdoor Ceremony  Set-Up,,incabella-images\_site\IMG_4084.jpeg
https://www.incabella.co.uk/product/outdoor-ceremony-set-up/,Outdoor Ceremony  Set-Up,,incabella-images\_site\IMG_4084.jpeg
https://www.incabella.co.uk/product/outdoor-ceremony-set-up/,Outdoor Ceremony  Set-Up,,incabella-images\product_outdoor-ceremony-set-up\IMG_3684-scaled.jpeg
https://www.incabella.co.uk/product/outdoor-ceremony-set-up/,Outdoor Ceremony  Set-Up,,incabella-images\_site\IMG_3684.jpeg
https://www.incabella.co.uk/product/outdoor-ceremony-set-up/,Outdoor Ceremony  Set-Up,,incabella-images\_site\IMG_3684.jpeg
https://www.incabella.co.uk/product/outdoor-ceremony-set-up/,Outdoor Ceremony  Set-Up,,incabella-images\product_outdoor-ceremony-set-up\Sabrah-Andy-245-scaled.jpeg
https://www.incabella.co.uk/product/outdoor-ceremony-set-up/,Outdoor Ceremony  Set-Up,,incabella-images\product_outdoor-ceremony-set-up\Sabrah-Andy-245.jpeg
https://www.incabella.co.uk/product/outdoor-ceremony-set-up/,Outdoor Ceremony  Set-Up,,incabella-images\product_outdoor-ceremony-set-up\Sabrah-Andy-245.jpeg
https://www.incabella.co.uk/product/outdoor-ceremony-set-up/,Outdoor Ceremony  Set-Up,,incabella-images\product_outdoor-ceremony-set-up\IMG_7399-scaled.jpeg
https://www.incabella.co.uk/product/outdoor-ceremony-set-up/,Outdoor Ceremony  Set-Up,,incabella-images\product_outdoor-ceremony-set-up\IMG_7399.jpeg
https://www.incabella.co.uk/product/outdoor-ceremony-set-up/,Outdoor Ceremony  Set-Up,,incabella-images\product_outdoor-ceremony-set-up\IMG_7399.jpeg
https://www.incabella.co.uk/product/outdoor-ceremony-set-up/,Outdoor Ceremony  Set-Up,,incabella-images\product_outdoor-ceremony-set-up\b1e0b1f9-6d45-4fe7-971a-3f808f1be4e2.jpeg
https://www.incabella.co.uk/product/outdoor-ceremony-set-up/,Outdoor Ceremony  Set-Up,,incabella-images\product_outdoor-ceremony-set-up\b1e0b1f9-6d45-4fe7-971a-3f808f1be4e2.jpeg
https://www.incabella.co.uk/product/outdoor-ceremony-set-up/,Outdoor Ceremony  Set-Up,,incabella-images\product_outdoor-ceremony-set-up\b1e0b1f9-6d45-4fe7-971a-3f808f1be4e2.jpeg
https://www.incabella.co.uk/product/outdoor-ceremony-set-up/,Outdoor Ceremony  Set-Up,,incabella-images\_site\IMG_4084.jpeg
https://www.incabella.co.uk/product/outdoor-ceremony-set-up/,Outdoor Ceremony  Set-Up,,incabella-images\_site\IMG_4084.jpeg
https://www.incabella.co.uk/product/outdoor-ceremony-set-up/,Outdoor Ceremony  Set-Up,,incabella-images\_site\IMG_3684.jpeg
https://www.incabella.co.uk/product/outdoor-ceremony-set-up/,Outdoor Ceremony  Set-Up,,incabella-images\_site\IMG_3684.jpeg
https://www.incabella.co.uk/product/outdoor-ceremony-set-up/,Outdoor Ceremony  Set-Up,,incabella-images\product_outdoor-ceremony-set-up\Sabrah-Andy-245.jpeg
https://www.incabella.co.uk/product/outdoor-ceremony-set-up/,Outdoor Ceremony  Set-Up,,incabella-images\product_outdoor-ceremony-set-up\Sabrah-Andy-245.jpeg
https://www.incabella.co.uk/product/outdoor-ceremony-set-up/,Outdoor Ceremony  Set-Up,,incabella-images\product_outdoor-ceremony-set-up\IMG_7399.jpeg
https://www.incabella.co.uk/product/outdoor-ceremony-set-up/,Outdoor Ceremony  Set-Up,,incabella-images\product_outdoor-ceremony-set-up\IMG_7399.jpeg
https://www.incabella.co.uk/product/outdoor-ceremony-set-up/,Outdoor Ceremony  Set-Up,,incabella-images\product_outdoor-ceremony-set-up\b1e0b1f9-6d45-4fe7-971a-3f808f1be4e2.jpeg
https://www.incabella.co.uk/product/outdoor-ceremony-set-up/,Outdoor Ceremony  Set-Up,,incabella-images\product_outdoor-ceremony-set-up\b1e0b1f9-6d45-4fe7-971a-3f808f1be4e2.jpeg
https://www.incabella.co.uk/product/outdoor-ceremony-set-up/,Outdoor Ceremony  Set-Up,,incabella-images\_site\hanging-heart-tea-light-holder.jpeg
https://www.incabella.co.uk/product/outdoor-ceremony-set-up/,Outdoor Ceremony  Set-Up,,incabella-images\_site\hanging-heart-tea-light-holder.jpeg
https://www.incabella.co.uk/product/outdoor-ceremony-set-up/,Outdoor Ceremony  Set-Up,,incabella-images\_site\hanging-heart-tea-light-holder.jpeg
https://www.incabella.co.uk/product/outdoor-ceremony-set-up/,Outdoor Ceremony  Set-Up,,incabella-images\_site\hanging-heart-tea-light-holder.jpeg
https://www.incabella.co.uk/product/outdoor-ceremony-set-up/,Outdoor Ceremony  Set-Up,,incabella-images\_site\sana-storm-lantern.jpg
https://www.incabella.co.uk/product/outdoor-ceremony-set-up/,Outdoor Ceremony  Set-Up,,incabella-images\_site\sana-storm-lantern.jpg
https://www.incabella.co.uk/product/outdoor-ceremony-set-up/,Outdoor Ceremony  Set-Up,,incabella-images\_site\A-FS-S-FS-A-SANA-STORM-LANTERN-SQ-7.jpeg
https://www.incabella.co.uk/product/outdoor-ceremony-set-up/,Outdoor Ceremony  Set-Up,,incabella-images\_site\A-FS-S-FS-A-SANA-STORM-LANTERN-SQ-7.jpeg
https://www.incabella.co.uk/product/outdoor-ceremony-set-up/,Outdoor Ceremony  Set-Up,,incabella-images\_site\Sparkling-Silver-T-Light-20000102-A_20765.jpeg
https://www.incabella.co.uk/product/outdoor-ceremony-set-up/,Outdoor Ceremony  Set-Up,,incabella-images\_site\Sparkling-Silver-T-Light-20000102-A_20765.jpeg
https://www.incabella.co.uk/product/outdoor-ceremony-set-up/,Outdoor Ceremony  Set-Up,,incabella-images\_site\Sparkling-Silver-T-Light-Holder-IMG_4275.jpeg
https://www.incabella.co.uk/product/outdoor-ceremony-set-up/,Outdoor Ceremony  Set-Up,,incabella-images\_site\Sparkling-Silver-T-Light-Holder-IMG_4275.jpeg
https://www.incabella.co.uk/product/outdoor-ceremony-set-up/,Outdoor Ceremony  Set-Up,,incabella-images\_site\Sparkling-Silver-T-Light-20000102-A_20765.jpeg
https://www.incabella.co.uk/product/outdoor-ceremony-set-up/,Outdoor Ceremony  Set-Up,,incabella-images\_site\Sparkling-Silver-T-Light-20000102-A_20765.jpeg
https://www.incabella.co.uk/product/outdoor-ceremony-set-up/,Outdoor Ceremony  Set-Up,,incabella-images\_site\Sparkling-Silver-T-Light-Holder-IMG_4275.jpeg
https://www.incabella.co.uk/product/outdoor-ceremony-set-up/,Outdoor Ceremony  Set-Up,,incabella-images\_site\Sparkling-Silver-T-Light-Holder-IMG_4275.jpeg
https://www.incabella.co.uk/product/outdoor-ceremony-set-up/,Outdoor Ceremony  Set-Up,,incabella-images\_site\image10.jpeg
https://www.incabella.co.uk/product/outdoor-ceremony-set-up/,Outdoor Ceremony  Set-Up,,incabella-images\_site\image10.jpeg
https://www.incabella.co.uk/product/outdoor-ceremony-set-up/,Outdoor Ceremony  Set-Up,,incabella-images\_site\20473090a409721a3a4007908b32130e.jpg
https://www.incabella.co.uk/product/outdoor-ceremony-set-up/,Outdoor Ceremony  Set-Up,,incabella-images\_site\20473090a409721a3a4007908b32130e.jpg
https://www.incabella.co.uk/product/outdoor-ceremony-set-up/,Outdoor Ceremony  Set-Up,,incabella-images\_site\IMG_0946.jpeg
https://www.incabella.co.uk/product/outdoor-ceremony-set-up/,Outdoor Ceremony  Set-Up,,incabella-images\_site\IMG_0946.jpeg
https://www.incabella.co.uk/product/outdoor-ceremony-set-up/,Outdoor Ceremony  Set-Up,,incabella-images\_site\lantern-wrope-hndl-h250x180mm-gls-grey.jpeg
https://www.incabella.co.uk/product/outdoor-ceremony-set-up/,Outdoor Ceremony  Set-Up,,incabella-images\_site\lantern-wrope-hndl-h250x180mm-gls-grey.jpeg
https://www.incabella.co.uk/product/outdoor-ceremony-set-up/,Outdoor Ceremony  Set-Up,,incabella-images\_site\IMG_E1342.jpg
https://www.incabella.co.uk/product/outdoor-ceremony-set-up/,Outdoor Ceremony  Set-Up,,incabella-images\_site\IMG_E1342.jpg
https://www.incabella.co.uk/product/outdoor-ceremony-set-up/,Outdoor Ceremony  Set-Up,,incabella-images\_site\clear-glass-hurricane-lantern.jpeg
https://www.incabella.co.uk/product/outdoor-ceremony-set-up/,Outdoor Ceremony  Set-Up,,incabella-images\_site\clear-glass-hurricane-lantern.jpeg
https://www.incabella.co.uk/product/outdoor-ceremony-set-up/,Outdoor Ceremony  Set-Up,,incabella-images\_site\IMG_1709.jpg
https://www.incabella.co.uk/product/outdoor-ceremony-set-up/,Outdoor Ceremony  Set-Up,,incabella-images\_site\IMG_1709-510x652@2x.jpg
https://www.incabella.co.uk/product/outdoor-ceremony-set-up/,Outdoor Ceremony  Set-Up,,incabella-images\_site\tlt-hld-wbells-h80mm-clr-gls.jpeg
https://www.incabella.co.uk/product/outdoor-ceremony-set-up/,Outdoor Ceremony  Set-Up,,incabella-images\_site\tlt-hld-wbells-h80mm-clr-gls.jpeg
https://www.incabella.co.uk/product/outdoor-ceremony-set-up/,Outdoor Ceremony  Set-Up,,incabella-images\_site\IMG_0442.jpg
https://www.incabella.co.uk/product/outdoor-ceremony-set-up/,Outdoor Ceremony  Set-Up,,incabella-images\_site\IMG_0442.jpg
https://www.incabella.co.uk/product/outdoor-ceremony-set-up/,Outdoor Ceremony  Set-Up,,incabella-images\_site\IMG_0454.jpg
https://www.incabella.co.uk/product/outdoor-ceremony-set-up/,Outdoor Ceremony  Set-Up,,incabella-images\_site\IMG_0454.jpg
https://www.incabella.co.uk/product/outdoor-ceremony-set-up/,Outdoor Ceremony  Set-Up,,incabella-images\_site\IMG_3468.jpg
https://www.incabella.co.uk/product/outdoor-ceremony-set-up/,Outdoor Ceremony  Set-Up,,incabella-images\_site\IMG_3468-510x652@2x.jpg
https://www.incabella.co.uk/product/outdoor-ceremony-set-up/,Outdoor Ceremony  Set-Up,,incabella-images\_site\IMG_3464.jpg
https://www.incabella.co.uk/product/outdoor-ceremony-set-up/,Outdoor Ceremony  Set-Up,,incabella-images\_site\IMG_3464-510x652@2x.jpg
https://www.incabella.co.uk/product/outdoor-ceremony-set-up/,Outdoor Ceremony  Set-Up,,incabella-images\_site\IMG_7453.jpeg
https://www.incabella.co.uk/product/outdoor-ceremony-set-up/,Outdoor Ceremony  Set-Up,,incabella-images\_site\IMG_7453.jpeg
https://www.incabella.co.uk/product/outdoor-ceremony-set-up/,Outdoor Ceremony  Set-Up,,incabella-images\_site\image7.jpeg
https://www.incabella.co.uk/product/outdoor-ceremony-set-up/,Outdoor Ceremony  Set-Up,,incabella-images\_site\image7.jpeg
https://www.incabella.co.uk/product/outdoor-ceremony-set-up/,Outdoor Ceremony  Set-Up,,incabella-images\_site\IMG_4163.jpg
https://www.incabella.co.uk/product/outdoor-ceremony-set-up/,Outdoor Ceremony  Set-Up,,incabella-images\_site\IMG_4163.jpg
https://www.incabella.co.uk/product/outdoor-ceremony-set-up/,Outdoor Ceremony  Set-Up,,incabella-images\_site\IMG_4162-e1517836473472.jpg
https://www.incabella.co.uk/product/outdoor-ceremony-set-up/,Outdoor Ceremony  Set-Up,,incabella-images\_site\IMG_4162-e1517836473472.jpg
https://www.incabella.co.uk/product/outdoor-ceremony-set-up/,Outdoor Ceremony  Set-Up,,incabella-images\_site\IMG_7149.jpeg
https://www.incabella.co.uk/product/outdoor-ceremony-set-up/,Outdoor Ceremony  Set-Up,,incabella-images\_site\IMG_7149.jpeg
https://www.incabella.co.uk/product/outdoor-ceremony-set-up/,Outdoor Ceremony  Set-Up,,incabella-images\_site\E57C0BFC-9306-42C5-8AE4-7F77EFE434AA.jpeg
https://www.incabella.co.uk/product/outdoor-ceremony-set-up/,Outdoor Ceremony  Set-Up,,incabella-images\_site\E57C0BFC-9306-42C5-8AE4-7F77EFE434AA.jpeg
https://www.incabella.co.uk/product/outdoor-ceremony-set-up/,Outdoor Ceremony  Set-Up,,incabella-images\_site\IMG_1970.jpg
https://www.incabella.co.uk/product/outdoor-ceremony-set-up/,Outdoor Ceremony  Set-Up,,incabella-images\_site\IMG_1970-510x652@2x.jpg
https://www.incabella.co.uk/product/outdoor-ceremony-set-up/,Outdoor Ceremony  Set-Up,,incabella-images\_site\Image-3.jpg
https://www.incabella.co.uk/product/outdoor-ceremony-set-up/,Outdoor Ceremony  Set-Up,,incabella-images\_site\Image-3-510x652@2x.jpg
https://www.incabella.co.uk/product/outdoor-ceremony-set-up/,Outdoor Ceremony  Set-Up,,incabella-images\_site\Image.jpg
https://www.incabella.co.uk/product/outdoor-ceremony-set-up/,Outdoor Ceremony  Set-Up,,incabella-images\_site\Image.jpg
https://www.incabella.co.uk/product/outdoor-ceremony-set-up/,Outdoor Ceremony  Set-Up,,incabella-images\_site\IMG_9301.jpg
https://www.incabella.co.uk/product/outdoor-ceremony-set-up/,Outdoor Ceremony  Set-Up,,incabella-images\_site\IMG_9301-510x652@2x.jpg
https://www.incabella.co.uk/product/outdoor-ceremony-set-up/,Outdoor Ceremony  Set-Up,,incabella-images\_site\english-country-bunting.jpg
https://www.incabella.co.uk/product/outdoor-ceremony-set-up/,Outdoor Ceremony  Set-Up,,incabella-images\_site\english-country-bunting-114x145@2x.jpg
https://www.incabella.co.uk/product/outdoor-ceremony-set-up/,Outdoor Ceremony  Set-Up,,incabella-images\_site\english-country-bunting.jpg
https://www.incabella.co.uk/product/outdoor-ceremony-set-up/,Outdoor Ceremony  Set-Up,,incabella-images\_site\english-country-bunting-114x145@2x.jpg
https://www.incabella.co.uk/product/outdoor-ceremony-set-up/,Outdoor Ceremony  Set-Up,,incabella-images\_site\IMG_5842-e1517833177128.jpg
https://www.incabella.co.uk/product/outdoor-ceremony-set-up/,Outdoor Ceremony  Set-Up,,incabella-images\_site\IMG_5842-e1517833177128.jpg
https://www.incabella.co.uk/product/outdoor-ceremony-set-up/,Outdoor Ceremony  Set-Up,,incabella-images\_site\IMG_5841-e1517832558639.jpg
https://www.incabella.co.uk/product/outdoor-ceremony-set-up/,Outdoor Ceremony  Set-Up,,incabella-images\_site\IMG_5841-e1517832558639.jpg
https://www.incabella.co.uk/product/outdoor-ceremony-set-up/,Outdoor Ceremony  Set-Up,,incabella-images\_site\5d6ad4c0-13bc-479b-8b50-cfe64523502e.jpeg
https://www.incabella.co.uk/product/outdoor-ceremony-set-up/,Outdoor Ceremony  Set-Up,,incabella-images\_site\5d6ad4c0-13bc-479b-8b50-cfe64523502e.jpeg
https://www.incabella.co.uk/product/outdoor-ceremony-set-up/,Outdoor Ceremony  Set-Up,,incabella-images\_site\fullsizeoutput_5ff9.jpeg
https://www.incabella.co.uk/product/outdoor-ceremony-set-up/,Outdoor Ceremony  Set-Up,,incabella-images\_site\fullsizeoutput_5ff9.jpeg
https://www.incabella.co.uk/product/outdoor-ceremony-set-up/,Outdoor Ceremony  Set-Up,,incabella-images\_site\IMG_3120.jpg
https://www.incabella.co.uk/product/outdoor-ceremony-set-up/,Outdoor Ceremony  Set-Up,,incabella-images\_site\IMG_3120-510x652@2x.jpg
https://www.incabella.co.uk/product/outdoor-ceremony-set-up/,Outdoor Ceremony  Set-Up,,incabella-images\_site\IMG_3119.jpg
https://www.incabella.co.uk/product/outdoor-ceremony-set-up/,Outdoor Ceremony  Set-Up,,incabella-images\_site\IMG_3119-510x652@2x.jpg
https://www.incabella.co.uk/product/outdoor-ceremony-set-up/,Outdoor Ceremony  Set-Up,,incabella-images\_site\IMG_2205.jpg
https://www.incabella.co.uk/product/outdoor-ceremony-set-up/,Outdoor Ceremony  Set-Up,,incabella-images\_site\IMG_2205-510x652@2x.jpg
https://www.incabella.co.uk/product/outdoor-ceremony-set-up/,Outdoor Ceremony  Set-Up,,incabella-images\_site\IMG_2203.jpg
https://www.incabella.co.uk/product/outdoor-ceremony-set-up/,Outdoor Ceremony  Set-Up,,incabella-images\_site\IMG_2203-510x652@2x.jpg
https://www.incabella.co.uk/product/outdoor-ceremony-set-up/,Outdoor Ceremony  Set-Up,,incabella-images\_site\IncaBella_logo_02.png
https://www.incabella.co.uk/product/kids-play-tent/,Kids Play Tent,,incabella-images\_site\IncaBella_logo_02.png
https://www.incabella.co.uk/product/kids-play-tent/,Kids Play Tent,,incabella-images\_site\IMG_3039.jpg
https://www.incabella.co.uk/product/kids-play-tent/,Kids Play Tent,,incabella-images\_site\IMG_3039.jpg
https://www.incabella.co.uk/product/kids-play-tent/,Kids Play Tent,,incabella-images\_site\IMG_3043.jpg
https://www.incabella.co.uk/product/kids-play-tent/,Kids Play Tent,,incabella-images\_site\IMG_3043.jpg
https://www.incabella.co.uk/product/kids-play-tent/,Kids Play Tent,,incabella-images\_site\IMG_3043.jpg
https://www.incabella.co.uk/product/kids-play-tent/,Kids Play Tent,,incabella-images\product_kids-play-tent\43761f79-fbcf-4700-8497-cc4e13d51e98.jpg
https://www.incabella.co.uk/product/kids-play-tent/,Kids Play Tent,,incabella-images\product_kids-play-tent\43761f79-fbcf-4700-8497-cc4e13d51e98.jpg
https://www.incabella.co.uk/product/kids-play-tent/,Kids Play Tent,,incabella-images\product_kids-play-tent\43761f79-fbcf-4700-8497-cc4e13d51e98.jpg
https://www.incabella.co.uk/product/kids-play-tent/,Kids Play Tent,,incabella-images\_site\IMG_3039.jpg
https://www.incabella.co.uk/product/kids-play-tent/,Kids Play Tent,,incabella-images\_site\IMG_3039-114x145@2x.jpg
https://www.incabella.co.uk/product/kids-play-tent/,Kids Play Tent,,incabella-images\_site\IMG_3043.jpg
https://www.incabella.co.uk/product/kids-play-tent/,Kids Play Tent,,incabella-images\_site\IMG_3043-190x243@2x.jpg
https://www.incabella.co.uk/product/kids-play-tent/,Kids Play Tent,,incabella-images\product_kids-play-tent\43761f79-fbcf-4700-8497-cc4e13d51e98.jpg
https://www.incabella.co.uk/product/kids-play-tent/,Kids Play Tent,,incabella-images\product_kids-play-tent\43761f79-fbcf-4700-8497-cc4e13d51e98.jpg
https://www.incabella.co.uk/product/kids-play-tent/,Kids Play Tent,,incabella-images\_site\hanging-heart-tea-light-holder.jpeg
https://www.incabella.co.uk/product/kids-play-tent/,Kids Play Tent,,incabella-images\_site\hanging-heart-tea-light-holder.jpeg
https://www.incabella.co.uk/product/kids-play-tent/,Kids Play Tent,,incabella-images\_site\hanging-heart-tea-light-holder.jpeg
https://www.incabella.co.uk/product/kids-play-tent/,Kids Play Tent,,incabella-images\_site\hanging-heart-tea-light-holder.jpeg
https://www.incabella.co.uk/product/kids-play-tent/,Kids Play Tent,,incabella-images\_site\Sparkling-Silver-T-Light-20000102-A_20765.jpeg
https://www.incabella.co.uk/product/kids-play-tent/,Kids Play Tent,,incabella-images\_site\Sparkling-Silver-T-Light-20000102-A_20765.jpeg
https://www.incabella.co.uk/product/kids-play-tent/,Kids Play Tent,,incabella-images\_site\Sparkling-Silver-T-Light-Holder-IMG_4275.jpeg
https://www.incabella.co.uk/product/kids-play-tent/,Kids Play Tent,,incabella-images\_site\Sparkling-Silver-T-Light-Holder-IMG_4275.jpeg
https://www.incabella.co.uk/product/kids-play-tent/,Kids Play Tent,,incabella-images\_site\Sparkling-Silver-T-Light-20000102-A_20765.jpeg
https://www.incabella.co.uk/product/kids-play-tent/,Kids Play Tent,,incabella-images\_site\Sparkling-Silver-T-Light-20000102-A_20765.jpeg
https://www.incabella.co.uk/product/kids-play-tent/,Kids Play Tent,,incabella-images\_site\Sparkling-Silver-T-Light-Holder-IMG_4275.jpeg
https://www.incabella.co.uk/product/kids-play-tent/,Kids Play Tent,,incabella-images\_site\Sparkling-Silver-T-Light-Holder-IMG_4275.jpeg
https://www.incabella.co.uk/product/kids-play-tent/,Kids Play Tent,,incabella-images\_site\IMG_0946.jpeg
https://www.incabella.co.uk/product/kids-play-tent/,Kids Play Tent,,incabella-images\_site\IMG_0946.jpeg
https://www.incabella.co.uk/product/kids-play-tent/,Kids Play Tent,,incabella-images\_site\lantern-wrope-hndl-h250x180mm-gls-grey.jpeg
https://www.incabella.co.uk/product/kids-play-tent/,Kids Play Tent,,incabella-images\_site\lantern-wrope-hndl-h250x180mm-gls-grey.jpeg
https://www.incabella.co.uk/product/kids-play-tent/,Kids Play Tent,,incabella-images\_site\IMG_E1342.jpg
https://www.incabella.co.uk/product/kids-play-tent/,Kids Play Tent,,incabella-images\_site\IMG_E1342.jpg
https://www.incabella.co.uk/product/kids-play-tent/,Kids Play Tent,,incabella-images\_site\clear-glass-hurricane-lantern.jpeg
https://www.incabella.co.uk/product/kids-play-tent/,Kids Play Tent,,incabella-images\_site\clear-glass-hurricane-lantern.jpeg
https://www.incabella.co.uk/product/kids-play-tent/,Kids Play Tent,,incabella-images\_site\sana-storm-lantern.jpg
https://www.incabella.co.uk/product/kids-play-tent/,Kids Play Tent,,incabella-images\_site\sana-storm-lantern.jpg
https://www.incabella.co.uk/product/kids-play-tent/,Kids Play Tent,,incabella-images\_site\A-FS-S-FS-A-SANA-STORM-LANTERN-SQ-7.jpeg
https://www.incabella.co.uk/product/kids-play-tent/,Kids Play Tent,,incabella-images\_site\A-FS-S-FS-A-SANA-STORM-LANTERN-SQ-7.jpeg
https://www.incabella.co.uk/product/kids-play-tent/,Kids Play Tent,,incabella-images\_site\IMG_1709.jpg
https://www.incabella.co.uk/product/kids-play-tent/,Kids Play Tent,,incabella-images\_site\IMG_1709-510x652@2x.jpg
https://www.incabella.co.uk/product/kids-play-tent/,Kids Play Tent,,incabella-images\_site\tlt-hld-wbells-h80mm-clr-gls.jpeg
https://www.incabella.co.uk/product/kids-play-tent/,Kids Play Tent,,incabella-images\_site\tlt-hld-wbells-h80mm-clr-gls.jpeg
https://www.incabella.co.uk/product/kids-play-tent/,Kids Play Tent,,incabella-images\_site\image10.jpeg
https://www.incabella.co.uk/product/kids-play-tent/,Kids Play Tent,,incabella-images\_site\image10.jpeg
https://www.incabella.co.uk/product/kids-play-tent/,Kids Play Tent,,incabella-images\_site\20473090a409721a3a4007908b32130e.jpg
https://www.incabella.co.uk/product/kids-play-tent/,Kids Play Tent,,incabella-images\_site\20473090a409721a3a4007908b32130e.jpg
https://www.incabella.co.uk/product/kids-play-tent/,Kids Play Tent,,incabella-images\_site\25AB7D13-7599-412B-B88E-B43BB927A3F8.jpeg
https://www.incabella.co.uk/product/kids-play-tent/,Kids Play Tent,,incabella-images\_site\25AB7D13-7599-412B-B88E-B43BB927A3F8.jpeg
https://www.incabella.co.uk/product/kids-play-tent/,Kids Play Tent,,incabella-images\_site\IMG_4492.jpg
https://www.incabella.co.uk/product/kids-play-tent/,Kids Play Tent,,incabella-images\_site\IMG_4492.jpg
https://www.incabella.co.uk/product/kids-play-tent/,Kids Play Tent,,incabella-images\_site\IMG_3750.jpg
https://www.incabella.co.uk/product/kids-play-tent/,Kids Play Tent,,incabella-images\_site\IMG_3750.jpg
https://www.incabella.co.uk/product/kids-play-tent/,Kids Play Tent,,incabella-images\_site\IMG_3812.jpg
https://www.incabella.co.uk/product/kids-play-tent/,Kids Play Tent,,incabella-images\_site\IMG_3812.jpg
https://www.incabella.co.uk/product/kids-play-tent/,Kids Play Tent,,incabella-images\_site\IMG_3120.jpg
https://www.incabella.co.uk/product/kids-play-tent/,Kids Play Tent,,incabella-images\_site\IMG_3120-510x652@2x.jpg
https://www.incabella.co.uk/product/kids-play-tent/,Kids Play Tent,,incabella-images\_site\IMG_3119.jpg
https://www.incabella.co.uk/product/kids-play-tent/,Kids Play Tent,,incabella-images\_site\IMG_3119-510x652@2x.jpg
https://www.incabella.co.uk/product/kids-play-tent/,Kids Play Tent,,incabella-images\_site\IMG_8311.jpeg
https://www.incabella.co.uk/product/kids-play-tent/,Kids Play Tent,,incabella-images\_site\IMG_8311.jpeg
https://www.incabella.co.uk/product/kids-play-tent/,Kids Play Tent,,incabella-images\_site\IMG_3724.jpeg
https://www.incabella.co.uk/product/kids-play-tent/,Kids Play Tent,,incabella-images\_site\IMG_3724.jpeg
https://www.incabella.co.uk/product/kids-play-tent/,Kids Play Tent,,incabella-images\_site\880A161C-0A42-4AD4-99AC-5E53B5188CE4.jpeg
https://www.incabella.co.uk/product/kids-play-tent/,Kids Play Tent,,incabella-images\_site\880A161C-0A42-4AD4-99AC-5E53B5188CE4.jpeg
https://www.incabella.co.uk/product/kids-play-tent/,Kids Play Tent,,incabella-images\_site\6A35E8F8-C756-4D74-A18D-9532A67C0D46.jpeg
https://www.incabella.co.uk/product/kids-play-tent/,Kids Play Tent,,incabella-images\_site\6A35E8F8-C756-4D74-A18D-9532A67C0D46.jpeg
https://www.incabella.co.uk/product/kids-play-tent/,Kids Play Tent,,incabella-images\_site\DSC_2443-600x398_c.jpg
https://www.incabella.co.uk/product/kids-play-tent/,Kids Play Tent,,incabella-images\_site\DSC_2443-600x398_c-114x145@2x.jpg
https://www.incabella.co.uk/product/kids-play-tent/,Kids Play Tent,,incabella-images\_site\IMG_1713.jpg
https://www.incabella.co.uk/product/kids-play-tent/,Kids Play Tent,,incabella-images\_site\IMG_1713-510x652@2x.jpg
https://www.incabella.co.uk/product/kids-play-tent/,Kids Play Tent,,incabella-images\_site\IMG_4163.jpg
https://www.incabella.co.uk/product/kids-play-tent/,Kids Play Tent,,incabella-images\_site\IMG_4163.jpg
https://www.incabella.co.uk/product/kids-play-tent/,Kids Play Tent,,incabella-images\_site\IMG_4162-e1517836473472.jpg
https://www.incabella.co.uk/product/kids-play-tent/,Kids Play Tent,,incabella-images\_site\IMG_4162-e1517836473472.jpg
https://www.incabella.co.uk/product/kids-play-tent/,Kids Play Tent,,incabella-images\_site\EL-ES-APR-2022-0358.jpeg
https://www.incabella.co.uk/product/kids-play-tent/,Kids Play Tent,,incabella-images\_site\EL-ES-APR-2022-0358.jpeg
https://www.incabella.co.uk/product/kids-play-tent/,Kids Play Tent,,incabella-images\_site\31814EA0-7BDD-4917-9473-9F2F44BA7DBD.jpeg
https://www.incabella.co.uk/product/kids-play-tent/,Kids Play Tent,,incabella-images\_site\31814EA0-7BDD-4917-9473-9F2F44BA7DBD.jpeg
https://www.incabella.co.uk/product/kids-play-tent/,Kids Play Tent,,incabella-images\_site\IMG_3706.jpeg
https://www.incabella.co.uk/product/kids-play-tent/,Kids Play Tent,,incabella-images\_site\IMG_3706.jpeg
https://www.incabella.co.uk/product/kids-play-tent/,Kids Play Tent,,incabella-images\_site\d6d39674-1f5e-4f28-bd68-087445415a70-2.jpg
https://www.incabella.co.uk/product/kids-play-tent/,Kids Play Tent,,incabella-images\_site\d6d39674-1f5e-4f28-bd68-087445415a70-2.jpg
https://www.incabella.co.uk/product/kids-play-tent/,Kids Play Tent,,incabella-images\_site\IMG_8203-e1549817586734.jpg
https://www.incabella.co.uk/product/kids-play-tent/,Kids Play Tent,,incabella-images\_site\IMG_8203-e1549817586734.jpg
https://www.incabella.co.uk/product/kids-play-tent/,Kids Play Tent,,incabella-images\_site\IMG_8203-e1549817586734.jpg
https://www.incabella.co.uk/product/kids-play-tent/,Kids Play Tent,,incabella-images\_site\IMG_8203-e1549817586734.jpg
https://www.incabella.co.uk/product/kids-play-tent/,Kids Play Tent,,incabella-images\_site\2B86C02D-B992-47FD-8154-292F2FE7C354.jpeg
https://www.incabella.co.uk/product/kids-play-tent/,Kids Play Tent,,incabella-images\_site\2B86C02D-B992-47FD-8154-292F2FE7C354.jpeg
https://www.incabella.co.uk/product/kids-play-tent/,Kids Play Tent,,incabella-images\_site\2B86C02D-B992-47FD-8154-292F2FE7C354.jpeg
https://www.incabella.co.uk/product/kids-play-tent/,Kids Play Tent,,incabella-images\_site\2B86C02D-B992-47FD-8154-292F2FE7C354.jpeg
https://www.incabella.co.uk/product/kids-play-tent/,Kids Play Tent,,incabella-images\_site\IMG_5842-e1517833177128.jpg
https://www.incabella.co.uk/product/kids-play-tent/,Kids Play Tent,,incabella-images\_site\IMG_5842-e1517833177128.jpg
https://www.incabella.co.uk/product/kids-play-tent/,Kids Play Tent,,incabella-images\_site\IMG_5841-e1517832558639.jpg
https://www.incabella.co.uk/product/kids-play-tent/,Kids Play Tent,,incabella-images\_site\IMG_5841-e1517832558639.jpg
https://www.incabella.co.uk/product/kids-play-tent/,Kids Play Tent,,incabella-images\_site\IncaBella_logo_02.png
https://www.incabella.co.uk/fun-furniture/,Fun Furniture,,incabella-images\_site\IncaBella_logo_02.png
https://www.incabella.co.uk/fun-furniture/,Fun Furniture,,incabella-images\_site\IncaBella_logo_02.png
https://www.incabella.co.uk/product/hay-bales/,Hay Bales,,incabella-images\_site\IncaBella_logo_02.png
https://www.incabella.co.uk/product/hay-bales/,Hay Bales,,incabella-images\products-list\IMG_3724.jpg
https://www.incabella.co.uk/product/hay-bales/,Hay Bales,,incabella-images\products-list\IMG_3724.jpg
https://www.incabella.co.uk/product/hay-bales/,Hay Bales,,incabella-images\products-list\IMG_3724.jpg
https://www.incabella.co.uk/product/hay-bales/,Hay Bales,,incabella-images\products-list\IMG_1167.jpg
https://www.incabella.co.uk/product/hay-bales/,Hay Bales,,incabella-images\products-list\IMG_1167.jpg
https://www.incabella.co.uk/product/hay-bales/,Hay Bales,,incabella-images\products-list\IMG_1167.jpg
https://www.incabella.co.uk/product/hay-bales/,Hay Bales,,incabella-images\product_hay-bales\IMG_0869-e1506349911173.jpg
https://www.incabella.co.uk/product/hay-bales/,Hay Bales,,incabella-images\product_hay-bales\IMG_0869-e1506349911173.jpg
https://www.incabella.co.uk/product/hay-bales/,Hay Bales,,incabella-images\product_hay-bales\IMG_0869-e1506349911173.jpg
https://www.incabella.co.uk/product/hay-bales/,Hay Bales,,incabella-images\product_hay-bales\IMG_3544.jpg
https://www.incabella.co.uk/product/hay-bales/,Hay Bales,,incabella-images\product_hay-bales\IMG_3544.jpg
https://www.incabella.co.uk/product/hay-bales/,Hay Bales,,incabella-images\product_hay-bales\IMG_3544.jpg
https://www.incabella.co.uk/product/hay-bales/,Hay Bales,,incabella-images\product_hay-bales\IMG_3789.jpg
https://www.incabella.co.uk/product/hay-bales/,Hay Bales,,incabella-images\product_hay-bales\IMG_3789.jpg
https://www.incabella.co.uk/product/hay-bales/,Hay Bales,,incabella-images\product_hay-bales\IMG_3789.jpg
https://www.incabella.co.uk/product/hay-bales/,Hay Bales,,incabella-images\product_hay-bales\fullsizeoutput_4ca6.jpeg
https://www.incabella.co.uk/product/hay-bales/,Hay Bales,,incabella-images\product_hay-bales\fullsizeoutput_4ca6.jpeg
https://www.incabella.co.uk/product/hay-bales/,Hay Bales,,incabella-images\product_hay-bales\fullsizeoutput_4ca6.jpeg
https://www.incabella.co.uk/product/hay-bales/,Hay Bales,,incabella-images\products-list\IMG_3724.jpg
https://www.incabella.co.uk/product/hay-bales/,Hay Bales,,incabella-images\products-list\IMG_3724.jpg
https://www.incabella.co.uk/product/hay-bales/,Hay Bales,,incabella-images\products-list\IMG_1167.jpg
https://www.incabella.co.uk/product/hay-bales/,Hay Bales,,incabella-images\products-list\IMG_1167-190x243@2x.jpg
https://www.incabella.co.uk/product/hay-bales/,Hay Bales,,incabella-images\product_hay-bales\IMG_0869-e1506349911173.jpg
https://www.incabella.co.uk/product/hay-bales/,Hay Bales,,incabella-images\product_hay-bales\IMG_0869-e1506349911173.jpg
https://www.incabella.co.uk/product/hay-bales/,Hay Bales,,incabella-images\product_hay-bales\IMG_3544.jpg
https://www.incabella.co.uk/product/hay-bales/,Hay Bales,,incabella-images\product_hay-bales\IMG_3544.jpg
https://www.incabella.co.uk/product/hay-bales/,Hay Bales,,incabella-images\product_hay-bales\IMG_3789.jpg
https://www.incabella.co.uk/product/hay-bales/,Hay Bales,,incabella-images\product_hay-bales\IMG_3789.jpg
https://www.incabella.co.uk/product/hay-bales/,Hay Bales,,incabella-images\product_hay-bales\fullsizeoutput_4ca6.jpeg
https://www.incabella.co.uk/product/hay-bales/,Hay Bales,,incabella-images\product_hay-bales\fullsizeoutput_4ca6.jpeg
https://www.incabella.co.uk/product/hay-bales/,Hay Bales,,incabella-images\products-list\IMG_3724.jpg
https://www.incabella.co.uk/product/hay-bales/,Hay Bales,,incabella-images\products-list\IMG_3724.jpg
https://www.incabella.co.uk/product/hay-bales/,Hay Bales,,incabella-images\_site\IMG_3750.jpg
https://www.incabella.co.uk/product/hay-bales/,Hay Bales,,incabella-images\_site\IMG_3750.jpg
https://www.incabella.co.uk/product/hay-bales/,Hay Bales,,incabella-images\_site\IMG_3812.jpg
https://www.incabella.co.uk/product/hay-bales/,Hay Bales,,incabella-images\_site\IMG_3812.jpg
https://www.incabella.co.uk/product/hay-bales/,Hay Bales,,incabella-images\_site\IMG_5842-e1517833177128.jpg
https://www.incabella.co.uk/product/hay-bales/,Hay Bales,,incabella-images\_site\IMG_5842-e1517833177128.jpg
https://www.incabella.co.uk/product/hay-bales/,Hay Bales,,incabella-images\_site\IMG_5841-e1517832558639.jpg
https://www.incabella.co.uk/product/hay-bales/,Hay Bales,,incabella-images\_site\IMG_5841-e1517832558639.jpg
https://www.incabella.co.uk/product/hay-bales/,Hay Bales,,incabella-images\_site\fullsizeoutput_50c2.jpeg
https://www.incabella.co.uk/product/hay-bales/,Hay Bales,,incabella-images\_site\fullsizeoutput_50c2.jpeg
https://www.incabella.co.uk/product/hay-bales/,Hay Bales,,incabella-images\_site\IMG_6448-e1520889491374.jpg
https://www.incabella.co.uk/product/hay-bales/,Hay Bales,,incabella-images\_site\IMG_6448-e1520889491374.jpg
https://www.incabella.co.uk/product/hay-bales/,Hay Bales,,incabella-images\_site\IncaBella_logo_02.png
https://www.incabella.co.uk/product/full-decoration-package-silver/,Full Decoration Package – Tier 1,,incabella-images\_site\IncaBella_logo_02.png
https://www.incabella.co.uk/product/full-decoration-package-silver/,Full Decoration Package – Tier 1,,incabella-images\home\EL-ES-APR-2022-0435-scaled.jpg
https://www.incabella.co.uk/product/full-decoration-package-silver/,Full Decoration Package – Tier 1,,incabella-images\_site\EL-ES-APR-2022-0435.jpg
https://www.incabella.co.uk/product/full-decoration-package-silver/,Full Decoration Package – Tier 1,,incabella-images\_site\EL-ES-APR-2022-0435.jpg
https://www.incabella.co.uk/product/full-decoration-package-silver/,Full Decoration Package – Tier 1,,incabella-images\product_full-decoration-package-silver\IMG_0520-scaled.jpeg
https://www.incabella.co.uk/product/full-decoration-package-silver/,Full Decoration Package – Tier 1,,incabella-images\_site\IMG_0520.jpeg
https://www.incabella.co.uk/product/full-decoration-package-silver/,Full Decoration Package – Tier 1,,incabella-images\_site\IMG_0520.jpeg
https://www.incabella.co.uk/product/full-decoration-package-silver/,Full Decoration Package – Tier 1,,incabella-images\_site\25AB7D13-7599-412B-B88E-B43BB927A3F8.jpeg
https://www.incabella.co.uk/product/full-decoration-package-silver/,Full Decoration Package – Tier 1,,incabella-images\_site\25AB7D13-7599-412B-B88E-B43BB927A3F8.jpeg
https://www.incabella.co.uk/product/full-decoration-package-silver/,Full Decoration Package – Tier 1,,incabella-images\_site\25AB7D13-7599-412B-B88E-B43BB927A3F8.jpeg
https://www.incabella.co.uk/product/full-decoration-package-silver/,Full Decoration Package – Tier 1,,incabella-images\product_full-decoration-package-silver\73A33FD1-C11B-4076-9FB7-E660DB064B20.jpeg
https://www.incabella.co.uk/product/full-decoration-package-silver/,Full Decoration Package – Tier 1,,incabella-images\product_full-decoration-package-silver\73A33FD1-C11B-4076-9FB7-E660DB064B20.jpeg
https://www.incabella.co.uk/product/full-decoration-package-silver/,Full Decoration Package – Tier 1,,incabella-images\product_full-decoration-package-silver\73A33FD1-C11B-4076-9FB7-E660DB064B20.jpeg
https://www.incabella.co.uk/product/full-decoration-package-silver/,Full Decoration Package – Tier 1,,incabella-images\product_full-decoration-package-silver\IMG_8466-scaled.jpeg
https://www.incabella.co.uk/product/full-decoration-package-silver/,Full Decoration Package – Tier 1,,incabella-images\product_full-decoration-package-silver\IMG_8466.jpeg
https://www.incabella.co.uk/product/full-decoration-package-silver/,Full Decoration Package – Tier 1,,incabella-images\product_full-decoration-package-silver\IMG_8466.jpeg
https://www.incabella.co.uk/product/full-decoration-package-silver/,Full Decoration Package – Tier 1,,incabella-images\product_full-decoration-package-silver\IMG_7533-scaled.jpeg
https://www.incabella.co.uk/product/full-decoration-package-silver/,Full Decoration Package – Tier 1,,incabella-images\_site\IMG_7533.jpeg
https://www.incabella.co.uk/product/full-decoration-package-silver/,Full Decoration Package – Tier 1,,incabella-images\_site\IMG_7533.jpeg
https://www.incabella.co.uk/product/full-decoration-package-silver/,Full Decoration Package – Tier 1,,incabella-images\product_ground-floor-decoration-package\01794294-564D-41F8-B768-1BAC5DE7518C.jpeg
https://www.incabella.co.uk/product/full-decoration-package-silver/,Full Decoration Package – Tier 1,,incabella-images\product_ground-floor-decoration-package\01794294-564D-41F8-B768-1BAC5DE7518C.jpeg
https://www.incabella.co.uk/product/full-decoration-package-silver/,Full Decoration Package – Tier 1,,incabella-images\product_ground-floor-decoration-package\01794294-564D-41F8-B768-1BAC5DE7518C.jpeg
https://www.incabella.co.uk/product/full-decoration-package-silver/,Full Decoration Package – Tier 1,,incabella-images\product_ground-floor-decoration-package\7F417F72-3836-4502-A333-29667DD771B8.jpeg
https://www.incabella.co.uk/product/full-decoration-package-silver/,Full Decoration Package – Tier 1,,incabella-images\product_ground-floor-decoration-package\7F417F72-3836-4502-A333-29667DD771B8.jpeg
https://www.incabella.co.uk/product/full-decoration-package-silver/,Full Decoration Package – Tier 1,,incabella-images\product_ground-floor-decoration-package\7F417F72-3836-4502-A333-29667DD771B8.jpeg
https://www.incabella.co.uk/product/full-decoration-package-silver/,Full Decoration Package – Tier 1,,incabella-images\_site\EL-ES-APR-2022-0435.jpg
https://www.incabella.co.uk/product/full-decoration-package-silver/,Full Decoration Package – Tier 1,,incabella-images\_site\EL-ES-APR-2022-0435.jpg
https://www.incabella.co.uk/product/full-decoration-package-silver/,Full Decoration Package – Tier 1,,incabella-images\_site\IMG_0520.jpeg
https://www.incabella.co.uk/product/full-decoration-package-silver/,Full Decoration Package – Tier 1,,incabella-images\_site\IMG_0520.jpeg
https://www.incabella.co.uk/product/full-decoration-package-silver/,Full Decoration Package – Tier 1,,incabella-images\_site\25AB7D13-7599-412B-B88E-B43BB927A3F8.jpeg
https://www.incabella.co.uk/product/full-decoration-package-silver/,Full Decoration Package – Tier 1,,incabella-images\_site\25AB7D13-7599-412B-B88E-B43BB927A3F8.jpeg
https://www.incabella.co.uk/product/full-decoration-package-silver/,Full Decoration Package – Tier 1,,incabella-images\product_full-decoration-package-silver\73A33FD1-C11B-4076-9FB7-E660DB064B20.jpeg
https://www.incabella.co.uk/product/full-decoration-package-silver/,Full Decoration Package – Tier 1,,incabella-images\product_full-decoration-package-silver\73A33FD1-C11B-4076-9FB7-E660DB064B20.jpeg
https://www.incabella.co.uk/product/full-decoration-package-silver/,Full Decoration Package – Tier 1,,incabella-images\product_full-decoration-package-silver\IMG_8466.jpeg
https://www.incabella.co.uk/product/full-decoration-package-silver/,Full Decoration Package – Tier 1,,incabella-images\product_full-decoration-package-silver\IMG_8466.jpeg
https://www.incabella.co.uk/product/full-decoration-package-silver/,Full Decoration Package – Tier 1,,incabella-images\_site\IMG_7533.jpeg
https://www.incabella.co.uk/product/full-decoration-package-silver/,Full Decoration Package – Tier 1,,incabella-images\_site\IMG_7533.jpeg
https://www.incabella.co.uk/product/full-decoration-package-silver/,Full Decoration Package – Tier 1,,incabella-images\product_ground-floor-decoration-package\01794294-564D-41F8-B768-1BAC5DE7518C.jpeg
https://www.incabella.co.uk/product/full-decoration-package-silver/,Full Decoration Package – Tier 1,,incabella-images\product_ground-floor-decoration-package\01794294-564D-41F8-B768-1BAC5DE7518C.jpeg
https://www.incabella.co.uk/product/full-decoration-package-silver/,Full Decoration Package – Tier 1,,incabella-images\product_ground-floor-decoration-package\7F417F72-3836-4502-A333-29667DD771B8.jpeg
https://www.incabella.co.uk/product/full-decoration-package-silver/,Full Decoration Package – Tier 1,,incabella-images\product_ground-floor-decoration-package\7F417F72-3836-4502-A333-29667DD771B8.jpeg
https://www.incabella.co.uk/product/full-decoration-package-silver/,Full Decoration Package – Tier 1,,incabella-images\_site\hanging-heart-tea-light-holder.jpeg
https://www.incabella.co.uk/product/full-decoration-package-silver/,Full Decoration Package – Tier 1,,incabella-images\_site\hanging-heart-tea-light-holder.jpeg
https://www.incabella.co.uk/product/full-decoration-package-silver/,Full Decoration Package – Tier 1,,incabella-images\_site\hanging-heart-tea-light-holder.jpeg
https://www.incabella.co.uk/product/full-decoration-package-silver/,Full Decoration Package – Tier 1,,incabella-images\_site\hanging-heart-tea-light-holder.jpeg
https://www.incabella.co.uk/product/full-decoration-package-silver/,Full Decoration Package – Tier 1,,incabella-images\_site\image10.jpeg
https://www.incabella.co.uk/product/full-decoration-package-silver/,Full Decoration Package – Tier 1,,incabella-images\_site\image10.jpeg
https://www.incabella.co.uk/product/full-decoration-package-silver/,Full Decoration Package – Tier 1,,incabella-images\_site\20473090a409721a3a4007908b32130e.jpg
https://www.incabella.co.uk/product/full-decoration-package-silver/,Full Decoration Package – Tier 1,,incabella-images\_site\20473090a409721a3a4007908b32130e.jpg
https://www.incabella.co.uk/product/full-decoration-package-silver/,Full Decoration Package – Tier 1,,incabella-images\_site\Sparkling-Silver-T-Light-20000102-A_20765.jpeg
https://www.incabella.co.uk/product/full-decoration-package-silver/,Full Decoration Package – Tier 1,,incabella-images\_site\Sparkling-Silver-T-Light-20000102-A_20765.jpeg
https://www.incabella.co.uk/product/full-decoration-package-silver/,Full Decoration Package – Tier 1,,incabella-images\_site\Sparkling-Silver-T-Light-Holder-IMG_4275.jpeg
https://www.incabella.co.uk/product/full-decoration-package-silver/,Full Decoration Package – Tier 1,,incabella-images\_site\Sparkling-Silver-T-Light-Holder-IMG_4275.jpeg
https://www.incabella.co.uk/product/full-decoration-package-silver/,Full Decoration Package – Tier 1,,incabella-images\_site\IMG_0946.jpeg
https://www.incabella.co.uk/product/full-decoration-package-silver/,Full Decoration Package – Tier 1,,incabella-images\_site\IMG_0946.jpeg
https://www.incabella.co.uk/product/full-decoration-package-silver/,Full Decoration Package – Tier 1,,incabella-images\_site\lantern-wrope-hndl-h250x180mm-gls-grey.jpeg
https://www.incabella.co.uk/product/full-decoration-package-silver/,Full Decoration Package – Tier 1,,incabella-images\_site\lantern-wrope-hndl-h250x180mm-gls-grey.jpeg
https://www.incabella.co.uk/product/full-decoration-package-silver/,Full Decoration Package – Tier 1,,incabella-images\_site\sana-storm-lantern.jpg
https://www.incabella.co.uk/product/full-decoration-package-silver/,Full Decoration Package – Tier 1,,incabella-images\_site\sana-storm-lantern.jpg
https://www.incabella.co.uk/product/full-decoration-package-silver/,Full Decoration Package – Tier 1,,incabella-images\_site\A-FS-S-FS-A-SANA-STORM-LANTERN-SQ-7.jpeg
https://www.incabella.co.uk/product/full-decoration-package-silver/,Full Decoration Package – Tier 1,,incabella-images\_site\A-FS-S-FS-A-SANA-STORM-LANTERN-SQ-7.jpeg
https://www.incabella.co.uk/product/full-decoration-package-silver/,Full Decoration Package – Tier 1,,incabella-images\_site\IMG_E1342.jpg
https://www.incabella.co.uk/product/full-decoration-package-silver/,Full Decoration Package – Tier 1,,incabella-images\_site\IMG_E1342.jpg
https://www.incabella.co.uk/product/full-decoration-package-silver/,Full Decoration Package – Tier 1,,incabella-images\_site\clear-glass-hurricane-lantern.jpeg
https://www.incabella.co.uk/product/full-decoration-package-silver/,Full Decoration Package – Tier 1,,incabella-images\_site\clear-glass-hurricane-lantern.jpeg
https://www.incabella.co.uk/product/full-decoration-package-silver/,Full Decoration Package – Tier 1,,incabella-images\_site\Sparkling-Silver-T-Light-20000102-A_20765.jpeg
https://www.incabella.co.uk/product/full-decoration-package-silver/,Full Decoration Package – Tier 1,,incabella-images\_site\Sparkling-Silver-T-Light-20000102-A_20765.jpeg
https://www.incabella.co.uk/product/full-decoration-package-silver/,Full Decoration Package – Tier 1,,incabella-images\_site\Sparkling-Silver-T-Light-Holder-IMG_4275.jpeg
https://www.incabella.co.uk/product/full-decoration-package-silver/,Full Decoration Package – Tier 1,,incabella-images\_site\Sparkling-Silver-T-Light-Holder-IMG_4275.jpeg
https://www.incabella.co.uk/product/full-decoration-package-silver/,Full Decoration Package – Tier 1,,incabella-images\_site\IMG_1709.jpg
https://www.incabella.co.uk/product/full-decoration-package-silver/,Full Decoration Package – Tier 1,,incabella-images\_site\IMG_1709-510x652@2x.jpg
https://www.incabella.co.uk/product/full-decoration-package-silver/,Full Decoration Package – Tier 1,,incabella-images\_site\tlt-hld-wbells-h80mm-clr-gls.jpeg
https://www.incabella.co.uk/product/full-decoration-package-silver/,Full Decoration Package – Tier 1,,incabella-images\_site\tlt-hld-wbells-h80mm-clr-gls.jpeg
https://www.incabella.co.uk/product/full-decoration-package-silver/,Full Decoration Package – Tier 1,,incabella-images\_site\IMG_0545.jpeg
https://www.incabella.co.uk/product/full-decoration-package-silver/,Full Decoration Package – Tier 1,,incabella-images\_site\IMG_0545.jpeg
https://www.incabella.co.uk/product/full-decoration-package-silver/,Full Decoration Package – Tier 1,,incabella-images\_site\8327bd708a67d45dc7f6637f3e61ffa5.jpg
https://www.incabella.co.uk/product/full-decoration-package-silver/,Full Decoration Package – Tier 1,,incabella-images\_site\8327bd708a67d45dc7f6637f3e61ffa5.jpg
https://www.incabella.co.uk/product/full-decoration-package-silver/,Full Decoration Package – Tier 1,,incabella-images\_site\IMG_0442.jpg
https://www.incabella.co.uk/product/full-decoration-package-silver/,Full Decoration Package – Tier 1,,incabella-images\_site\IMG_0442.jpg
https://www.incabella.co.uk/product/full-decoration-package-silver/,Full Decoration Package – Tier 1,,incabella-images\_site\IMG_0454.jpg
https://www.incabella.co.uk/product/full-decoration-package-silver/,Full Decoration Package – Tier 1,,incabella-images\_site\IMG_0454.jpg
https://www.incabella.co.uk/product/full-decoration-package-silver/,Full Decoration Package – Tier 1,,incabella-images\_site\5d6ad4c0-13bc-479b-8b50-cfe64523502e.jpeg
https://www.incabella.co.uk/product/full-decoration-package-silver/,Full Decoration Package – Tier 1,,incabella-images\_site\5d6ad4c0-13bc-479b-8b50-cfe64523502e.jpeg
https://www.incabella.co.uk/product/full-decoration-package-silver/,Full Decoration Package – Tier 1,,incabella-images\_site\fullsizeoutput_5ff9.jpeg
https://www.incabella.co.uk/product/full-decoration-package-silver/,Full Decoration Package – Tier 1,,incabella-images\_site\fullsizeoutput_5ff9.jpeg
https://www.incabella.co.uk/product/full-decoration-package-silver/,Full Decoration Package – Tier 1,,incabella-images\_site\IMG_7140.jpeg
https://www.incabella.co.uk/product/full-decoration-package-silver/,Full Decoration Package – Tier 1,,incabella-images\_site\IMG_7140.jpeg
https://www.incabella.co.uk/product/full-decoration-package-silver/,Full Decoration Package – Tier 1,,incabella-images\_site\0ECE9A96-8D21-45B5-99FA-412A2590D4A7.jpeg
https://www.incabella.co.uk/product/full-decoration-package-silver/,Full Decoration Package – Tier 1,,incabella-images\_site\0ECE9A96-8D21-45B5-99FA-412A2590D4A7.jpeg
https://www.incabella.co.uk/product/full-decoration-package-silver/,Full Decoration Package – Tier 1,,incabella-images\_site\Amy-David-88.jpg
https://www.incabella.co.uk/product/full-decoration-package-silver/,Full Decoration Package – Tier 1,,incabella-images\_site\Amy-David-88.jpg
https://www.incabella.co.uk/product/full-decoration-package-silver/,Full Decoration Package – Tier 1,,incabella-images\_site\Jayne-Chris-wedding-for-Lucy-0004.jpg
https://www.incabella.co.uk/product/full-decoration-package-silver/,Full Decoration Package – Tier 1,,incabella-images\_site\Jayne-Chris-wedding-for-Lucy-0004.jpg
https://www.incabella.co.uk/product/full-decoration-package-silver/,Full Decoration Package – Tier 1,,incabella-images\_site\IMG_5842-e1517833177128.jpg
https://www.incabella.co.uk/product/full-decoration-package-silver/,Full Decoration Package – Tier 1,,incabella-images\_site\IMG_5842-e1517833177128.jpg
https://www.incabella.co.uk/product/full-decoration-package-silver/,Full Decoration Package – Tier 1,,incabella-images\_site\IMG_5841-e1517832558639.jpg
https://www.incabella.co.uk/product/full-decoration-package-silver/,Full Decoration Package – Tier 1,,incabella-images\_site\IMG_5841-e1517832558639.jpg
https://www.incabella.co.uk/product/full-decoration-package-silver/,Full Decoration Package – Tier 1,,incabella-images\_site\IMG_3750.jpg
https://www.incabella.co.uk/product/full-decoration-package-silver/,Full Decoration Package – Tier 1,,incabella-images\_site\IMG_3750.jpg
https://www.incabella.co.uk/product/full-decoration-package-silver/,Full Decoration Package – Tier 1,,incabella-images\_site\IMG_3812.jpg
https://www.incabella.co.uk/product/full-decoration-package-silver/,Full Decoration Package – Tier 1,,incabella-images\_site\IMG_3812.jpg
https://www.incabella.co.uk/product/full-decoration-package-silver/,Full Decoration Package – Tier 1,,incabella-images\_site\IMG_7450.jpeg
https://www.incabella.co.uk/product/full-decoration-package-silver/,Full Decoration Package – Tier 1,,incabella-images\_site\IMG_7450.jpeg
https://www.incabella.co.uk/product/full-decoration-package-silver/,Full Decoration Package – Tier 1,,incabella-images\_site\IMG_1085.jpg
https://www.incabella.co.uk/product/full-decoration-package-silver/,Full Decoration Package – Tier 1,,incabella-images\_site\IMG_1085-510x652@2x.jpg
https://www.incabella.co.uk/product/full-decoration-package-silver/,Full Decoration Package – Tier 1,,incabella-images\_site\IMG_3468.jpg
https://www.incabella.co.uk/product/full-decoration-package-silver/,Full Decoration Package – Tier 1,,incabella-images\_site\IMG_3468-510x652@2x.jpg
https://www.incabella.co.uk/product/full-decoration-package-silver/,Full Decoration Package – Tier 1,,incabella-images\_site\IMG_3464.jpg
https://www.incabella.co.uk/product/full-decoration-package-silver/,Full Decoration Package – Tier 1,,incabella-images\_site\IMG_3464-510x652@2x.jpg
https://www.incabella.co.uk/product/full-decoration-package-silver/,Full Decoration Package – Tier 1,,incabella-images\_site\IMG_8203-e1549817586734.jpg
https://www.incabella.co.uk/product/full-decoration-package-silver/,Full Decoration Package – Tier 1,,incabella-images\_site\IMG_8203-e1549817586734.jpg
https://www.incabella.co.uk/product/full-decoration-package-silver/,Full Decoration Package – Tier 1,,incabella-images\_site\IMG_8203-e1549817586734.jpg
https://www.incabella.co.uk/product/full-decoration-package-silver/,Full Decoration Package – Tier 1,,incabella-images\_site\IMG_8203-e1549817586734.jpg
https://www.incabella.co.uk/product/full-decoration-package-silver/,Full Decoration Package – Tier 1,,incabella-images\_site\IMG_4217-e1615561069483.jpg
https://www.incabella.co.uk/product/full-decoration-package-silver/,Full Decoration Package – Tier 1,,incabella-images\_site\IMG_4217-e1615561069483.jpg
https://www.incabella.co.uk/product/full-decoration-package-silver/,Full Decoration Package – Tier 1,,incabella-images\_site\IMG_5159-e1615638036380.jpg
https://www.incabella.co.uk/product/full-decoration-package-silver/,Full Decoration Package – Tier 1,,incabella-images\_site\IMG_5159-e1615638036380.jpg
https://www.incabella.co.uk/product/full-decoration-package-silver/,Full Decoration Package – Tier 1,,incabella-images\_site\880A161C-0A42-4AD4-99AC-5E53B5188CE4.jpeg
https://www.incabella.co.uk/product/full-decoration-package-silver/,Full Decoration Package – Tier 1,,incabella-images\_site\880A161C-0A42-4AD4-99AC-5E53B5188CE4.jpeg
https://www.incabella.co.uk/product/full-decoration-package-silver/,Full Decoration Package – Tier 1,,incabella-images\_site\6A35E8F8-C756-4D74-A18D-9532A67C0D46.jpeg
https://www.incabella.co.uk/product/full-decoration-package-silver/,Full Decoration Package – Tier 1,,incabella-images\_site\6A35E8F8-C756-4D74-A18D-9532A67C0D46.jpeg
https://www.incabella.co.uk/product/full-decoration-package-silver/,Full Decoration Package – Tier 1,,incabella-images\_site\IncaBella_logo_02.png
https://www.incabella.co.uk/product/fairylight-wall-net-ceremony-room/,Fairylight Wall Net – Ceremony Room,,incabella-images\_site\IncaBella_logo_02.png
https://www.incabella.co.uk/product/fairylight-wall-net-ceremony-room/,Fairylight Wall Net – Ceremony Room,,incabella-images\product_fairylight-wall-net-ceremony-room\IMG_3283-scaled.jpeg
https://www.incabella.co.uk/product/fairylight-wall-net-ceremony-room/,Fairylight Wall Net – Ceremony Room,,incabella-images\products-list\IMG_3283.jpeg
https://www.incabella.co.uk/product/fairylight-wall-net-ceremony-room/,Fairylight Wall Net – Ceremony Room,,incabella-images\products-list\IMG_3283.jpeg
https://www.incabella.co.uk/product/fairylight-wall-net-ceremony-room/,Fairylight Wall Net – Ceremony Room,,incabella-images\product_fairylight-wall-net-ceremony-room\IMG_3292-scaled.jpeg
https://www.incabella.co.uk/product/fairylight-wall-net-ceremony-room/,Fairylight Wall Net – Ceremony Room,,incabella-images\products-list\IMG_3292.jpeg
https://www.incabella.co.uk/product/fairylight-wall-net-ceremony-room/,Fairylight Wall Net – Ceremony Room,,incabella-images\products-list\IMG_3292.jpeg
https://www.incabella.co.uk/product/fairylight-wall-net-ceremony-room/,Fairylight Wall Net – Ceremony Room,,incabella-images\product_fairylight-wall-net-ceremony-room\IMG_3289-scaled.jpeg
https://www.incabella.co.uk/product/fairylight-wall-net-ceremony-room/,Fairylight Wall Net – Ceremony Room,,incabella-images\product_fairylight-wall-net-ceremony-room\IMG_3289.jpeg
https://www.incabella.co.uk/product/fairylight-wall-net-ceremony-room/,Fairylight Wall Net – Ceremony Room,,incabella-images\product_fairylight-wall-net-ceremony-room\IMG_3289.jpeg
https://www.incabella.co.uk/product/fairylight-wall-net-ceremony-room/,Fairylight Wall Net – Ceremony Room,,incabella-images\products-list\IMG_3283.jpeg
https://www.incabella.co.uk/product/fairylight-wall-net-ceremony-room/,Fairylight Wall Net – Ceremony Room,,incabella-images\products-list\IMG_3283.jpeg
https://www.incabella.co.uk/product/fairylight-wall-net-ceremony-room/,Fairylight Wall Net – Ceremony Room,,incabella-images\products-list\IMG_3292.jpeg
https://www.incabella.co.uk/product/fairylight-wall-net-ceremony-room/,Fairylight Wall Net – Ceremony Room,,incabella-images\products-list\IMG_3292.jpeg
https://www.incabella.co.uk/product/fairylight-wall-net-ceremony-room/,Fairylight Wall Net – Ceremony Room,,incabella-images\product_fairylight-wall-net-ceremony-room\IMG_3289.jpeg
https://www.incabella.co.uk/product/fairylight-wall-net-ceremony-room/,Fairylight Wall Net – Ceremony Room,,incabella-images\product_fairylight-wall-net-ceremony-room\IMG_3289.jpeg
https://www.incabella.co.uk/product/fairylight-wall-net-ceremony-room/,Fairylight Wall Net – Ceremony Room,,incabella-images\products-list\IMG_3283.jpeg
https://www.incabella.co.uk/product/fairylight-wall-net-ceremony-room/,Fairylight Wall Net – Ceremony Room,,incabella-images\products-list\IMG_3283.jpeg
https://www.incabella.co.uk/product/fairylight-wall-net-ceremony-room/,Fairylight Wall Net – Ceremony Room,,incabella-images\_site\IncaBella_logo_02.png
https://www.incabella.co.uk/garden-games/,Garden  Games,,incabella-images\_site\IncaBella_logo_02.png
https://www.incabella.co.uk/garden-games/,Garden  Games,,incabella-images\_site\giant-outdoor-chess.jpg
https://www.incabella.co.uk/garden-games/,Garden  Games,,incabella-images\product_set-of-4-garden-games-not-including-giant-chess\IMG_1595.jpeg
https://www.incabella.co.uk/garden-games/,Garden  Games,,incabella-images\product_set-of-4-garden-games-not-including-giant-chess\IMG_1609.jpeg
https://www.incabella.co.uk/garden-games/,Garden  Games,,incabella-images\garden-games\IMG_0980.jpeg
https://www.incabella.co.uk/garden-games/,Garden  Games,,incabella-images\product_set-of-4-garden-games-not-including-giant-chess\IMG_1590.jpeg
https://www.incabella.co.uk/garden-games/,Garden  Games,,incabella-images\product_set-of-4-garden-games-not-including-giant-chess\IMG_1627.jpeg
https://www.incabella.co.uk/garden-games/,Garden  Games,,incabella-images\product_set-of-4-garden-games-not-including-giant-chess\IMG_1607.jpeg
https://www.incabella.co.uk/garden-games/,Garden  Games,,incabella-images\garden-games\Giant-Jenga-in-garden.jpg
https://www.incabella.co.uk/garden-games/,Garden  Games,,incabella-images\_site\IncaBella_logo_02.png
https://www.incabella.co.uk/product/fairy-light-globes/,Stairwell Fairy Light Globes,,incabella-images\_site\IncaBella_logo_02.png
https://www.incabella.co.uk/product/fairy-light-globes/,Stairwell Fairy Light Globes,,incabella-images\product_fairy-light-globes\IMG_8311-scaled.jpeg
https://www.incabella.co.uk/product/fairy-light-globes/,Stairwell Fairy Light Globes,,incabella-images\_site\IMG_8311.jpeg
https://www.incabella.co.uk/product/fairy-light-globes/,Stairwell Fairy Light Globes,,incabella-images\_site\IMG_8311.jpeg
https://www.incabella.co.uk/product/fairy-light-globes/,Stairwell Fairy Light Globes,,incabella-images\product_fairy-light-globes\IMG_3724-scaled.jpeg
https://www.incabella.co.uk/product/fairy-light-globes/,Stairwell Fairy Light Globes,,incabella-images\_site\IMG_3724.jpeg
https://www.incabella.co.uk/product/fairy-light-globes/,Stairwell Fairy Light Globes,,incabella-images\_site\IMG_3724.jpeg
https://www.incabella.co.uk/product/fairy-light-globes/,Stairwell Fairy Light Globes,,incabella-images\product_fairy-light-globes\IMG_8311-scaled.jpeg
https://www.incabella.co.uk/product/fairy-light-globes/,Stairwell Fairy Light Globes,,incabella-images\_site\IMG_8311.jpeg
https://www.incabella.co.uk/product/fairy-light-globes/,Stairwell Fairy Light Globes,,incabella-images\_site\IMG_8311.jpeg
https://www.incabella.co.uk/product/fairy-light-globes/,Stairwell Fairy Light Globes,,incabella-images\product_fairy-light-globes\0d17854b-64b6-499c-aa82-260a5a94f346-2.jpg
https://www.incabella.co.uk/product/fairy-light-globes/,Stairwell Fairy Light Globes,,incabella-images\product_fairy-light-globes\0d17854b-64b6-499c-aa82-260a5a94f346-2.jpg
https://www.incabella.co.uk/product/fairy-light-globes/,Stairwell Fairy Light Globes,,incabella-images\product_fairy-light-globes\0d17854b-64b6-499c-aa82-260a5a94f346-2.jpg
https://www.incabella.co.uk/product/fairy-light-globes/,Stairwell Fairy Light Globes,,incabella-images\_site\IMG_8311.jpeg
https://www.incabella.co.uk/product/fairy-light-globes/,Stairwell Fairy Light Globes,,incabella-images\_site\IMG_8311.jpeg
https://www.incabella.co.uk/product/fairy-light-globes/,Stairwell Fairy Light Globes,,incabella-images\_site\IMG_3724.jpeg
https://www.incabella.co.uk/product/fairy-light-globes/,Stairwell Fairy Light Globes,,incabella-images\_site\IMG_3724.jpeg
https://www.incabella.co.uk/product/fairy-light-globes/,Stairwell Fairy Light Globes,,incabella-images\_site\IMG_8311.jpeg
https://www.incabella.co.uk/product/fairy-light-globes/,Stairwell Fairy Light Globes,,incabella-images\_site\IMG_8311.jpeg
https://www.incabella.co.uk/product/fairy-light-globes/,Stairwell Fairy Light Globes,,incabella-images\product_fairy-light-globes\0d17854b-64b6-499c-aa82-260a5a94f346-2.jpg
https://www.incabella.co.uk/product/fairy-light-globes/,Stairwell Fairy Light Globes,,incabella-images\product_fairy-light-globes\0d17854b-64b6-499c-aa82-260a5a94f346-2.jpg
https://www.incabella.co.uk/product/fairy-light-globes/,Stairwell Fairy Light Globes,,incabella-images\_site\IMG_8311.jpeg
https://www.incabella.co.uk/product/fairy-light-globes/,Stairwell Fairy Light Globes,,incabella-images\_site\IMG_8311.jpeg
https://www.incabella.co.uk/product/fairy-light-globes/,Stairwell Fairy Light Globes,,incabella-images\_site\IMG_1673.jpg
https://www.incabella.co.uk/product/fairy-light-globes/,Stairwell Fairy Light Globes,,incabella-images\_site\IMG_1673-510x652@2x.jpg
https://www.incabella.co.uk/product/fairy-light-globes/,Stairwell Fairy Light Globes,,incabella-images\_site\4600494.jpg
https://www.incabella.co.uk/product/fairy-light-globes/,Stairwell Fairy Light Globes,,incabella-images\_site\4600494-114x145@2x.jpg
https://www.incabella.co.uk/product/fairy-light-globes/,Stairwell Fairy Light Globes,,incabella-images\_site\IMG_1158.jpg
https://www.incabella.co.uk/product/fairy-light-globes/,Stairwell Fairy Light Globes,,incabella-images\_site\IMG_1158-190x243@2x.jpg
https://www.incabella.co.uk/product/fairy-light-globes/,Stairwell Fairy Light Globes,,incabella-images\_site\IMG_3519.jpg
https://www.incabella.co.uk/product/fairy-light-globes/,Stairwell Fairy Light Globes,,incabella-images\_site\IMG_3519-510x652@2x.jpg
https://www.incabella.co.uk/product/fairy-light-globes/,Stairwell Fairy Light Globes,,incabella-images\_site\IMG_3706.jpeg
https://www.incabella.co.uk/product/fairy-light-globes/,Stairwell Fairy Light Globes,,incabella-images\_site\IMG_3706.jpeg
https://www.incabella.co.uk/product/fairy-light-globes/,Stairwell Fairy Light Globes,,incabella-images\_site\d6d39674-1f5e-4f28-bd68-087445415a70-2.jpg
https://www.incabella.co.uk/product/fairy-light-globes/,Stairwell Fairy Light Globes,,incabella-images\_site\d6d39674-1f5e-4f28-bd68-087445415a70-2.jpg
https://www.incabella.co.uk/product/fairy-light-globes/,Stairwell Fairy Light Globes,,incabella-images\_site\IMG_2205.jpg
https://www.incabella.co.uk/product/fairy-light-globes/,Stairwell Fairy Light Globes,,incabella-images\_site\IMG_2205-510x652@2x.jpg
https://www.incabella.co.uk/product/fairy-light-globes/,Stairwell Fairy Light Globes,,incabella-images\_site\IMG_2203.jpg
https://www.incabella.co.uk/product/fairy-light-globes/,Stairwell Fairy Light Globes,,incabella-images\_site\IMG_2203-510x652@2x.jpg
https://www.incabella.co.uk/product/fairy-light-globes/,Stairwell Fairy Light Globes,,incabella-images\_site\IMG_7953.jpeg
https://www.incabella.co.uk/product/fairy-light-globes/,Stairwell Fairy Light Globes,,incabella-images\_site\IMG_7953.jpeg
https://www.incabella.co.uk/product/fairy-light-globes/,Stairwell Fairy Light Globes,,incabella-images\_site\873F2BAE-D7E1-4031-9F1F-6913BD571894.jpeg
https://www.incabella.co.uk/product/fairy-light-globes/,Stairwell Fairy Light Globes,,incabella-images\_site\873F2BAE-D7E1-4031-9F1F-6913BD571894.jpeg
https://www.incabella.co.uk/product/fairy-light-globes/,Stairwell Fairy Light Globes,,incabella-images\_site\IMG_1970.jpg
https://www.incabella.co.uk/product/fairy-light-globes/,Stairwell Fairy Light Globes,,incabella-images\_site\IMG_1970-510x652@2x.jpg
https://www.incabella.co.uk/product/fairy-light-globes/,Stairwell Fairy Light Globes,,incabella-images\_site\Image-3.jpg
https://www.incabella.co.uk/product/fairy-light-globes/,Stairwell Fairy Light Globes,,incabella-images\_site\Image-3-510x652@2x.jpg
https://www.incabella.co.uk/product/fairy-light-globes/,Stairwell Fairy Light Globes,,incabella-images\_site\fullsizeoutput_50c2.jpeg
https://www.incabella.co.uk/product/fairy-light-globes/,Stairwell Fairy Light Globes,,incabella-images\_site\fullsizeoutput_50c2.jpeg
https://www.incabella.co.uk/product/fairy-light-globes/,Stairwell Fairy Light Globes,,incabella-images\_site\IMG_6448-e1520889491374.jpg
https://www.incabella.co.uk/product/fairy-light-globes/,Stairwell Fairy Light Globes,,incabella-images\_site\IMG_6448-e1520889491374.jpg
https://www.incabella.co.uk/product/fairy-light-globes/,Stairwell Fairy Light Globes,,incabella-images\_site\IMG_4084.jpeg
https://www.incabella.co.uk/product/fairy-light-globes/,Stairwell Fairy Light Globes,,incabella-images\_site\IMG_4084.jpeg
https://www.incabella.co.uk/product/fairy-light-globes/,Stairwell Fairy Light Globes,,incabella-images\_site\IMG_3684.jpeg
https://www.incabella.co.uk/product/fairy-light-globes/,Stairwell Fairy Light Globes,,incabella-images\_site\IMG_3684.jpeg
https://www.incabella.co.uk/product/fairy-light-globes/,Stairwell Fairy Light Globes,,incabella-images\_site\880A161C-0A42-4AD4-99AC-5E53B5188CE4.jpeg
https://www.incabella.co.uk/product/fairy-light-globes/,Stairwell Fairy Light Globes,,incabella-images\_site\880A161C-0A42-4AD4-99AC-5E53B5188CE4.jpeg
https://www.incabella.co.uk/product/fairy-light-globes/,Stairwell Fairy Light Globes,,incabella-images\_site\6A35E8F8-C756-4D74-A18D-9532A67C0D46.jpeg
https://www.incabella.co.uk/product/fairy-light-globes/,Stairwell Fairy Light Globes,,incabella-images\_site\6A35E8F8-C756-4D74-A18D-9532A67C0D46.jpeg
https://www.incabella.co.uk/product/fairy-light-globes/,Stairwell Fairy Light Globes,,incabella-images\_site\IMG_7450.jpeg
https://www.incabella.co.uk/product/fairy-light-globes/,Stairwell Fairy Light Globes,,incabella-images\_site\IMG_7450.jpeg
https://www.incabella.co.uk/product/fairy-light-globes/,Stairwell Fairy Light Globes,,incabella-images\_site\IMG_1085.jpg
https://www.incabella.co.uk/product/fairy-light-globes/,Stairwell Fairy Light Globes,,incabella-images\_site\IMG_1085-510x652@2x.jpg
https://www.incabella.co.uk/product/fairy-light-globes/,Stairwell Fairy Light Globes,,incabella-images\_site\25AB7D13-7599-412B-B88E-B43BB927A3F8.jpeg
https://www.incabella.co.uk/product/fairy-light-globes/,Stairwell Fairy Light Globes,,incabella-images\_site\25AB7D13-7599-412B-B88E-B43BB927A3F8.jpeg
https://www.incabella.co.uk/product/fairy-light-globes/,Stairwell Fairy Light Globes,,incabella-images\_site\IMG_4492.jpg
https://www.incabella.co.uk/product/fairy-light-globes/,Stairwell Fairy Light Globes,,incabella-images\_site\IMG_4492.jpg
https://www.incabella.co.uk/product/fairy-light-globes/,Stairwell Fairy Light Globes,,incabella-images\_site\english-country-bunting.jpg
https://www.incabella.co.uk/product/fairy-light-globes/,Stairwell Fairy Light Globes,,incabella-images\_site\english-country-bunting-114x145@2x.jpg
https://www.incabella.co.uk/product/fairy-light-globes/,Stairwell Fairy Light Globes,,incabella-images\_site\english-country-bunting.jpg
https://www.incabella.co.uk/product/fairy-light-globes/,Stairwell Fairy Light Globes,,incabella-images\_site\english-country-bunting-114x145@2x.jpg
https://www.incabella.co.uk/product/fairy-light-globes/,Stairwell Fairy Light Globes,,incabella-images\_site\IncaBella_logo_02.png
https://www.incabella.co.uk/flowers-potted-flowers/,Flowers (Potted Flowers) - Incabella Wedding Hire,,incabella-images\_site\IncaBella_logo_02.png
https://www.incabella.co.uk/flowers-potted-flowers/,Flowers (Potted Flowers) - Incabella Wedding Hire,,incabella-images\_site\IncaBella_logo_02.png
https://www.incabella.co.uk/product/riverwindowsetup/,River Window Set-up,,incabella-images\_site\IncaBella_logo_02.png
https://www.incabella.co.uk/product/riverwindowsetup/,River Window Set-up,,incabella-images\_site\5d6ad4c0-13bc-479b-8b50-cfe64523502e.jpeg
https://www.incabella.co.uk/product/riverwindowsetup/,River Window Set-up,,incabella-images\_site\5d6ad4c0-13bc-479b-8b50-cfe64523502e.jpeg
https://www.incabella.co.uk/product/riverwindowsetup/,River Window Set-up,,incabella-images\_site\5d6ad4c0-13bc-479b-8b50-cfe64523502e.jpeg
https://www.incabella.co.uk/product/riverwindowsetup/,River Window Set-up,,incabella-images\_site\fullsizeoutput_5ff9.jpeg
https://www.incabella.co.uk/product/riverwindowsetup/,River Window Set-up,,incabella-images\_site\fullsizeoutput_5ff9.jpeg
https://www.incabella.co.uk/product/riverwindowsetup/,River Window Set-up,,incabella-images\_site\fullsizeoutput_5ff9.jpeg
https://www.incabella.co.uk/product/riverwindowsetup/,River Window Set-up,,incabella-images\product_riverwindowsetup\PHOTO-2019-05-13-15-21-02-3.jpg
https://www.incabella.co.uk/product/riverwindowsetup/,River Window Set-up,,incabella-images\product_riverwindowsetup\PHOTO-2019-05-13-15-21-02-3.jpg
https://www.incabella.co.uk/product/riverwindowsetup/,River Window Set-up,,incabella-images\product_riverwindowsetup\PHOTO-2019-05-13-15-21-02-3.jpg
https://www.incabella.co.uk/product/riverwindowsetup/,River Window Set-up,,incabella-images\_site\5d6ad4c0-13bc-479b-8b50-cfe64523502e.jpeg
https://www.incabella.co.uk/product/riverwindowsetup/,River Window Set-up,,incabella-images\_site\5d6ad4c0-13bc-479b-8b50-cfe64523502e.jpeg
https://www.incabella.co.uk/product/riverwindowsetup/,River Window Set-up,,incabella-images\_site\5d6ad4c0-13bc-479b-8b50-cfe64523502e.jpeg
https://www.incabella.co.uk/product/riverwindowsetup/,River Window Set-up,,incabella-images\product_riverwindowsetup\EE280626-HR-53-scaled.jpeg
https://www.incabella.co.uk/product/riverwindowsetup/,River Window Set-up,,incabella-images\product_riverwindowsetup\EE280626-HR-53.jpeg
https://www.incabella.co.uk/product/riverwindowsetup/,River Window Set-up,,incabella-images\product_riverwindowsetup\EE280626-HR-53.jpeg
https://www.incabella.co.uk/product/riverwindowsetup/,River Window Set-up,,incabella-images\_site\5d6ad4c0-13bc-479b-8b50-cfe64523502e.jpeg
https://www.incabella.co.uk/product/riverwindowsetup/,River Window Set-up,,incabella-images\_site\5d6ad4c0-13bc-479b-8b50-cfe64523502e.jpeg
https://www.incabella.co.uk/product/riverwindowsetup/,River Window Set-up,,incabella-images\_site\fullsizeoutput_5ff9.jpeg
https://www.incabella.co.uk/product/riverwindowsetup/,River Window Set-up,,incabella-images\_site\fullsizeoutput_5ff9.jpeg
https://www.incabella.co.uk/product/riverwindowsetup/,River Window Set-up,,incabella-images\product_riverwindowsetup\PHOTO-2019-05-13-15-21-02-3.jpg
https://www.incabella.co.uk/product/riverwindowsetup/,River Window Set-up,,incabella-images\product_riverwindowsetup\PHOTO-2019-05-13-15-21-02-3.jpg
https://www.incabella.co.uk/product/riverwindowsetup/,River Window Set-up,,incabella-images\_site\5d6ad4c0-13bc-479b-8b50-cfe64523502e.jpeg
https://www.incabella.co.uk/product/riverwindowsetup/,River Window Set-up,,incabella-images\_site\5d6ad4c0-13bc-479b-8b50-cfe64523502e.jpeg
https://www.incabella.co.uk/product/riverwindowsetup/,River Window Set-up,,incabella-images\product_riverwindowsetup\EE280626-HR-53.jpeg
https://www.incabella.co.uk/product/riverwindowsetup/,River Window Set-up,,incabella-images\product_riverwindowsetup\EE280626-HR-53.jpeg
https://www.incabella.co.uk/product/riverwindowsetup/,River Window Set-up,,incabella-images\_site\IMG_1709.jpg
https://www.incabella.co.uk/product/riverwindowsetup/,River Window Set-up,,incabella-images\_site\IMG_1709-510x652@2x.jpg
https://www.incabella.co.uk/product/riverwindowsetup/,River Window Set-up,,incabella-images\_site\tlt-hld-wbells-h80mm-clr-gls.jpeg
https://www.incabella.co.uk/product/riverwindowsetup/,River Window Set-up,,incabella-images\_site\tlt-hld-wbells-h80mm-clr-gls.jpeg
https://www.incabella.co.uk/product/riverwindowsetup/,River Window Set-up,,incabella-images\_site\Sparkling-Silver-T-Light-20000102-A_20765.jpeg
https://www.incabella.co.uk/product/riverwindowsetup/,River Window Set-up,,incabella-images\_site\Sparkling-Silver-T-Light-20000102-A_20765.jpeg
https://www.incabella.co.uk/product/riverwindowsetup/,River Window Set-up,,incabella-images\_site\Sparkling-Silver-T-Light-Holder-IMG_4275.jpeg
https://www.incabella.co.uk/product/riverwindowsetup/,River Window Set-up,,incabella-images\_site\Sparkling-Silver-T-Light-Holder-IMG_4275.jpeg
https://www.incabella.co.uk/product/riverwindowsetup/,River Window Set-up,,incabella-images\_site\hanging-heart-tea-light-holder.jpeg
https://www.incabella.co.uk/product/riverwindowsetup/,River Window Set-up,,incabella-images\_site\hanging-heart-tea-light-holder.jpeg
https://www.incabella.co.uk/product/riverwindowsetup/,River Window Set-up,,incabella-images\_site\hanging-heart-tea-light-holder.jpeg
https://www.incabella.co.uk/product/riverwindowsetup/,River Window Set-up,,incabella-images\_site\hanging-heart-tea-light-holder.jpeg
https://www.incabella.co.uk/product/riverwindowsetup/,River Window Set-up,,incabella-images\_site\image10.jpeg
https://www.incabella.co.uk/product/riverwindowsetup/,River Window Set-up,,incabella-images\_site\image10.jpeg
https://www.incabella.co.uk/product/riverwindowsetup/,River Window Set-up,,incabella-images\_site\20473090a409721a3a4007908b32130e.jpg
https://www.incabella.co.uk/product/riverwindowsetup/,River Window Set-up,,incabella-images\_site\20473090a409721a3a4007908b32130e.jpg
https://www.incabella.co.uk/product/riverwindowsetup/,River Window Set-up,,incabella-images\_site\IMG_E1342.jpg
https://www.incabella.co.uk/product/riverwindowsetup/,River Window Set-up,,incabella-images\_site\IMG_E1342.jpg
https://www.incabella.co.uk/product/riverwindowsetup/,River Window Set-up,,incabella-images\_site\clear-glass-hurricane-lantern.jpeg
https://www.incabella.co.uk/product/riverwindowsetup/,River Window Set-up,,incabella-images\_site\clear-glass-hurricane-lantern.jpeg
https://www.incabella.co.uk/product/riverwindowsetup/,River Window Set-up,,incabella-images\_site\sana-storm-lantern.jpg
https://www.incabella.co.uk/product/riverwindowsetup/,River Window Set-up,,incabella-images\_site\sana-storm-lantern.jpg
https://www.incabella.co.uk/product/riverwindowsetup/,River Window Set-up,,incabella-images\_site\A-FS-S-FS-A-SANA-STORM-LANTERN-SQ-7.jpeg
https://www.incabella.co.uk/product/riverwindowsetup/,River Window Set-up,,incabella-images\_site\A-FS-S-FS-A-SANA-STORM-LANTERN-SQ-7.jpeg
https://www.incabella.co.uk/product/riverwindowsetup/,River Window Set-up,,incabella-images\_site\IMG_0946.jpeg
https://www.incabella.co.uk/product/riverwindowsetup/,River Window Set-up,,incabella-images\_site\IMG_0946.jpeg
https://www.incabella.co.uk/product/riverwindowsetup/,River Window Set-up,,incabella-images\_site\lantern-wrope-hndl-h250x180mm-gls-grey.jpeg
https://www.incabella.co.uk/product/riverwindowsetup/,River Window Set-up,,incabella-images\_site\lantern-wrope-hndl-h250x180mm-gls-grey.jpeg
https://www.incabella.co.uk/product/riverwindowsetup/,River Window Set-up,,incabella-images\_site\Sparkling-Silver-T-Light-20000102-A_20765.jpeg
https://www.incabella.co.uk/product/riverwindowsetup/,River Window Set-up,,incabella-images\_site\Sparkling-Silver-T-Light-20000102-A_20765.jpeg
https://www.incabella.co.uk/product/riverwindowsetup/,River Window Set-up,,incabella-images\_site\Sparkling-Silver-T-Light-Holder-IMG_4275.jpeg
https://www.incabella.co.uk/product/riverwindowsetup/,River Window Set-up,,incabella-images\_site\Sparkling-Silver-T-Light-Holder-IMG_4275.jpeg
https://www.incabella.co.uk/product/riverwindowsetup/,River Window Set-up,,incabella-images\_site\IMG_4163.jpg
https://www.incabella.co.uk/product/riverwindowsetup/,River Window Set-up,,incabella-images\_site\IMG_4163.jpg
https://www.incabella.co.uk/product/riverwindowsetup/,River Window Set-up,,incabella-images\_site\IMG_4162-e1517836473472.jpg
https://www.incabella.co.uk/product/riverwindowsetup/,River Window Set-up,,incabella-images\_site\IMG_4162-e1517836473472.jpg
https://www.incabella.co.uk/product/riverwindowsetup/,River Window Set-up,,incabella-images\_site\IMG_7140.jpeg
https://www.incabella.co.uk/product/riverwindowsetup/,River Window Set-up,,incabella-images\_site\IMG_7140.jpeg
https://www.incabella.co.uk/product/riverwindowsetup/,River Window Set-up,,incabella-images\_site\0ECE9A96-8D21-45B5-99FA-412A2590D4A7.jpeg
https://www.incabella.co.uk/product/riverwindowsetup/,River Window Set-up,,incabella-images\_site\0ECE9A96-8D21-45B5-99FA-412A2590D4A7.jpeg
https://www.incabella.co.uk/product/riverwindowsetup/,River Window Set-up,,incabella-images\_site\IMG_7450.jpeg
https://www.incabella.co.uk/product/riverwindowsetup/,River Window Set-up,,incabella-images\_site\IMG_7450.jpeg
https://www.incabella.co.uk/product/riverwindowsetup/,River Window Set-up,,incabella-images\_site\IMG_1085.jpg
https://www.incabella.co.uk/product/riverwindowsetup/,River Window Set-up,,incabella-images\_site\IMG_1085-510x652@2x.jpg
https://www.incabella.co.uk/product/riverwindowsetup/,River Window Set-up,,incabella-images\_site\2B86C02D-B992-47FD-8154-292F2FE7C354.jpeg
https://www.incabella.co.uk/product/riverwindowsetup/,River Window Set-up,,incabella-images\_site\2B86C02D-B992-47FD-8154-292F2FE7C354.jpeg
https://www.incabella.co.uk/product/riverwindowsetup/,River Window Set-up,,incabella-images\_site\2B86C02D-B992-47FD-8154-292F2FE7C354.jpeg
https://www.incabella.co.uk/product/riverwindowsetup/,River Window Set-up,,incabella-images\_site\2B86C02D-B992-47FD-8154-292F2FE7C354.jpeg
https://www.incabella.co.uk/product/riverwindowsetup/,River Window Set-up,,incabella-images\_site\IMG_3750.jpg
https://www.incabella.co.uk/product/riverwindowsetup/,River Window Set-up,,incabella-images\_site\IMG_3750.jpg
https://www.incabella.co.uk/product/riverwindowsetup/,River Window Set-up,,incabella-images\_site\IMG_3812.jpg
https://www.incabella.co.uk/product/riverwindowsetup/,River Window Set-up,,incabella-images\_site\IMG_3812.jpg
https://www.incabella.co.uk/product/riverwindowsetup/,River Window Set-up,,incabella-images\_site\IMG_4217-e1615561069483.jpg
https://www.incabella.co.uk/product/riverwindowsetup/,River Window Set-up,,incabella-images\_site\IMG_4217-e1615561069483.jpg
https://www.incabella.co.uk/product/riverwindowsetup/,River Window Set-up,,incabella-images\_site\IMG_5159-e1615638036380.jpg
https://www.incabella.co.uk/product/riverwindowsetup/,River Window Set-up,,incabella-images\_site\IMG_5159-e1615638036380.jpg
https://www.incabella.co.uk/product/riverwindowsetup/,River Window Set-up,,incabella-images\_site\IMG_0442.jpg
https://www.incabella.co.uk/product/riverwindowsetup/,River Window Set-up,,incabella-images\_site\IMG_0442.jpg
https://www.incabella.co.uk/product/riverwindowsetup/,River Window Set-up,,incabella-images\_site\IMG_0454.jpg
https://www.incabella.co.uk/product/riverwindowsetup/,River Window Set-up,,incabella-images\_site\IMG_0454.jpg
https://www.incabella.co.uk/product/riverwindowsetup/,River Window Set-up,,incabella-images\_site\IMG_7095.jpeg
https://www.incabella.co.uk/product/riverwindowsetup/,River Window Set-up,,incabella-images\_site\IMG_7095.jpeg
https://www.incabella.co.uk/product/riverwindowsetup/,River Window Set-up,,incabella-images\_site\6A9461D2-8C98-4412-BC65-4CDD37EF0A5D.jpeg
https://www.incabella.co.uk/product/riverwindowsetup/,River Window Set-up,,incabella-images\_site\6A9461D2-8C98-4412-BC65-4CDD37EF0A5D.jpeg
https://www.incabella.co.uk/product/riverwindowsetup/,River Window Set-up,,incabella-images\_site\IMG_7453.jpeg
https://www.incabella.co.uk/product/riverwindowsetup/,River Window Set-up,,incabella-images\_site\IMG_7453.jpeg
https://www.incabella.co.uk/product/riverwindowsetup/,River Window Set-up,,incabella-images\_site\image7.jpeg
https://www.incabella.co.uk/product/riverwindowsetup/,River Window Set-up,,incabella-images\_site\image7.jpeg
https://www.incabella.co.uk/product/riverwindowsetup/,River Window Set-up,,incabella-images\_site\IMG_1673.jpg
https://www.incabella.co.uk/product/riverwindowsetup/,River Window Set-up,,incabella-images\_site\IMG_1673-510x652@2x.jpg
https://www.incabella.co.uk/product/riverwindowsetup/,River Window Set-up,,incabella-images\_site\4600494.jpg
https://www.incabella.co.uk/product/riverwindowsetup/,River Window Set-up,,incabella-images\_site\4600494-114x145@2x.jpg
https://www.incabella.co.uk/product/riverwindowsetup/,River Window Set-up,,incabella-images\_site\IMG_1970.jpg
https://www.incabella.co.uk/product/riverwindowsetup/,River Window Set-up,,incabella-images\_site\IMG_1970-510x652@2x.jpg
https://www.incabella.co.uk/product/riverwindowsetup/,River Window Set-up,,incabella-images\_site\Image-3.jpg
https://www.incabella.co.uk/product/riverwindowsetup/,River Window Set-up,,incabella-images\_site\Image-3-510x652@2x.jpg
https://www.incabella.co.uk/product/riverwindowsetup/,River Window Set-up,,incabella-images\_site\IMG_7149.jpeg
https://www.incabella.co.uk/product/riverwindowsetup/,River Window Set-up,,incabella-images\_site\IMG_7149.jpeg
https://www.incabella.co.uk/product/riverwindowsetup/,River Window Set-up,,incabella-images\_site\E57C0BFC-9306-42C5-8AE4-7F77EFE434AA.jpeg
https://www.incabella.co.uk/product/riverwindowsetup/,River Window Set-up,,incabella-images\_site\E57C0BFC-9306-42C5-8AE4-7F77EFE434AA.jpeg
https://www.incabella.co.uk/product/riverwindowsetup/,River Window Set-up,,incabella-images\_site\IncaBella_logo_02.png
https://www.incabella.co.uk/product/set-of-4-garden-games/,Set of any 4 Garden Games including Giant Chess,,incabella-images\_site\IncaBella_logo_02.png
https://www.incabella.co.uk/product/set-of-4-garden-games/,Set of any 4 Garden Games including Giant Chess,,incabella-images\_site\IB-sets-of-games-images.jpg
https://www.incabella.co.uk/product/set-of-4-garden-games/,Set of any 4 Garden Games including Giant Chess,,incabella-images\_site\IB-sets-of-games-images.jpg
https://www.incabella.co.uk/product/set-of-4-garden-games/,Set of any 4 Garden Games including Giant Chess,,incabella-images\_site\IB-sets-of-games-images.jpg
https://www.incabella.co.uk/product/set-of-4-garden-games/,Set of any 4 Garden Games including Giant Chess,,incabella-images\_site\giant-outdoor-chess.jpg
https://www.incabella.co.uk/product/set-of-4-garden-games/,Set of any 4 Garden Games including Giant Chess,,incabella-images\_site\giant-outdoor-chess.jpg
https://www.incabella.co.uk/product/set-of-4-garden-games/,Set of any 4 Garden Games including Giant Chess,,incabella-images\_site\giant-outdoor-chess.jpg
https://www.incabella.co.uk/product/set-of-4-garden-games/,Set of any 4 Garden Games including Giant Chess,,incabella-images\product_set-of-4-garden-games\giant-outdoor-games.jpg
https://www.incabella.co.uk/product/set-of-4-garden-games/,Set of any 4 Garden Games including Giant Chess,,incabella-images\product_set-of-4-garden-games\giant-outdoor-games.jpg
https://www.incabella.co.uk/product/set-of-4-garden-games/,Set of any 4 Garden Games including Giant Chess,,incabella-images\product_set-of-4-garden-games\giant-outdoor-games.jpg
https://www.incabella.co.uk/product/set-of-4-garden-games/,Set of any 4 Garden Games including Giant Chess,,incabella-images\_site\UG304-P-Tumble-Tower-Pine-7700.png
https://www.incabella.co.uk/product/set-of-4-garden-games/,Set of any 4 Garden Games including Giant Chess,,incabella-images\_site\UG304-P-Tumble-Tower-Pine-7700.png
https://www.incabella.co.uk/product/set-of-4-garden-games/,Set of any 4 Garden Games including Giant Chess,,incabella-images\_site\UG304-P-Tumble-Tower-Pine-7700.png
https://www.incabella.co.uk/product/set-of-4-garden-games/,Set of any 4 Garden Games including Giant Chess,,incabella-images\product_set-of-4-garden-games-not-including-giant-chess\IMG_1590.jpeg
https://www.incabella.co.uk/product/set-of-4-garden-games/,Set of any 4 Garden Games including Giant Chess,,incabella-images\product_set-of-4-garden-games-not-including-giant-chess\IMG_1590.jpeg
https://www.incabella.co.uk/product/set-of-4-garden-games/,Set of any 4 Garden Games including Giant Chess,,incabella-images\product_set-of-4-garden-games-not-including-giant-chess\IMG_1590.jpeg
https://www.incabella.co.uk/product/set-of-4-garden-games/,Set of any 4 Garden Games including Giant Chess,,incabella-images\product_set-of-4-garden-games-not-including-giant-chess\IMG_1595.jpeg
https://www.incabella.co.uk/product/set-of-4-garden-games/,Set of any 4 Garden Games including Giant Chess,,incabella-images\product_set-of-4-garden-games-not-including-giant-chess\IMG_1595.jpeg
https://www.incabella.co.uk/product/set-of-4-garden-games/,Set of any 4 Garden Games including Giant Chess,,incabella-images\product_set-of-4-garden-games-not-including-giant-chess\IMG_1595.jpeg
https://www.incabella.co.uk/product/set-of-4-garden-games/,Set of any 4 Garden Games including Giant Chess,,incabella-images\product_set-of-4-garden-games-not-including-giant-chess\IMG_1607.jpeg
https://www.incabella.co.uk/product/set-of-4-garden-games/,Set of any 4 Garden Games including Giant Chess,,incabella-images\product_set-of-4-garden-games-not-including-giant-chess\IMG_1607.jpeg
https://www.incabella.co.uk/product/set-of-4-garden-games/,Set of any 4 Garden Games including Giant Chess,,incabella-images\product_set-of-4-garden-games-not-including-giant-chess\IMG_1607.jpeg
https://www.incabella.co.uk/product/set-of-4-garden-games/,Set of any 4 Garden Games including Giant Chess,,incabella-images\product_set-of-4-garden-games-not-including-giant-chess\IMG_1609.jpeg
https://www.incabella.co.uk/product/set-of-4-garden-games/,Set of any 4 Garden Games including Giant Chess,,incabella-images\product_set-of-4-garden-games-not-including-giant-chess\IMG_1609.jpeg
https://www.incabella.co.uk/product/set-of-4-garden-games/,Set of any 4 Garden Games including Giant Chess,,incabella-images\product_set-of-4-garden-games-not-including-giant-chess\IMG_1609.jpeg
https://www.incabella.co.uk/product/set-of-4-garden-games/,Set of any 4 Garden Games including Giant Chess,,incabella-images\product_set-of-4-garden-games-not-including-giant-chess\IMG_1627.jpeg
https://www.incabella.co.uk/product/set-of-4-garden-games/,Set of any 4 Garden Games including Giant Chess,,incabella-images\product_set-of-4-garden-games-not-including-giant-chess\IMG_1627.jpeg
https://www.incabella.co.uk/product/set-of-4-garden-games/,Set of any 4 Garden Games including Giant Chess,,incabella-images\product_set-of-4-garden-games-not-including-giant-chess\IMG_1627.jpeg
https://www.incabella.co.uk/product/set-of-4-garden-games/,Set of any 4 Garden Games including Giant Chess,,incabella-images\_site\IB-sets-of-games-images.jpg
https://www.incabella.co.uk/product/set-of-4-garden-games/,Set of any 4 Garden Games including Giant Chess,,incabella-images\_site\IB-sets-of-games-images.jpg
https://www.incabella.co.uk/product/set-of-4-garden-games/,Set of any 4 Garden Games including Giant Chess,,incabella-images\_site\giant-outdoor-chess.jpg
https://www.incabella.co.uk/product/set-of-4-garden-games/,Set of any 4 Garden Games including Giant Chess,,incabella-images\_site\giant-outdoor-chess.jpg
https://www.incabella.co.uk/product/set-of-4-garden-games/,Set of any 4 Garden Games including Giant Chess,,incabella-images\product_set-of-4-garden-games\giant-outdoor-games.jpg
https://www.incabella.co.uk/product/set-of-4-garden-games/,Set of any 4 Garden Games including Giant Chess,,incabella-images\product_set-of-4-garden-games\giant-outdoor-games.jpg
https://www.incabella.co.uk/product/set-of-4-garden-games/,Set of any 4 Garden Games including Giant Chess,,incabella-images\_site\UG304-P-Tumble-Tower-Pine-7700.png
https://www.incabella.co.uk/product/set-of-4-garden-games/,Set of any 4 Garden Games including Giant Chess,,incabella-images\_site\UG304-P-Tumble-Tower-Pine-7700.png
https://www.incabella.co.uk/product/set-of-4-garden-games/,Set of any 4 Garden Games including Giant Chess,,incabella-images\product_set-of-4-garden-games-not-including-giant-chess\IMG_1590.jpeg
https://www.incabella.co.uk/product/set-of-4-garden-games/,Set of any 4 Garden Games including Giant Chess,,incabella-images\product_set-of-4-garden-games-not-including-giant-chess\IMG_1590.jpeg
https://www.incabella.co.uk/product/set-of-4-garden-games/,Set of any 4 Garden Games including Giant Chess,,incabella-images\product_set-of-4-garden-games-not-including-giant-chess\IMG_1595.jpeg
https://www.incabella.co.uk/product/set-of-4-garden-games/,Set of any 4 Garden Games including Giant Chess,,incabella-images\product_set-of-4-garden-games-not-including-giant-chess\IMG_1595.jpeg
https://www.incabella.co.uk/product/set-of-4-garden-games/,Set of any 4 Garden Games including Giant Chess,,incabella-images\product_set-of-4-garden-games-not-including-giant-chess\IMG_1607.jpeg
https://www.incabella.co.uk/product/set-of-4-garden-games/,Set of any 4 Garden Games including Giant Chess,,incabella-images\product_set-of-4-garden-games-not-including-giant-chess\IMG_1607.jpeg
https://www.incabella.co.uk/product/set-of-4-garden-games/,Set of any 4 Garden Games including Giant Chess,,incabella-images\product_set-of-4-garden-games-not-including-giant-chess\IMG_1609.jpeg
https://www.incabella.co.uk/product/set-of-4-garden-games/,Set of any 4 Garden Games including Giant Chess,,incabella-images\product_set-of-4-garden-games-not-including-giant-chess\IMG_1609.jpeg
https://www.incabella.co.uk/product/set-of-4-garden-games/,Set of any 4 Garden Games including Giant Chess,,incabella-images\product_set-of-4-garden-games-not-including-giant-chess\IMG_1627.jpeg
https://www.incabella.co.uk/product/set-of-4-garden-games/,Set of any 4 Garden Games including Giant Chess,,incabella-images\product_set-of-4-garden-games-not-including-giant-chess\IMG_1627.jpeg
https://www.incabella.co.uk/product/set-of-4-garden-games/,Set of any 4 Garden Games including Giant Chess,,incabella-images\_site\IB-sets-of-games-images-no-chess.jpg
https://www.incabella.co.uk/product/set-of-4-garden-games/,Set of any 4 Garden Games including Giant Chess,,incabella-images\_site\IB-sets-of-games-images-no-chess.jpg
https://www.incabella.co.uk/product/set-of-4-garden-games/,Set of any 4 Garden Games including Giant Chess,,incabella-images\_site\UG304-P-Tumble-Tower-Pine-7700.png
https://www.incabella.co.uk/product/set-of-4-garden-games/,Set of any 4 Garden Games including Giant Chess,,incabella-images\_site\UG304-P-Tumble-Tower-Pine-7700.png
https://www.incabella.co.uk/product/set-of-4-garden-games/,Set of any 4 Garden Games including Giant Chess,,incabella-images\_site\IB-sets-of-games-images.jpg
https://www.incabella.co.uk/product/set-of-4-garden-games/,Set of any 4 Garden Games including Giant Chess,,incabella-images\_site\IB-sets-of-games-images.jpg
https://www.incabella.co.uk/product/set-of-4-garden-games/,Set of any 4 Garden Games including Giant Chess,,incabella-images\_site\giant-outdoor-chess.jpg
https://www.incabella.co.uk/product/set-of-4-garden-games/,Set of any 4 Garden Games including Giant Chess,,incabella-images\_site\giant-outdoor-chess.jpg
https://www.incabella.co.uk/product/set-of-4-garden-games/,Set of any 4 Garden Games including Giant Chess,,incabella-images\_site\IMG_9834.jpeg
https://www.incabella.co.uk/product/set-of-4-garden-games/,Set of any 4 Garden Games including Giant Chess,,incabella-images\_site\IMG_9834.jpeg
https://www.incabella.co.uk/product/set-of-4-garden-games/,Set of any 4 Garden Games including Giant Chess,,incabella-images\_site\IMG_9836.jpeg
https://www.incabella.co.uk/product/set-of-4-garden-games/,Set of any 4 Garden Games including Giant Chess,,incabella-images\_site\IMG_9836.jpeg
https://www.incabella.co.uk/product/set-of-4-garden-games/,Set of any 4 Garden Games including Giant Chess,,incabella-images\_site\IB-sets-of-games-images-no-chess.jpg
https://www.incabella.co.uk/product/set-of-4-garden-games/,Set of any 4 Garden Games including Giant Chess,,incabella-images\_site\IB-sets-of-games-images-no-chess.jpg
https://www.incabella.co.uk/product/set-of-4-garden-games/,Set of any 4 Garden Games including Giant Chess,,incabella-images\_site\UG304-P-Tumble-Tower-Pine-7700.png
https://www.incabella.co.uk/product/set-of-4-garden-games/,Set of any 4 Garden Games including Giant Chess,,incabella-images\_site\UG304-P-Tumble-Tower-Pine-7700.png
https://www.incabella.co.uk/product/set-of-4-garden-games/,Set of any 4 Garden Games including Giant Chess,,incabella-images\_site\IB-sets-of-games-images.jpg
https://www.incabella.co.uk/product/set-of-4-garden-games/,Set of any 4 Garden Games including Giant Chess,,incabella-images\_site\IB-sets-of-games-images.jpg
https://www.incabella.co.uk/product/set-of-4-garden-games/,Set of any 4 Garden Games including Giant Chess,,incabella-images\_site\giant-outdoor-chess.jpg
https://www.incabella.co.uk/product/set-of-4-garden-games/,Set of any 4 Garden Games including Giant Chess,,incabella-images\_site\giant-outdoor-chess.jpg
https://www.incabella.co.uk/product/set-of-4-garden-games/,Set of any 4 Garden Games including Giant Chess,,incabella-images\_site\IncaBella_logo_02.png
https://www.incabella.co.uk/product/giant-cornhole/,Giant Cornhole,,incabella-images\_site\IncaBella_logo_02.png
https://www.incabella.co.uk/product/giant-cornhole/,Giant Cornhole,,incabella-images\product_giant-cornhole\IMG_9834-scaled.jpeg
https://www.incabella.co.uk/product/giant-cornhole/,Giant Cornhole,,incabella-images\_site\IMG_9834.jpeg
https://www.incabella.co.uk/product/giant-cornhole/,Giant Cornhole,,incabella-images\_site\IMG_9834.jpeg
https://www.incabella.co.uk/product/giant-cornhole/,Giant Cornhole,,incabella-images\product_giant-cornhole\IMG_9836-scaled.jpeg
https://www.incabella.co.uk/product/giant-cornhole/,Giant Cornhole,,incabella-images\_site\IMG_9836.jpeg
https://www.incabella.co.uk/product/giant-cornhole/,Giant Cornhole,,incabella-images\_site\IMG_9836.jpeg
https://www.incabella.co.uk/product/giant-cornhole/,Giant Cornhole,,incabella-images\_site\IMG_9834.jpeg
https://www.incabella.co.uk/product/giant-cornhole/,Giant Cornhole,,incabella-images\_site\IMG_9834.jpeg
https://www.incabella.co.uk/product/giant-cornhole/,Giant Cornhole,,incabella-images\_site\IMG_9836.jpeg
https://www.incabella.co.uk/product/giant-cornhole/,Giant Cornhole,,incabella-images\_site\IMG_9836.jpeg
https://www.incabella.co.uk/product/giant-cornhole/,Giant Cornhole,,incabella-images\_site\IB-sets-of-games-images.jpg
https://www.incabella.co.uk/product/giant-cornhole/,Giant Cornhole,,incabella-images\_site\IB-sets-of-games-images.jpg
https://www.incabella.co.uk/product/giant-cornhole/,Giant Cornhole,,incabella-images\_site\giant-outdoor-chess.jpg
https://www.incabella.co.uk/product/giant-cornhole/,Giant Cornhole,,incabella-images\_site\giant-outdoor-chess.jpg
https://www.incabella.co.uk/product/giant-cornhole/,Giant Cornhole,,incabella-images\_site\IB-sets-of-games-images.jpg
https://www.incabella.co.uk/product/giant-cornhole/,Giant Cornhole,,incabella-images\_site\IB-sets-of-games-images.jpg
https://www.incabella.co.uk/product/giant-cornhole/,Giant Cornhole,,incabella-images\_site\giant-outdoor-chess.jpg
https://www.incabella.co.uk/product/giant-cornhole/,Giant Cornhole,,incabella-images\_site\giant-outdoor-chess.jpg
https://www.incabella.co.uk/product/giant-cornhole/,Giant Cornhole,,incabella-images\_site\IB-sets-of-games-images-no-chess.jpg
https://www.incabella.co.uk/product/giant-cornhole/,Giant Cornhole,,incabella-images\_site\IB-sets-of-games-images-no-chess.jpg
https://www.incabella.co.uk/product/giant-cornhole/,Giant Cornhole,,incabella-images\_site\UG304-P-Tumble-Tower-Pine-7700.png
https://www.incabella.co.uk/product/giant-cornhole/,Giant Cornhole,,incabella-images\_site\UG304-P-Tumble-Tower-Pine-7700.png
https://www.incabella.co.uk/product/giant-cornhole/,Giant Cornhole,,incabella-images\_site\IB-sets-of-games-images.jpg
https://www.incabella.co.uk/product/giant-cornhole/,Giant Cornhole,,incabella-images\_site\IB-sets-of-games-images.jpg
https://www.incabella.co.uk/product/giant-cornhole/,Giant Cornhole,,incabella-images\_site\giant-outdoor-chess.jpg
https://www.incabella.co.uk/product/giant-cornhole/,Giant Cornhole,,incabella-images\_site\giant-outdoor-chess.jpg
https://www.incabella.co.uk/product/giant-cornhole/,Giant Cornhole,,incabella-images\_site\IB-sets-of-games-images.jpg
https://www.incabella.co.uk/product/giant-cornhole/,Giant Cornhole,,incabella-images\_site\IB-sets-of-games-images.jpg
https://www.incabella.co.uk/product/giant-cornhole/,Giant Cornhole,,incabella-images\_site\giant-outdoor-chess.jpg
https://www.incabella.co.uk/product/giant-cornhole/,Giant Cornhole,,incabella-images\_site\giant-outdoor-chess.jpg
https://www.incabella.co.uk/product/giant-cornhole/,Giant Cornhole,,incabella-images\_site\IncaBella_logo_02.png
https://www.incabella.co.uk/product/table-centre-piece-long-table/,Table Centre Piece – Long table,,incabella-images\_site\IncaBella_logo_02.png
https://www.incabella.co.uk/product/table-centre-piece-long-table/,Table Centre Piece – Long table,,incabella-images\_site\98ebd4d6-1e80-4809-8c0c-3ed0fd5be5cb.jpeg
https://www.incabella.co.uk/product/table-centre-piece-long-table/,Table Centre Piece – Long table,,incabella-images\_site\98ebd4d6-1e80-4809-8c0c-3ed0fd5be5cb.jpeg
https://www.incabella.co.uk/product/table-centre-piece-long-table/,Table Centre Piece – Long table,,incabella-images\_site\98ebd4d6-1e80-4809-8c0c-3ed0fd5be5cb.jpeg
https://www.incabella.co.uk/product/table-centre-piece-long-table/,Table Centre Piece – Long table,,incabella-images\_site\d1e581ab-a335-4b30-be13-e33d78466a50.jpeg
https://www.incabella.co.uk/product/table-centre-piece-long-table/,Table Centre Piece – Long table,,incabella-images\_site\d1e581ab-a335-4b30-be13-e33d78466a50.jpeg
https://www.incabella.co.uk/product/table-centre-piece-long-table/,Table Centre Piece – Long table,,incabella-images\_site\d1e581ab-a335-4b30-be13-e33d78466a50.jpeg
https://www.incabella.co.uk/product/table-centre-piece-long-table/,Table Centre Piece – Long table,,incabella-images\_site\98ebd4d6-1e80-4809-8c0c-3ed0fd5be5cb.jpeg
https://www.incabella.co.uk/product/table-centre-piece-long-table/,Table Centre Piece – Long table,,incabella-images\_site\98ebd4d6-1e80-4809-8c0c-3ed0fd5be5cb.jpeg
https://www.incabella.co.uk/product/table-centre-piece-long-table/,Table Centre Piece – Long table,,incabella-images\_site\d1e581ab-a335-4b30-be13-e33d78466a50.jpeg
https://www.incabella.co.uk/product/table-centre-piece-long-table/,Table Centre Piece – Long table,,incabella-images\_site\d1e581ab-a335-4b30-be13-e33d78466a50.jpeg
https://www.incabella.co.uk/product/table-centre-piece-long-table/,Table Centre Piece – Long table,,incabella-images\_site\Sparkling-Silver-T-Light-20000102-A_20765.jpeg
https://www.incabella.co.uk/product/table-centre-piece-long-table/,Table Centre Piece – Long table,,incabella-images\_site\Sparkling-Silver-T-Light-20000102-A_20765.jpeg
https://www.incabella.co.uk/product/table-centre-piece-long-table/,Table Centre Piece – Long table,,incabella-images\_site\Sparkling-Silver-T-Light-Holder-IMG_4275.jpeg
https://www.incabella.co.uk/product/table-centre-piece-long-table/,Table Centre Piece – Long table,,incabella-images\_site\Sparkling-Silver-T-Light-Holder-IMG_4275.jpeg
https://www.incabella.co.uk/product/table-centre-piece-long-table/,Table Centre Piece – Long table,,incabella-images\_site\hanging-heart-tea-light-holder.jpeg
https://www.incabella.co.uk/product/table-centre-piece-long-table/,Table Centre Piece – Long table,,incabella-images\_site\hanging-heart-tea-light-holder.jpeg
https://www.incabella.co.uk/product/table-centre-piece-long-table/,Table Centre Piece – Long table,,incabella-images\_site\hanging-heart-tea-light-holder.jpeg
https://www.incabella.co.uk/product/table-centre-piece-long-table/,Table Centre Piece – Long table,,incabella-images\_site\hanging-heart-tea-light-holder.jpeg
https://www.incabella.co.uk/product/table-centre-piece-long-table/,Table Centre Piece – Long table,,incabella-images\_site\image10.jpeg
https://www.incabella.co.uk/product/table-centre-piece-long-table/,Table Centre Piece – Long table,,incabella-images\_site\image10.jpeg
https://www.incabella.co.uk/product/table-centre-piece-long-table/,Table Centre Piece – Long table,,incabella-images\_site\20473090a409721a3a4007908b32130e.jpg
https://www.incabella.co.uk/product/table-centre-piece-long-table/,Table Centre Piece – Long table,,incabella-images\_site\20473090a409721a3a4007908b32130e.jpg
https://www.incabella.co.uk/product/table-centre-piece-long-table/,Table Centre Piece – Long table,,incabella-images\_site\sana-storm-lantern.jpg
https://www.incabella.co.uk/product/table-centre-piece-long-table/,Table Centre Piece – Long table,,incabella-images\_site\sana-storm-lantern.jpg
https://www.incabella.co.uk/product/table-centre-piece-long-table/,Table Centre Piece – Long table,,incabella-images\_site\A-FS-S-FS-A-SANA-STORM-LANTERN-SQ-7.jpeg
https://www.incabella.co.uk/product/table-centre-piece-long-table/,Table Centre Piece – Long table,,incabella-images\_site\A-FS-S-FS-A-SANA-STORM-LANTERN-SQ-7.jpeg
https://www.incabella.co.uk/product/table-centre-piece-long-table/,Table Centre Piece – Long table,,incabella-images\_site\IMG_1709.jpg
https://www.incabella.co.uk/product/table-centre-piece-long-table/,Table Centre Piece – Long table,,incabella-images\_site\IMG_1709-510x652@2x.jpg
https://www.incabella.co.uk/product/table-centre-piece-long-table/,Table Centre Piece – Long table,,incabella-images\_site\tlt-hld-wbells-h80mm-clr-gls.jpeg
https://www.incabella.co.uk/product/table-centre-piece-long-table/,Table Centre Piece – Long table,,incabella-images\_site\tlt-hld-wbells-h80mm-clr-gls.jpeg
https://www.incabella.co.uk/product/table-centre-piece-long-table/,Table Centre Piece – Long table,,incabella-images\_site\IMG_0946.jpeg
https://www.incabella.co.uk/product/table-centre-piece-long-table/,Table Centre Piece – Long table,,incabella-images\_site\IMG_0946.jpeg
https://www.incabella.co.uk/product/table-centre-piece-long-table/,Table Centre Piece – Long table,,incabella-images\_site\lantern-wrope-hndl-h250x180mm-gls-grey.jpeg
https://www.incabella.co.uk/product/table-centre-piece-long-table/,Table Centre Piece – Long table,,incabella-images\_site\lantern-wrope-hndl-h250x180mm-gls-grey.jpeg
https://www.incabella.co.uk/product/table-centre-piece-long-table/,Table Centre Piece – Long table,,incabella-images\_site\Sparkling-Silver-T-Light-20000102-A_20765.jpeg
https://www.incabella.co.uk/product/table-centre-piece-long-table/,Table Centre Piece – Long table,,incabella-images\_site\Sparkling-Silver-T-Light-20000102-A_20765.jpeg
https://www.incabella.co.uk/product/table-centre-piece-long-table/,Table Centre Piece – Long table,,incabella-images\_site\Sparkling-Silver-T-Light-Holder-IMG_4275.jpeg
https://www.incabella.co.uk/product/table-centre-piece-long-table/,Table Centre Piece – Long table,,incabella-images\_site\Sparkling-Silver-T-Light-Holder-IMG_4275.jpeg
https://www.incabella.co.uk/product/table-centre-piece-long-table/,Table Centre Piece – Long table,,incabella-images\_site\IMG_E1342.jpg
https://www.incabella.co.uk/product/table-centre-piece-long-table/,Table Centre Piece – Long table,,incabella-images\_site\IMG_E1342.jpg
https://www.incabella.co.uk/product/table-centre-piece-long-table/,Table Centre Piece – Long table,,incabella-images\_site\clear-glass-hurricane-lantern.jpeg
https://www.incabella.co.uk/product/table-centre-piece-long-table/,Table Centre Piece – Long table,,incabella-images\_site\clear-glass-hurricane-lantern.jpeg
https://www.incabella.co.uk/product/table-centre-piece-long-table/,Table Centre Piece – Long table,,incabella-images\_site\IMG_1673.jpg
https://www.incabella.co.uk/product/table-centre-piece-long-table/,Table Centre Piece – Long table,,incabella-images\_site\IMG_1673-510x652@2x.jpg
https://www.incabella.co.uk/product/table-centre-piece-long-table/,Table Centre Piece – Long table,,incabella-images\_site\4600494.jpg
https://www.incabella.co.uk/product/table-centre-piece-long-table/,Table Centre Piece – Long table,,incabella-images\_site\4600494-114x145@2x.jpg
https://www.incabella.co.uk/product/table-centre-piece-long-table/,Table Centre Piece – Long table,,incabella-images\_site\IMG_4217-e1615561069483.jpg
https://www.incabella.co.uk/product/table-centre-piece-long-table/,Table Centre Piece – Long table,,incabella-images\_site\IMG_4217-e1615561069483.jpg
https://www.incabella.co.uk/product/table-centre-piece-long-table/,Table Centre Piece – Long table,,incabella-images\_site\IMG_5159-e1615638036380.jpg
https://www.incabella.co.uk/product/table-centre-piece-long-table/,Table Centre Piece – Long table,,incabella-images\_site\IMG_5159-e1615638036380.jpg
https://www.incabella.co.uk/product/table-centre-piece-long-table/,Table Centre Piece – Long table,,incabella-images\_site\IMG_7095.jpeg
https://www.incabella.co.uk/product/table-centre-piece-long-table/,Table Centre Piece – Long table,,incabella-images\_site\IMG_7095.jpeg
https://www.incabella.co.uk/product/table-centre-piece-long-table/,Table Centre Piece – Long table,,incabella-images\_site\6A9461D2-8C98-4412-BC65-4CDD37EF0A5D.jpeg
https://www.incabella.co.uk/product/table-centre-piece-long-table/,Table Centre Piece – Long table,,incabella-images\_site\6A9461D2-8C98-4412-BC65-4CDD37EF0A5D.jpeg
https://www.incabella.co.uk/product/table-centre-piece-long-table/,Table Centre Piece – Long table,,incabella-images\_site\IMG_7149.jpeg
https://www.incabella.co.uk/product/table-centre-piece-long-table/,Table Centre Piece – Long table,,incabella-images\_site\IMG_7149.jpeg
https://www.incabella.co.uk/product/table-centre-piece-long-table/,Table Centre Piece – Long table,,incabella-images\_site\E57C0BFC-9306-42C5-8AE4-7F77EFE434AA.jpeg
https://www.incabella.co.uk/product/table-centre-piece-long-table/,Table Centre Piece – Long table,,incabella-images\_site\E57C0BFC-9306-42C5-8AE4-7F77EFE434AA.jpeg
https://www.incabella.co.uk/product/table-centre-piece-long-table/,Table Centre Piece – Long table,,incabella-images\_site\english-country-bunting.jpg
https://www.incabella.co.uk/product/table-centre-piece-long-table/,Table Centre Piece – Long table,,incabella-images\_site\english-country-bunting-114x145@2x.jpg
https://www.incabella.co.uk/product/table-centre-piece-long-table/,Table Centre Piece – Long table,,incabella-images\_site\english-country-bunting.jpg
https://www.incabella.co.uk/product/table-centre-piece-long-table/,Table Centre Piece – Long table,,incabella-images\_site\english-country-bunting-114x145@2x.jpg
https://www.incabella.co.uk/product/table-centre-piece-long-table/,Table Centre Piece – Long table,,incabella-images\_site\29329CBA-9791-4C5A-9FA8-1596D8E787E6.jpeg
https://www.incabella.co.uk/product/table-centre-piece-long-table/,Table Centre Piece – Long table,,incabella-images\_site\29329CBA-9791-4C5A-9FA8-1596D8E787E6.jpeg
https://www.incabella.co.uk/product/table-centre-piece-long-table/,Table Centre Piece – Long table,,incabella-images\_site\A7EF519C-3D41-4840-81D8-93E282E1606F.jpeg
https://www.incabella.co.uk/product/table-centre-piece-long-table/,Table Centre Piece – Long table,,incabella-images\_site\A7EF519C-3D41-4840-81D8-93E282E1606F.jpeg
https://www.incabella.co.uk/product/table-centre-piece-long-table/,Table Centre Piece – Long table,,incabella-images\_site\EL-ES-APR-2022-0358.jpeg
https://www.incabella.co.uk/product/table-centre-piece-long-table/,Table Centre Piece – Long table,,incabella-images\_site\EL-ES-APR-2022-0358.jpeg
https://www.incabella.co.uk/product/table-centre-piece-long-table/,Table Centre Piece – Long table,,incabella-images\_site\31814EA0-7BDD-4917-9473-9F2F44BA7DBD.jpeg
https://www.incabella.co.uk/product/table-centre-piece-long-table/,Table Centre Piece – Long table,,incabella-images\_site\31814EA0-7BDD-4917-9473-9F2F44BA7DBD.jpeg
https://www.incabella.co.uk/product/table-centre-piece-long-table/,Table Centre Piece – Long table,,incabella-images\_site\IMG_0442.jpg
https://www.incabella.co.uk/product/table-centre-piece-long-table/,Table Centre Piece – Long table,,incabella-images\_site\IMG_0442.jpg
https://www.incabella.co.uk/product/table-centre-piece-long-table/,Table Centre Piece – Long table,,incabella-images\_site\IMG_0454.jpg
https://www.incabella.co.uk/product/table-centre-piece-long-table/,Table Centre Piece – Long table,,incabella-images\_site\IMG_0454.jpg
https://www.incabella.co.uk/product/table-centre-piece-long-table/,Table Centre Piece – Long table,,incabella-images\_site\IMG_5842-e1517833177128.jpg
https://www.incabella.co.uk/product/table-centre-piece-long-table/,Table Centre Piece – Long table,,incabella-images\_site\IMG_5842-e1517833177128.jpg
https://www.incabella.co.uk/product/table-centre-piece-long-table/,Table Centre Piece – Long table,,incabella-images\_site\IMG_5841-e1517832558639.jpg
https://www.incabella.co.uk/product/table-centre-piece-long-table/,Table Centre Piece – Long table,,incabella-images\_site\IMG_5841-e1517832558639.jpg
https://www.incabella.co.uk/product/table-centre-piece-long-table/,Table Centre Piece – Long table,,incabella-images\_site\IMG_7953.jpeg
https://www.incabella.co.uk/product/table-centre-piece-long-table/,Table Centre Piece – Long table,,incabella-images\_site\IMG_7953.jpeg
https://www.incabella.co.uk/product/table-centre-piece-long-table/,Table Centre Piece – Long table,,incabella-images\_site\873F2BAE-D7E1-4031-9F1F-6913BD571894.jpeg
https://www.incabella.co.uk/product/table-centre-piece-long-table/,Table Centre Piece – Long table,,incabella-images\_site\873F2BAE-D7E1-4031-9F1F-6913BD571894.jpeg
https://www.incabella.co.uk/product/table-centre-piece-long-table/,Table Centre Piece – Long table,,incabella-images\_site\880A161C-0A42-4AD4-99AC-5E53B5188CE4.jpeg
https://www.incabella.co.uk/product/table-centre-piece-long-table/,Table Centre Piece – Long table,,incabella-images\_site\880A161C-0A42-4AD4-99AC-5E53B5188CE4.jpeg
https://www.incabella.co.uk/product/table-centre-piece-long-table/,Table Centre Piece – Long table,,incabella-images\_site\6A35E8F8-C756-4D74-A18D-9532A67C0D46.jpeg
https://www.incabella.co.uk/product/table-centre-piece-long-table/,Table Centre Piece – Long table,,incabella-images\_site\6A35E8F8-C756-4D74-A18D-9532A67C0D46.jpeg
https://www.incabella.co.uk/product/table-centre-piece-long-table/,Table Centre Piece – Long table,,incabella-images\_site\IMG_1970.jpg
https://www.incabella.co.uk/product/table-centre-piece-long-table/,Table Centre Piece – Long table,,incabella-images\_site\IMG_1970-510x652@2x.jpg
https://www.incabella.co.uk/product/table-centre-piece-long-table/,Table Centre Piece – Long table,,incabella-images\_site\Image-3.jpg
https://www.incabella.co.uk/product/table-centre-piece-long-table/,Table Centre Piece – Long table,,incabella-images\_site\Image-3-510x652@2x.jpg
https://www.incabella.co.uk/product/table-centre-piece-long-table/,Table Centre Piece – Long table,,incabella-images\_site\IncaBella_logo_02.png
https://www.incabella.co.uk/flowers-bridal-floristry/,Flowers (Bridal Floristry),,incabella-images\_site\IncaBella_logo_02.png
https://www.incabella.co.uk/flowers-bridal-floristry/,Flowers (Bridal Floristry),,incabella-images\_site\IncaBella_logo_02.png
https://www.incabella.co.uk/product/ceremonyroomset-up/,Ceremony Room Set-up,,incabella-images\_site\IncaBella_logo_02.png
https://www.incabella.co.uk/product/ceremonyroomset-up/,Ceremony Room Set-up,,incabella-images\home\EL-ES-APR-2022-0435-scaled.jpg
https://www.incabella.co.uk/product/ceremonyroomset-up/,Ceremony Room Set-up,,incabella-images\_site\EL-ES-APR-2022-0435.jpg
https://www.incabella.co.uk/product/ceremonyroomset-up/,Ceremony Room Set-up,,incabella-images\_site\EL-ES-APR-2022-0435.jpg
https://www.incabella.co.uk/product/ceremonyroomset-up/,Ceremony Room Set-up,,incabella-images\product_full-decoration-package-silver\IMG_0520-scaled.jpeg
https://www.incabella.co.uk/product/ceremonyroomset-up/,Ceremony Room Set-up,,incabella-images\_site\IMG_0520.jpeg
https://www.incabella.co.uk/product/ceremonyroomset-up/,Ceremony Room Set-up,,incabella-images\_site\IMG_0520.jpeg
https://www.incabella.co.uk/product/ceremonyroomset-up/,Ceremony Room Set-up,,incabella-images\_site\25AB7D13-7599-412B-B88E-B43BB927A3F8.jpeg
https://www.incabella.co.uk/product/ceremonyroomset-up/,Ceremony Room Set-up,,incabella-images\_site\25AB7D13-7599-412B-B88E-B43BB927A3F8.jpeg
https://www.incabella.co.uk/product/ceremonyroomset-up/,Ceremony Room Set-up,,incabella-images\_site\25AB7D13-7599-412B-B88E-B43BB927A3F8.jpeg
https://www.incabella.co.uk/product/ceremonyroomset-up/,Ceremony Room Set-up,,incabella-images\product_full-decoration-package-silver\73A33FD1-C11B-4076-9FB7-E660DB064B20.jpeg
https://www.incabella.co.uk/product/ceremonyroomset-up/,Ceremony Room Set-up,,incabella-images\product_full-decoration-package-silver\73A33FD1-C11B-4076-9FB7-E660DB064B20.jpeg
https://www.incabella.co.uk/product/ceremonyroomset-up/,Ceremony Room Set-up,,incabella-images\product_full-decoration-package-silver\73A33FD1-C11B-4076-9FB7-E660DB064B20.jpeg
https://www.incabella.co.uk/product/ceremonyroomset-up/,Ceremony Room Set-up,,incabella-images\product_ceremonyroomset-up\IMG_1457.jpg
https://www.incabella.co.uk/product/ceremonyroomset-up/,Ceremony Room Set-up,,incabella-images\product_ceremonyroomset-up\IMG_1457.jpg
https://www.incabella.co.uk/product/ceremonyroomset-up/,Ceremony Room Set-up,,incabella-images\product_ceremonyroomset-up\IMG_1457.jpg
https://www.incabella.co.uk/product/ceremonyroomset-up/,Ceremony Room Set-up,,incabella-images\_site\EL-ES-APR-2022-0435.jpg
https://www.incabella.co.uk/product/ceremonyroomset-up/,Ceremony Room Set-up,,incabella-images\_site\EL-ES-APR-2022-0435.jpg
https://www.incabella.co.uk/product/ceremonyroomset-up/,Ceremony Room Set-up,,incabella-images\_site\IMG_0520.jpeg
https://www.incabella.co.uk/product/ceremonyroomset-up/,Ceremony Room Set-up,,incabella-images\_site\IMG_0520.jpeg
https://www.incabella.co.uk/product/ceremonyroomset-up/,Ceremony Room Set-up,,incabella-images\_site\25AB7D13-7599-412B-B88E-B43BB927A3F8.jpeg
https://www.incabella.co.uk/product/ceremonyroomset-up/,Ceremony Room Set-up,,incabella-images\_site\25AB7D13-7599-412B-B88E-B43BB927A3F8.jpeg
https://www.incabella.co.uk/product/ceremonyroomset-up/,Ceremony Room Set-up,,incabella-images\product_full-decoration-package-silver\73A33FD1-C11B-4076-9FB7-E660DB064B20.jpeg
https://www.incabella.co.uk/product/ceremonyroomset-up/,Ceremony Room Set-up,,incabella-images\product_full-decoration-package-silver\73A33FD1-C11B-4076-9FB7-E660DB064B20.jpeg
https://www.incabella.co.uk/product/ceremonyroomset-up/,Ceremony Room Set-up,,incabella-images\product_ceremonyroomset-up\IMG_1457.jpg
https://www.incabella.co.uk/product/ceremonyroomset-up/,Ceremony Room Set-up,,incabella-images\product_ceremonyroomset-up\IMG_1457.jpg
https://www.incabella.co.uk/product/ceremonyroomset-up/,Ceremony Room Set-up,,incabella-images\_site\Sparkling-Silver-T-Light-20000102-A_20765.jpeg
https://www.incabella.co.uk/product/ceremonyroomset-up/,Ceremony Room Set-up,,incabella-images\_site\Sparkling-Silver-T-Light-20000102-A_20765.jpeg
https://www.incabella.co.uk/product/ceremonyroomset-up/,Ceremony Room Set-up,,incabella-images\_site\Sparkling-Silver-T-Light-Holder-IMG_4275.jpeg
https://www.incabella.co.uk/product/ceremonyroomset-up/,Ceremony Room Set-up,,incabella-images\_site\Sparkling-Silver-T-Light-Holder-IMG_4275.jpeg
https://www.incabella.co.uk/product/ceremonyroomset-up/,Ceremony Room Set-up,,incabella-images\_site\IMG_0946.jpeg
https://www.incabella.co.uk/product/ceremonyroomset-up/,Ceremony Room Set-up,,incabella-images\_site\IMG_0946.jpeg
https://www.incabella.co.uk/product/ceremonyroomset-up/,Ceremony Room Set-up,,incabella-images\_site\lantern-wrope-hndl-h250x180mm-gls-grey.jpeg
https://www.incabella.co.uk/product/ceremonyroomset-up/,Ceremony Room Set-up,,incabella-images\_site\lantern-wrope-hndl-h250x180mm-gls-grey.jpeg
https://www.incabella.co.uk/product/ceremonyroomset-up/,Ceremony Room Set-up,,incabella-images\_site\IMG_E1342.jpg
https://www.incabella.co.uk/product/ceremonyroomset-up/,Ceremony Room Set-up,,incabella-images\_site\IMG_E1342.jpg
https://www.incabella.co.uk/product/ceremonyroomset-up/,Ceremony Room Set-up,,incabella-images\_site\clear-glass-hurricane-lantern.jpeg
https://www.incabella.co.uk/product/ceremonyroomset-up/,Ceremony Room Set-up,,incabella-images\_site\clear-glass-hurricane-lantern.jpeg
https://www.incabella.co.uk/product/ceremonyroomset-up/,Ceremony Room Set-up,,incabella-images\_site\IMG_1709.jpg
https://www.incabella.co.uk/product/ceremonyroomset-up/,Ceremony Room Set-up,,incabella-images\_site\IMG_1709-510x652@2x.jpg
https://www.incabella.co.uk/product/ceremonyroomset-up/,Ceremony Room Set-up,,incabella-images\_site\tlt-hld-wbells-h80mm-clr-gls.jpeg
https://www.incabella.co.uk/product/ceremonyroomset-up/,Ceremony Room Set-up,,incabella-images\_site\tlt-hld-wbells-h80mm-clr-gls.jpeg
https://www.incabella.co.uk/product/ceremonyroomset-up/,Ceremony Room Set-up,,incabella-images\_site\image10.jpeg
https://www.incabella.co.uk/product/ceremonyroomset-up/,Ceremony Room Set-up,,incabella-images\_site\image10.jpeg
https://www.incabella.co.uk/product/ceremonyroomset-up/,Ceremony Room Set-up,,incabella-images\_site\20473090a409721a3a4007908b32130e.jpg
https://www.incabella.co.uk/product/ceremonyroomset-up/,Ceremony Room Set-up,,incabella-images\_site\20473090a409721a3a4007908b32130e.jpg
https://www.incabella.co.uk/product/ceremonyroomset-up/,Ceremony Room Set-up,,incabella-images\_site\hanging-heart-tea-light-holder.jpeg
https://www.incabella.co.uk/product/ceremonyroomset-up/,Ceremony Room Set-up,,incabella-images\_site\hanging-heart-tea-light-holder.jpeg
https://www.incabella.co.uk/product/ceremonyroomset-up/,Ceremony Room Set-up,,incabella-images\_site\hanging-heart-tea-light-holder.jpeg
https://www.incabella.co.uk/product/ceremonyroomset-up/,Ceremony Room Set-up,,incabella-images\_site\hanging-heart-tea-light-holder.jpeg
https://www.incabella.co.uk/product/ceremonyroomset-up/,Ceremony Room Set-up,,incabella-images\_site\Sparkling-Silver-T-Light-20000102-A_20765.jpeg
https://www.incabella.co.uk/product/ceremonyroomset-up/,Ceremony Room Set-up,,incabella-images\_site\Sparkling-Silver-T-Light-20000102-A_20765.jpeg
https://www.incabella.co.uk/product/ceremonyroomset-up/,Ceremony Room Set-up,,incabella-images\_site\Sparkling-Silver-T-Light-Holder-IMG_4275.jpeg
https://www.incabella.co.uk/product/ceremonyroomset-up/,Ceremony Room Set-up,,incabella-images\_site\Sparkling-Silver-T-Light-Holder-IMG_4275.jpeg
https://www.incabella.co.uk/product/ceremonyroomset-up/,Ceremony Room Set-up,,incabella-images\_site\sana-storm-lantern.jpg
https://www.incabella.co.uk/product/ceremonyroomset-up/,Ceremony Room Set-up,,incabella-images\_site\sana-storm-lantern.jpg
https://www.incabella.co.uk/product/ceremonyroomset-up/,Ceremony Room Set-up,,incabella-images\_site\A-FS-S-FS-A-SANA-STORM-LANTERN-SQ-7.jpeg
https://www.incabella.co.uk/product/ceremonyroomset-up/,Ceremony Room Set-up,,incabella-images\_site\A-FS-S-FS-A-SANA-STORM-LANTERN-SQ-7.jpeg
https://www.incabella.co.uk/product/ceremonyroomset-up/,Ceremony Room Set-up,,incabella-images\_site\IMG_7953.jpeg
https://www.incabella.co.uk/product/ceremonyroomset-up/,Ceremony Room Set-up,,incabella-images\_site\IMG_7953.jpeg
https://www.incabella.co.uk/product/ceremonyroomset-up/,Ceremony Room Set-up,,incabella-images\_site\873F2BAE-D7E1-4031-9F1F-6913BD571894.jpeg
https://www.incabella.co.uk/product/ceremonyroomset-up/,Ceremony Room Set-up,,incabella-images\_site\873F2BAE-D7E1-4031-9F1F-6913BD571894.jpeg
https://www.incabella.co.uk/product/ceremonyroomset-up/,Ceremony Room Set-up,,incabella-images\_site\IMG_7140.jpeg
https://www.incabella.co.uk/product/ceremonyroomset-up/,Ceremony Room Set-up,,incabella-images\_site\IMG_7140.jpeg
https://www.incabella.co.uk/product/ceremonyroomset-up/,Ceremony Room Set-up,,incabella-images\_site\0ECE9A96-8D21-45B5-99FA-412A2590D4A7.jpeg
https://www.incabella.co.uk/product/ceremonyroomset-up/,Ceremony Room Set-up,,incabella-images\_site\0ECE9A96-8D21-45B5-99FA-412A2590D4A7.jpeg
https://www.incabella.co.uk/product/ceremonyroomset-up/,Ceremony Room Set-up,,incabella-images\_site\5d6ad4c0-13bc-479b-8b50-cfe64523502e.jpeg
https://www.incabella.co.uk/product/ceremonyroomset-up/,Ceremony Room Set-up,,incabella-images\_site\5d6ad4c0-13bc-479b-8b50-cfe64523502e.jpeg
https://www.incabella.co.uk/product/ceremonyroomset-up/,Ceremony Room Set-up,,incabella-images\_site\fullsizeoutput_5ff9.jpeg
https://www.incabella.co.uk/product/ceremonyroomset-up/,Ceremony Room Set-up,,incabella-images\_site\fullsizeoutput_5ff9.jpeg
https://www.incabella.co.uk/product/ceremonyroomset-up/,Ceremony Room Set-up,,incabella-images\_site\IMG_3120.jpg
https://www.incabella.co.uk/product/ceremonyroomset-up/,Ceremony Room Set-up,,incabella-images\_site\IMG_3120-510x652@2x.jpg
https://www.incabella.co.uk/product/ceremonyroomset-up/,Ceremony Room Set-up,,incabella-images\_site\IMG_3119.jpg
https://www.incabella.co.uk/product/ceremonyroomset-up/,Ceremony Room Set-up,,incabella-images\_site\IMG_3119-510x652@2x.jpg
https://www.incabella.co.uk/product/ceremonyroomset-up/,Ceremony Room Set-up,,incabella-images\_site\Image.jpg
https://www.incabella.co.uk/product/ceremonyroomset-up/,Ceremony Room Set-up,,incabella-images\_site\Image.jpg
https://www.incabella.co.uk/product/ceremonyroomset-up/,Ceremony Room Set-up,,incabella-images\_site\IMG_9301.jpg
https://www.incabella.co.uk/product/ceremonyroomset-up/,Ceremony Room Set-up,,incabella-images\_site\IMG_9301-510x652@2x.jpg
https://www.incabella.co.uk/product/ceremonyroomset-up/,Ceremony Room Set-up,,incabella-images\_site\english-country-bunting.jpg
https://www.incabella.co.uk/product/ceremonyroomset-up/,Ceremony Room Set-up,,incabella-images\_site\english-country-bunting-114x145@2x.jpg
https://www.incabella.co.uk/product/ceremonyroomset-up/,Ceremony Room Set-up,,incabella-images\_site\english-country-bunting.jpg
https://www.incabella.co.uk/product/ceremonyroomset-up/,Ceremony Room Set-up,,incabella-images\_site\english-country-bunting-114x145@2x.jpg
https://www.incabella.co.uk/product/ceremonyroomset-up/,Ceremony Room Set-up,,incabella-images\_site\IMG_7450.jpeg
https://www.incabella.co.uk/product/ceremonyroomset-up/,Ceremony Room Set-up,,incabella-images\_site\IMG_7450.jpeg
https://www.incabella.co.uk/product/ceremonyroomset-up/,Ceremony Room Set-up,,incabella-images\_site\IMG_1085.jpg
https://www.incabella.co.uk/product/ceremonyroomset-up/,Ceremony Room Set-up,,incabella-images\_site\IMG_1085-510x652@2x.jpg
https://www.incabella.co.uk/product/ceremonyroomset-up/,Ceremony Room Set-up,,incabella-images\_site\IMG_0442.jpg
https://www.incabella.co.uk/product/ceremonyroomset-up/,Ceremony Room Set-up,,incabella-images\_site\IMG_0442.jpg
https://www.incabella.co.uk/product/ceremonyroomset-up/,Ceremony Room Set-up,,incabella-images\_site\IMG_0454.jpg
https://www.incabella.co.uk/product/ceremonyroomset-up/,Ceremony Room Set-up,,incabella-images\_site\IMG_0454.jpg
https://www.incabella.co.uk/product/ceremonyroomset-up/,Ceremony Room Set-up,,incabella-images\_site\2B86C02D-B992-47FD-8154-292F2FE7C354.jpeg
https://www.incabella.co.uk/product/ceremonyroomset-up/,Ceremony Room Set-up,,incabella-images\_site\2B86C02D-B992-47FD-8154-292F2FE7C354.jpeg
https://www.incabella.co.uk/product/ceremonyroomset-up/,Ceremony Room Set-up,,incabella-images\_site\2B86C02D-B992-47FD-8154-292F2FE7C354.jpeg
https://www.incabella.co.uk/product/ceremonyroomset-up/,Ceremony Room Set-up,,incabella-images\_site\2B86C02D-B992-47FD-8154-292F2FE7C354.jpeg
https://www.incabella.co.uk/product/ceremonyroomset-up/,Ceremony Room Set-up,,incabella-images\_site\fullsizeoutput_50c2.jpeg
https://www.incabella.co.uk/product/ceremonyroomset-up/,Ceremony Room Set-up,,incabella-images\_site\fullsizeoutput_50c2.jpeg
https://www.incabella.co.uk/product/ceremonyroomset-up/,Ceremony Room Set-up,,incabella-images\_site\IMG_6448-e1520889491374.jpg
https://www.incabella.co.uk/product/ceremonyroomset-up/,Ceremony Room Set-up,,incabella-images\_site\IMG_6448-e1520889491374.jpg
https://www.incabella.co.uk/product/ceremonyroomset-up/,Ceremony Room Set-up,,incabella-images\_site\IMG_1673.jpg
https://www.incabella.co.uk/product/ceremonyroomset-up/,Ceremony Room Set-up,,incabella-images\_site\IMG_1673-510x652@2x.jpg
https://www.incabella.co.uk/product/ceremonyroomset-up/,Ceremony Room Set-up,,incabella-images\_site\4600494.jpg
https://www.incabella.co.uk/product/ceremonyroomset-up/,Ceremony Room Set-up,,incabella-images\_site\4600494-114x145@2x.jpg
https://www.incabella.co.uk/product/ceremonyroomset-up/,Ceremony Room Set-up,,incabella-images\_site\IMG_3750.jpg
https://www.incabella.co.uk/product/ceremonyroomset-up/,Ceremony Room Set-up,,incabella-images\_site\IMG_3750.jpg
https://www.incabella.co.uk/product/ceremonyroomset-up/,Ceremony Room Set-up,,incabella-images\_site\IMG_3812.jpg
https://www.incabella.co.uk/product/ceremonyroomset-up/,Ceremony Room Set-up,,incabella-images\_site\IMG_3812.jpg
https://www.incabella.co.uk/product/ceremonyroomset-up/,Ceremony Room Set-up,,incabella-images\_site\IncaBella_logo_02.png
https://www.incabella.co.uk/offers/,Offers 2025 SUMMER  PACKAGES,,incabella-images\_site\IncaBella_logo_02.png
https://www.incabella.co.uk/offers/,Offers 2025 SUMMER  PACKAGES,,incabella-images\_site\DSC_2443-600x398_c.jpg
https://www.incabella.co.uk/offers/,Offers 2025 SUMMER  PACKAGES,,incabella-images\_site\DSC_2443-600x398_c.jpg
https://www.incabella.co.uk/offers/,Offers 2025 SUMMER  PACKAGES,,incabella-images\_site\DSC_2443-600x398_c.jpg
https://www.incabella.co.uk/offers/,Offers 2025 SUMMER  PACKAGES,,incabella-images\_site\IncaBella_logo_02.png
https://www.incabella.co.uk/product/table-centre-piece-package-2/,Table Centre Piece Package – 2,,incabella-images\_site\IncaBella_logo_02.png
https://www.incabella.co.uk/product/table-centre-piece-package-2/,Table Centre Piece Package – 2,,incabella-images\product_table-centre-piece-package-2\IMG_0545-scaled.jpeg
https://www.incabella.co.uk/product/table-centre-piece-package-2/,Table Centre Piece Package – 2,,incabella-images\_site\IMG_0545.jpeg
https://www.incabella.co.uk/product/table-centre-piece-package-2/,Table Centre Piece Package – 2,,incabella-images\_site\IMG_0545.jpeg
https://www.incabella.co.uk/product/table-centre-piece-package-2/,Table Centre Piece Package – 2,,incabella-images\_site\8327bd708a67d45dc7f6637f3e61ffa5.jpg
https://www.incabella.co.uk/product/table-centre-piece-package-2/,Table Centre Piece Package – 2,,incabella-images\_site\8327bd708a67d45dc7f6637f3e61ffa5.jpg
https://www.incabella.co.uk/product/table-centre-piece-package-2/,Table Centre Piece Package – 2,,incabella-images\_site\8327bd708a67d45dc7f6637f3e61ffa5.jpg
https://www.incabella.co.uk/product/table-centre-piece-package-2/,Table Centre Piece Package – 2,,incabella-images\product_table-centre-piece-package-2\IMG_0542-scaled.jpeg
https://www.incabella.co.uk/product/table-centre-piece-package-2/,Table Centre Piece Package – 2,,incabella-images\product_table-centre-piece-package-2\IMG_0542.jpeg
https://www.incabella.co.uk/product/table-centre-piece-package-2/,Table Centre Piece Package – 2,,incabella-images\product_table-centre-piece-package-2\IMG_0542.jpeg
https://www.incabella.co.uk/product/table-centre-piece-package-2/,Table Centre Piece Package – 2,,incabella-images\product_table-centre-piece-package-2\IMG_0521-scaled.jpeg
https://www.incabella.co.uk/product/table-centre-piece-package-2/,Table Centre Piece Package – 2,,incabella-images\product_table-centre-piece-package-2\IMG_0521.jpeg
https://www.incabella.co.uk/product/table-centre-piece-package-2/,Table Centre Piece Package – 2,,incabella-images\product_table-centre-piece-package-2\IMG_0521.jpeg
https://www.incabella.co.uk/product/table-centre-piece-package-2/,Table Centre Piece Package – 2,,incabella-images\product_table-centre-piece-package-2\IMG_0544-scaled.jpeg
https://www.incabella.co.uk/product/table-centre-piece-package-2/,Table Centre Piece Package – 2,,incabella-images\product_table-centre-piece-package-2\IMG_0544.jpeg
https://www.incabella.co.uk/product/table-centre-piece-package-2/,Table Centre Piece Package – 2,,incabella-images\product_table-centre-piece-package-2\IMG_0544.jpeg
https://www.incabella.co.uk/product/table-centre-piece-package-2/,Table Centre Piece Package – 2,,incabella-images\product_table-centre-piece-package-2\IMG_0547-scaled.jpeg
https://www.incabella.co.uk/product/table-centre-piece-package-2/,Table Centre Piece Package – 2,,incabella-images\product_table-centre-piece-package-2\IMG_0547.jpeg
https://www.incabella.co.uk/product/table-centre-piece-package-2/,Table Centre Piece Package – 2,,incabella-images\product_table-centre-piece-package-2\IMG_0547.jpeg
https://www.incabella.co.uk/product/table-centre-piece-package-2/,Table Centre Piece Package – 2,,incabella-images\_site\IMG_0545.jpeg
https://www.incabella.co.uk/product/table-centre-piece-package-2/,Table Centre Piece Package – 2,,incabella-images\_site\IMG_0545.jpeg
https://www.incabella.co.uk/product/table-centre-piece-package-2/,Table Centre Piece Package – 2,,incabella-images\_site\8327bd708a67d45dc7f6637f3e61ffa5.jpg
https://www.incabella.co.uk/product/table-centre-piece-package-2/,Table Centre Piece Package – 2,,incabella-images\_site\8327bd708a67d45dc7f6637f3e61ffa5.jpg
https://www.incabella.co.uk/product/table-centre-piece-package-2/,Table Centre Piece Package – 2,,incabella-images\product_table-centre-piece-package-2\IMG_0542.jpeg
https://www.incabella.co.uk/product/table-centre-piece-package-2/,Table Centre Piece Package – 2,,incabella-images\product_table-centre-piece-package-2\IMG_0542.jpeg
https://www.incabella.co.uk/product/table-centre-piece-package-2/,Table Centre Piece Package – 2,,incabella-images\product_table-centre-piece-package-2\IMG_0521.jpeg
https://www.incabella.co.uk/product/table-centre-piece-package-2/,Table Centre Piece Package – 2,,incabella-images\product_table-centre-piece-package-2\IMG_0521.jpeg
https://www.incabella.co.uk/product/table-centre-piece-package-2/,Table Centre Piece Package – 2,,incabella-images\product_table-centre-piece-package-2\IMG_0544.jpeg
https://www.incabella.co.uk/product/table-centre-piece-package-2/,Table Centre Piece Package – 2,,incabella-images\product_table-centre-piece-package-2\IMG_0544.jpeg
https://www.incabella.co.uk/product/table-centre-piece-package-2/,Table Centre Piece Package – 2,,incabella-images\product_table-centre-piece-package-2\IMG_0547.jpeg
https://www.incabella.co.uk/product/table-centre-piece-package-2/,Table Centre Piece Package – 2,,incabella-images\product_table-centre-piece-package-2\IMG_0547.jpeg
https://www.incabella.co.uk/product/table-centre-piece-package-2/,Table Centre Piece Package – 2,,incabella-images\_site\Sparkling-Silver-T-Light-20000102-A_20765.jpeg
https://www.incabella.co.uk/product/table-centre-piece-package-2/,Table Centre Piece Package – 2,,incabella-images\_site\Sparkling-Silver-T-Light-20000102-A_20765.jpeg
https://www.incabella.co.uk/product/table-centre-piece-package-2/,Table Centre Piece Package – 2,,incabella-images\_site\Sparkling-Silver-T-Light-Holder-IMG_4275.jpeg
https://www.incabella.co.uk/product/table-centre-piece-package-2/,Table Centre Piece Package – 2,,incabella-images\_site\Sparkling-Silver-T-Light-Holder-IMG_4275.jpeg
https://www.incabella.co.uk/product/table-centre-piece-package-2/,Table Centre Piece Package – 2,,incabella-images\_site\image10.jpeg
https://www.incabella.co.uk/product/table-centre-piece-package-2/,Table Centre Piece Package – 2,,incabella-images\_site\image10.jpeg
https://www.incabella.co.uk/product/table-centre-piece-package-2/,Table Centre Piece Package – 2,,incabella-images\_site\20473090a409721a3a4007908b32130e.jpg
https://www.incabella.co.uk/product/table-centre-piece-package-2/,Table Centre Piece Package – 2,,incabella-images\_site\20473090a409721a3a4007908b32130e.jpg
https://www.incabella.co.uk/product/table-centre-piece-package-2/,Table Centre Piece Package – 2,,incabella-images\_site\hanging-heart-tea-light-holder.jpeg
https://www.incabella.co.uk/product/table-centre-piece-package-2/,Table Centre Piece Package – 2,,incabella-images\_site\hanging-heart-tea-light-holder.jpeg
https://www.incabella.co.uk/product/table-centre-piece-package-2/,Table Centre Piece Package – 2,,incabella-images\_site\hanging-heart-tea-light-holder.jpeg
https://www.incabella.co.uk/product/table-centre-piece-package-2/,Table Centre Piece Package – 2,,incabella-images\_site\hanging-heart-tea-light-holder.jpeg
https://www.incabella.co.uk/product/table-centre-piece-package-2/,Table Centre Piece Package – 2,,incabella-images\_site\IMG_E1342.jpg
https://www.incabella.co.uk/product/table-centre-piece-package-2/,Table Centre Piece Package – 2,,incabella-images\_site\IMG_E1342.jpg
https://www.incabella.co.uk/product/table-centre-piece-package-2/,Table Centre Piece Package – 2,,incabella-images\_site\clear-glass-hurricane-lantern.jpeg
https://www.incabella.co.uk/product/table-centre-piece-package-2/,Table Centre Piece Package – 2,,incabella-images\_site\clear-glass-hurricane-lantern.jpeg
https://www.incabella.co.uk/product/table-centre-piece-package-2/,Table Centre Piece Package – 2,,incabella-images\_site\sana-storm-lantern.jpg
https://www.incabella.co.uk/product/table-centre-piece-package-2/,Table Centre Piece Package – 2,,incabella-images\_site\sana-storm-lantern.jpg
https://www.incabella.co.uk/product/table-centre-piece-package-2/,Table Centre Piece Package – 2,,incabella-images\_site\A-FS-S-FS-A-SANA-STORM-LANTERN-SQ-7.jpeg
https://www.incabella.co.uk/product/table-centre-piece-package-2/,Table Centre Piece Package – 2,,incabella-images\_site\A-FS-S-FS-A-SANA-STORM-LANTERN-SQ-7.jpeg
https://www.incabella.co.uk/product/table-centre-piece-package-2/,Table Centre Piece Package – 2,,incabella-images\_site\IMG_1709.jpg
https://www.incabella.co.uk/product/table-centre-piece-package-2/,Table Centre Piece Package – 2,,incabella-images\_site\IMG_1709-510x652@2x.jpg
https://www.incabella.co.uk/product/table-centre-piece-package-2/,Table Centre Piece Package – 2,,incabella-images\_site\tlt-hld-wbells-h80mm-clr-gls.jpeg
https://www.incabella.co.uk/product/table-centre-piece-package-2/,Table Centre Piece Package – 2,,incabella-images\_site\tlt-hld-wbells-h80mm-clr-gls.jpeg
https://www.incabella.co.uk/product/table-centre-piece-package-2/,Table Centre Piece Package – 2,,incabella-images\_site\IMG_0946.jpeg
https://www.incabella.co.uk/product/table-centre-piece-package-2/,Table Centre Piece Package – 2,,incabella-images\_site\IMG_0946.jpeg
https://www.incabella.co.uk/product/table-centre-piece-package-2/,Table Centre Piece Package – 2,,incabella-images\_site\lantern-wrope-hndl-h250x180mm-gls-grey.jpeg
https://www.incabella.co.uk/product/table-centre-piece-package-2/,Table Centre Piece Package – 2,,incabella-images\_site\lantern-wrope-hndl-h250x180mm-gls-grey.jpeg
https://www.incabella.co.uk/product/table-centre-piece-package-2/,Table Centre Piece Package – 2,,incabella-images\_site\Sparkling-Silver-T-Light-20000102-A_20765.jpeg
https://www.incabella.co.uk/product/table-centre-piece-package-2/,Table Centre Piece Package – 2,,incabella-images\_site\Sparkling-Silver-T-Light-20000102-A_20765.jpeg
https://www.incabella.co.uk/product/table-centre-piece-package-2/,Table Centre Piece Package – 2,,incabella-images\_site\Sparkling-Silver-T-Light-Holder-IMG_4275.jpeg
https://www.incabella.co.uk/product/table-centre-piece-package-2/,Table Centre Piece Package – 2,,incabella-images\_site\Sparkling-Silver-T-Light-Holder-IMG_4275.jpeg
https://www.incabella.co.uk/product/table-centre-piece-package-2/,Table Centre Piece Package – 2,,incabella-images\_site\english-country-bunting.jpg
https://www.incabella.co.uk/product/table-centre-piece-package-2/,Table Centre Piece Package – 2,,incabella-images\_site\english-country-bunting-114x145@2x.jpg
https://www.incabella.co.uk/product/table-centre-piece-package-2/,Table Centre Piece Package – 2,,incabella-images\_site\english-country-bunting.jpg
https://www.incabella.co.uk/product/table-centre-piece-package-2/,Table Centre Piece Package – 2,,incabella-images\_site\english-country-bunting-114x145@2x.jpg
https://www.incabella.co.uk/product/table-centre-piece-package-2/,Table Centre Piece Package – 2,,incabella-images\_site\IMG_0442.jpg
https://www.incabella.co.uk/product/table-centre-piece-package-2/,Table Centre Piece Package – 2,,incabella-images\_site\IMG_0442.jpg
https://www.incabella.co.uk/product/table-centre-piece-package-2/,Table Centre Piece Package – 2,,incabella-images\_site\IMG_0454.jpg
https://www.incabella.co.uk/product/table-centre-piece-package-2/,Table Centre Piece Package – 2,,incabella-images\_site\IMG_0454.jpg
https://www.incabella.co.uk/product/table-centre-piece-package-2/,Table Centre Piece Package – 2,,incabella-images\_site\IMG_3468.jpg
https://www.incabella.co.uk/product/table-centre-piece-package-2/,Table Centre Piece Package – 2,,incabella-images\_site\IMG_3468-510x652@2x.jpg
https://www.incabella.co.uk/product/table-centre-piece-package-2/,Table Centre Piece Package – 2,,incabella-images\_site\IMG_3464.jpg
https://www.incabella.co.uk/product/table-centre-piece-package-2/,Table Centre Piece Package – 2,,incabella-images\_site\IMG_3464-510x652@2x.jpg
https://www.incabella.co.uk/product/table-centre-piece-package-2/,Table Centre Piece Package – 2,,incabella-images\_site\fullsizeoutput_50c2.jpeg
https://www.incabella.co.uk/product/table-centre-piece-package-2/,Table Centre Piece Package – 2,,incabella-images\_site\fullsizeoutput_50c2.jpeg
https://www.incabella.co.uk/product/table-centre-piece-package-2/,Table Centre Piece Package – 2,,incabella-images\_site\IMG_6448-e1520889491374.jpg
https://www.incabella.co.uk/product/table-centre-piece-package-2/,Table Centre Piece Package – 2,,incabella-images\_site\IMG_6448-e1520889491374.jpg
https://www.incabella.co.uk/product/table-centre-piece-package-2/,Table Centre Piece Package – 2,,incabella-images\_site\IMG_7140.jpeg
https://www.incabella.co.uk/product/table-centre-piece-package-2/,Table Centre Piece Package – 2,,incabella-images\_site\IMG_7140.jpeg
https://www.incabella.co.uk/product/table-centre-piece-package-2/,Table Centre Piece Package – 2,,incabella-images\_site\0ECE9A96-8D21-45B5-99FA-412A2590D4A7.jpeg
https://www.incabella.co.uk/product/table-centre-piece-package-2/,Table Centre Piece Package – 2,,incabella-images\_site\0ECE9A96-8D21-45B5-99FA-412A2590D4A7.jpeg
https://www.incabella.co.uk/product/table-centre-piece-package-2/,Table Centre Piece Package – 2,,incabella-images\_site\IMG_1673.jpg
https://www.incabella.co.uk/product/table-centre-piece-package-2/,Table Centre Piece Package – 2,,incabella-images\_site\IMG_1673-510x652@2x.jpg
https://www.incabella.co.uk/product/table-centre-piece-package-2/,Table Centre Piece Package – 2,,incabella-images\_site\4600494.jpg
https://www.incabella.co.uk/product/table-centre-piece-package-2/,Table Centre Piece Package – 2,,incabella-images\_site\4600494-114x145@2x.jpg
https://www.incabella.co.uk/product/table-centre-piece-package-2/,Table Centre Piece Package – 2,,incabella-images\_site\IMG_7450.jpeg
https://www.incabella.co.uk/product/table-centre-piece-package-2/,Table Centre Piece Package – 2,,incabella-images\_site\IMG_7450.jpeg
https://www.incabella.co.uk/product/table-centre-piece-package-2/,Table Centre Piece Package – 2,,incabella-images\_site\IMG_1085.jpg
https://www.incabella.co.uk/product/table-centre-piece-package-2/,Table Centre Piece Package – 2,,incabella-images\_site\IMG_1085-510x652@2x.jpg
https://www.incabella.co.uk/product/table-centre-piece-package-2/,Table Centre Piece Package – 2,,incabella-images\_site\IMG_1970.jpg
https://www.incabella.co.uk/product/table-centre-piece-package-2/,Table Centre Piece Package – 2,,incabella-images\_site\IMG_1970-510x652@2x.jpg
https://www.incabella.co.uk/product/table-centre-piece-package-2/,Table Centre Piece Package – 2,,incabella-images\_site\Image-3.jpg
https://www.incabella.co.uk/product/table-centre-piece-package-2/,Table Centre Piece Package – 2,,incabella-images\_site\Image-3-510x652@2x.jpg
https://www.incabella.co.uk/product/table-centre-piece-package-2/,Table Centre Piece Package – 2,,incabella-images\_site\IMG_7145.jpeg
https://www.incabella.co.uk/product/table-centre-piece-package-2/,Table Centre Piece Package – 2,,incabella-images\_site\IMG_7145.jpeg
https://www.incabella.co.uk/product/table-centre-piece-package-2/,Table Centre Piece Package – 2,,incabella-images\_site\IMG_7533.jpeg
https://www.incabella.co.uk/product/table-centre-piece-package-2/,Table Centre Piece Package – 2,,incabella-images\_site\IMG_7533.jpeg
https://www.incabella.co.uk/product/table-centre-piece-package-2/,Table Centre Piece Package – 2,,incabella-images\_site\IMG_7149.jpeg
https://www.incabella.co.uk/product/table-centre-piece-package-2/,Table Centre Piece Package – 2,,incabella-images\_site\IMG_7149.jpeg
https://www.incabella.co.uk/product/table-centre-piece-package-2/,Table Centre Piece Package – 2,,incabella-images\_site\E57C0BFC-9306-42C5-8AE4-7F77EFE434AA.jpeg
https://www.incabella.co.uk/product/table-centre-piece-package-2/,Table Centre Piece Package – 2,,incabella-images\_site\E57C0BFC-9306-42C5-8AE4-7F77EFE434AA.jpeg
https://www.incabella.co.uk/product/table-centre-piece-package-2/,Table Centre Piece Package – 2,,incabella-images\_site\IMG_7453.jpeg
https://www.incabella.co.uk/product/table-centre-piece-package-2/,Table Centre Piece Package – 2,,incabella-images\_site\IMG_7453.jpeg
https://www.incabella.co.uk/product/table-centre-piece-package-2/,Table Centre Piece Package – 2,,incabella-images\_site\image7.jpeg
https://www.incabella.co.uk/product/table-centre-piece-package-2/,Table Centre Piece Package – 2,,incabella-images\_site\image7.jpeg
https://www.incabella.co.uk/product/table-centre-piece-package-2/,Table Centre Piece Package – 2,,incabella-images\_site\880A161C-0A42-4AD4-99AC-5E53B5188CE4.jpeg
https://www.incabella.co.uk/product/table-centre-piece-package-2/,Table Centre Piece Package – 2,,incabella-images\_site\880A161C-0A42-4AD4-99AC-5E53B5188CE4.jpeg
https://www.incabella.co.uk/product/table-centre-piece-package-2/,Table Centre Piece Package – 2,,incabella-images\_site\6A35E8F8-C756-4D74-A18D-9532A67C0D46.jpeg
https://www.incabella.co.uk/product/table-centre-piece-package-2/,Table Centre Piece Package – 2,,incabella-images\_site\6A35E8F8-C756-4D74-A18D-9532A67C0D46.jpeg
https://www.incabella.co.uk/product/table-centre-piece-package-2/,Table Centre Piece Package – 2,,incabella-images\_site\IncaBella_logo_02.png
https://www.incabella.co.uk/product/firepit/,Firepit,,incabella-images\_site\IncaBella_logo_02.png
https://www.incabella.co.uk/product/firepit/,Firepit,,incabella-images\_site\DSC_2443-600x398_c.jpg
https://www.incabella.co.uk/product/firepit/,Firepit,,incabella-images\_site\DSC_2443-600x398_c.jpg
https://www.incabella.co.uk/product/firepit/,Firepit,,incabella-images\_site\IMG_1713.jpg
https://www.incabella.co.uk/product/firepit/,Firepit,,incabella-images\_site\IMG_1713.jpg
https://www.incabella.co.uk/product/firepit/,Firepit,,incabella-images\_site\IMG_1713-510x652@2x.jpg
https://www.incabella.co.uk/product/firepit/,Firepit,,incabella-images\product_firepit\DSC_2436-600x398_c.jpg
https://www.incabella.co.uk/product/firepit/,Firepit,,incabella-images\product_firepit\DSC_2436-600x398_c.jpg
https://www.incabella.co.uk/product/firepit/,Firepit,,incabella-images\product_firepit\DSC_2326-600x398_c.jpg
https://www.incabella.co.uk/product/firepit/,Firepit,,incabella-images\product_firepit\DSC_2326-600x398_c.jpg
https://www.incabella.co.uk/product/firepit/,Firepit,,incabella-images\product_firepit\IMG_1710.jpg
https://www.incabella.co.uk/product/firepit/,Firepit,,incabella-images\product_firepit\IMG_1710.jpg
https://www.incabella.co.uk/product/firepit/,Firepit,,incabella-images\product_firepit\IMG_1710-510x652@2x.jpg
https://www.incabella.co.uk/product/firepit/,Firepit,,incabella-images\product_firepit\IMG_1711.jpg
https://www.incabella.co.uk/product/firepit/,Firepit,,incabella-images\product_firepit\IMG_1711.jpg
https://www.incabella.co.uk/product/firepit/,Firepit,,incabella-images\product_firepit\IMG_1711-510x652@2x.jpg
https://www.incabella.co.uk/product/firepit/,Firepit,,incabella-images\_site\DSC_2443-600x398_c.jpg
https://www.incabella.co.uk/product/firepit/,Firepit,,incabella-images\_site\DSC_2443-600x398_c-114x145@2x.jpg
https://www.incabella.co.uk/product/firepit/,Firepit,,incabella-images\_site\IMG_1713.jpg
https://www.incabella.co.uk/product/firepit/,Firepit,,incabella-images\_site\IMG_1713-510x652@2x.jpg
https://www.incabella.co.uk/product/firepit/,Firepit,,incabella-images\product_firepit\DSC_2436-600x398_c.jpg
https://www.incabella.co.uk/product/firepit/,Firepit,,incabella-images\product_firepit\DSC_2436-600x398_c-114x145@2x.jpg
https://www.incabella.co.uk/product/firepit/,Firepit,,incabella-images\product_firepit\DSC_2326-600x398_c.jpg
https://www.incabella.co.uk/product/firepit/,Firepit,,incabella-images\product_firepit\DSC_2326-600x398_c-114x145@2x.jpg
https://www.incabella.co.uk/product/firepit/,Firepit,,incabella-images\product_firepit\IMG_1710.jpg
https://www.incabella.co.uk/product/firepit/,Firepit,,incabella-images\product_firepit\IMG_1710-510x652@2x.jpg
https://www.incabella.co.uk/product/firepit/,Firepit,,incabella-images\product_firepit\IMG_1711.jpg
https://www.incabella.co.uk/product/firepit/,Firepit,,incabella-images\product_firepit\IMG_1711-510x652@2x.jpg
https://www.incabella.co.uk/product/firepit/,Firepit,,incabella-images\_site\IB-sets-of-games-images.jpg
https://www.incabella.co.uk/product/firepit/,Firepit,,incabella-images\_site\IB-sets-of-games-images.jpg
https://www.incabella.co.uk/product/firepit/,Firepit,,incabella-images\_site\giant-outdoor-chess.jpg
https://www.incabella.co.uk/product/firepit/,Firepit,,incabella-images\_site\giant-outdoor-chess.jpg
https://www.incabella.co.uk/product/firepit/,Firepit,,incabella-images\_site\IB-sets-of-games-images-no-chess.jpg
https://www.incabella.co.uk/product/firepit/,Firepit,,incabella-images\_site\IB-sets-of-games-images-no-chess.jpg
https://www.incabella.co.uk/product/firepit/,Firepit,,incabella-images\_site\UG304-P-Tumble-Tower-Pine-7700.png
https://www.incabella.co.uk/product/firepit/,Firepit,,incabella-images\_site\UG304-P-Tumble-Tower-Pine-7700.png
https://www.incabella.co.uk/product/firepit/,Firepit,,incabella-images\_site\IMG_4163.jpg
https://www.incabella.co.uk/product/firepit/,Firepit,,incabella-images\_site\IMG_4163.jpg
https://www.incabella.co.uk/product/firepit/,Firepit,,incabella-images\_site\IMG_4162-e1517836473472.jpg
https://www.incabella.co.uk/product/firepit/,Firepit,,incabella-images\_site\IMG_4162-e1517836473472.jpg
https://www.incabella.co.uk/product/firepit/,Firepit,,incabella-images\_site\IMG_3039.jpg
https://www.incabella.co.uk/product/firepit/,Firepit,,incabella-images\_site\IMG_3039-114x145@2x.jpg
https://www.incabella.co.uk/product/firepit/,Firepit,,incabella-images\_site\IMG_3043.jpg
https://www.incabella.co.uk/product/firepit/,Firepit,,incabella-images\_site\IMG_3043-190x243@2x.jpg
https://www.incabella.co.uk/product/firepit/,Firepit,,incabella-images\_site\IMG_3706.jpeg
https://www.incabella.co.uk/product/firepit/,Firepit,,incabella-images\_site\IMG_3706.jpeg
https://www.incabella.co.uk/product/firepit/,Firepit,,incabella-images\_site\d6d39674-1f5e-4f28-bd68-087445415a70-2.jpg
https://www.incabella.co.uk/product/firepit/,Firepit,,incabella-images\_site\d6d39674-1f5e-4f28-bd68-087445415a70-2.jpg
https://www.incabella.co.uk/product/firepit/,Firepit,,incabella-images\_site\IMG_8203-e1549817586734.jpg
https://www.incabella.co.uk/product/firepit/,Firepit,,incabella-images\_site\IMG_8203-e1549817586734.jpg
https://www.incabella.co.uk/product/firepit/,Firepit,,incabella-images\_site\IMG_8203-e1549817586734.jpg
https://www.incabella.co.uk/product/firepit/,Firepit,,incabella-images\_site\IMG_8203-e1549817586734.jpg
https://www.incabella.co.uk/product/firepit/,Firepit,,incabella-images\_site\2B86C02D-B992-47FD-8154-292F2FE7C354.jpeg
https://www.incabella.co.uk/product/firepit/,Firepit,,incabella-images\_site\2B86C02D-B992-47FD-8154-292F2FE7C354.jpeg
https://www.incabella.co.uk/product/firepit/,Firepit,,incabella-images\_site\2B86C02D-B992-47FD-8154-292F2FE7C354.jpeg
https://www.incabella.co.uk/product/firepit/,Firepit,,incabella-images\_site\2B86C02D-B992-47FD-8154-292F2FE7C354.jpeg
https://www.incabella.co.uk/product/firepit/,Firepit,,incabella-images\_site\25AB7D13-7599-412B-B88E-B43BB927A3F8.jpeg
https://www.incabella.co.uk/product/firepit/,Firepit,,incabella-images\_site\25AB7D13-7599-412B-B88E-B43BB927A3F8.jpeg
https://www.incabella.co.uk/product/firepit/,Firepit,,incabella-images\_site\IMG_4492.jpg
https://www.incabella.co.uk/product/firepit/,Firepit,,incabella-images\_site\IMG_4492.jpg
https://www.incabella.co.uk/product/firepit/,Firepit,,incabella-images\_site\880A161C-0A42-4AD4-99AC-5E53B5188CE4.jpeg
https://www.incabella.co.uk/product/firepit/,Firepit,,incabella-images\_site\880A161C-0A42-4AD4-99AC-5E53B5188CE4.jpeg
https://www.incabella.co.uk/product/firepit/,Firepit,,incabella-images\_site\6A35E8F8-C756-4D74-A18D-9532A67C0D46.jpeg
https://www.incabella.co.uk/product/firepit/,Firepit,,incabella-images\_site\6A35E8F8-C756-4D74-A18D-9532A67C0D46.jpeg
https://www.incabella.co.uk/product/firepit/,Firepit,,incabella-images\_site\IMG_5842-e1517833177128.jpg
https://www.incabella.co.uk/product/firepit/,Firepit,,incabella-images\_site\IMG_5842-e1517833177128.jpg
https://www.incabella.co.uk/product/firepit/,Firepit,,incabella-images\_site\IMG_5841-e1517832558639.jpg
https://www.incabella.co.uk/product/firepit/,Firepit,,incabella-images\_site\IMG_5841-e1517832558639.jpg
https://www.incabella.co.uk/product/firepit/,Firepit,,incabella-images\_site\IMG_3120.jpg
https://www.incabella.co.uk/product/firepit/,Firepit,,incabella-images\_site\IMG_3120-510x652@2x.jpg
https://www.incabella.co.uk/product/firepit/,Firepit,,incabella-images\_site\IMG_3119.jpg
https://www.incabella.co.uk/product/firepit/,Firepit,,incabella-images\_site\IMG_3119-510x652@2x.jpg
https://www.incabella.co.uk/product/firepit/,Firepit,,incabella-images\_site\IMG_3750.jpg
https://www.incabella.co.uk/product/firepit/,Firepit,,incabella-images\_site\IMG_3750.jpg
https://www.incabella.co.uk/product/firepit/,Firepit,,incabella-images\_site\IMG_3812.jpg
https://www.incabella.co.uk/product/firepit/,Firepit,,incabella-images\_site\IMG_3812.jpg
https://www.incabella.co.uk/product/firepit/,Firepit,,incabella-images\_site\EL-ES-APR-2022-0358.jpeg
https://www.incabella.co.uk/product/firepit/,Firepit,,incabella-images\_site\EL-ES-APR-2022-0358.jpeg
https://www.incabella.co.uk/product/firepit/,Firepit,,incabella-images\_site\31814EA0-7BDD-4917-9473-9F2F44BA7DBD.jpeg
https://www.incabella.co.uk/product/firepit/,Firepit,,incabella-images\_site\31814EA0-7BDD-4917-9473-9F2F44BA7DBD.jpeg
https://www.incabella.co.uk/product/firepit/,Firepit,,incabella-images\_site\fullsizeoutput_50c2.jpeg
https://www.incabella.co.uk/product/firepit/,Firepit,,incabella-images\_site\fullsizeoutput_50c2.jpeg
https://www.incabella.co.uk/product/firepit/,Firepit,,incabella-images\_site\IMG_6448-e1520889491374.jpg
https://www.incabella.co.uk/product/firepit/,Firepit,,incabella-images\_site\IMG_6448-e1520889491374.jpg
https://www.incabella.co.uk/product/firepit/,Firepit,,incabella-images\_site\IncaBella_logo_02.png
https://www.incabella.co.uk/product-category/decorations/,Decorations,,incabella-images\_site\IncaBella_logo_02.png
https://www.incabella.co.uk/product-category/decorations/,Decorations,,incabella-images\_site\EL-ES-APR-2022-0435.jpg
https://www.incabella.co.uk/product-category/decorations/,Decorations,,incabella-images\_site\EL-ES-APR-2022-0435.jpg
https://www.incabella.co.uk/product-category/decorations/,Decorations,,incabella-images\_site\IMG_0520.jpeg
https://www.incabella.co.uk/product-category/decorations/,Decorations,,incabella-images\_site\IMG_0520.jpeg
https://www.incabella.co.uk/product-category/decorations/,Decorations,,incabella-images\_site\EL-ES-APR-2022-0435.jpg
https://www.incabella.co.uk/product-category/decorations/,Decorations,,incabella-images\_site\EL-ES-APR-2022-0435.jpg
https://www.incabella.co.uk/product-category/decorations/,Decorations,,incabella-images\_site\IMG_0520.jpeg
https://www.incabella.co.uk/product-category/decorations/,Decorations,,incabella-images\_site\IMG_0520.jpeg
https://www.incabella.co.uk/product-category/decorations/,Decorations,,incabella-images\_site\IMG_4084.jpeg
https://www.incabella.co.uk/product-category/decorations/,Decorations,,incabella-images\_site\IMG_4084.jpeg
https://www.incabella.co.uk/product-category/decorations/,Decorations,,incabella-images\_site\IMG_3684.jpeg
https://www.incabella.co.uk/product-category/decorations/,Decorations,,incabella-images\_site\IMG_3684.jpeg
https://www.incabella.co.uk/product-category/decorations/,Decorations,,incabella-images\_site\IMG_7953.jpeg
https://www.incabella.co.uk/product-category/decorations/,Decorations,,incabella-images\_site\IMG_7953.jpeg
https://www.incabella.co.uk/product-category/decorations/,Decorations,,incabella-images\_site\873F2BAE-D7E1-4031-9F1F-6913BD571894.jpeg
https://www.incabella.co.uk/product-category/decorations/,Decorations,,incabella-images\_site\873F2BAE-D7E1-4031-9F1F-6913BD571894.jpeg
https://www.incabella.co.uk/product-category/decorations/,Decorations,,incabella-images\_site\EL-ES-APR-2022-0435.jpg
https://www.incabella.co.uk/product-category/decorations/,Decorations,,incabella-images\_site\EL-ES-APR-2022-0435.jpg
https://www.incabella.co.uk/product-category/decorations/,Decorations,,incabella-images\_site\IMG_0520.jpeg
https://www.incabella.co.uk/product-category/decorations/,Decorations,,incabella-images\_site\IMG_0520.jpeg
https://www.incabella.co.uk/product-category/decorations/,Decorations,,incabella-images\_site\IMG_6028.jpeg
https://www.incabella.co.uk/product-category/decorations/,Decorations,,incabella-images\_site\IMG_6028.jpeg
https://www.incabella.co.uk/product-category/decorations/,Decorations,,incabella-images\_site\IMG_7714.jpeg
https://www.incabella.co.uk/product-category/decorations/,Decorations,,incabella-images\_site\IMG_7714.jpeg
https://www.incabella.co.uk/product-category/decorations/,Decorations,,incabella-images\_site\IMG_3706.jpeg
https://www.incabella.co.uk/product-category/decorations/,Decorations,,incabella-images\_site\IMG_3706.jpeg
https://www.incabella.co.uk/product-category/decorations/,Decorations,,incabella-images\_site\d6d39674-1f5e-4f28-bd68-087445415a70-2.jpg
https://www.incabella.co.uk/product-category/decorations/,Decorations,,incabella-images\_site\d6d39674-1f5e-4f28-bd68-087445415a70-2.jpg
https://www.incabella.co.uk/product-category/decorations/,Decorations,,incabella-images\_site\IMG_8311.jpeg
https://www.incabella.co.uk/product-category/decorations/,Decorations,,incabella-images\_site\IMG_8311.jpeg
https://www.incabella.co.uk/product-category/decorations/,Decorations,,incabella-images\_site\IMG_3724.jpeg
https://www.incabella.co.uk/product-category/decorations/,Decorations,,incabella-images\_site\IMG_3724.jpeg
https://www.incabella.co.uk/product-category/decorations/,Decorations,,incabella-images\_site\IMG_0442.jpg
https://www.incabella.co.uk/product-category/decorations/,Decorations,,incabella-images\_site\IMG_0442.jpg
https://www.incabella.co.uk/product-category/decorations/,Decorations,,incabella-images\_site\IMG_0454.jpg
https://www.incabella.co.uk/product-category/decorations/,Decorations,,incabella-images\_site\IMG_0454.jpg
https://www.incabella.co.uk/product-category/decorations/,Decorations,,incabella-images\_site\5d6ad4c0-13bc-479b-8b50-cfe64523502e.jpeg
https://www.incabella.co.uk/product-category/decorations/,Decorations,,incabella-images\_site\5d6ad4c0-13bc-479b-8b50-cfe64523502e.jpeg
https://www.incabella.co.uk/product-category/decorations/,Decorations,,incabella-images\_site\fullsizeoutput_5ff9.jpeg
https://www.incabella.co.uk/product-category/decorations/,Decorations,,incabella-images\_site\fullsizeoutput_5ff9.jpeg
https://www.incabella.co.uk/product-category/decorations/,Decorations,,incabella-images\_site\IMG_2205.jpg
https://www.incabella.co.uk/product-category/decorations/,Decorations,,incabella-images\_site\IMG_2205-510x652@2x.jpg
https://www.incabella.co.uk/product-category/decorations/,Decorations,,incabella-images\_site\IMG_2203.jpg
https://www.incabella.co.uk/product-category/decorations/,Decorations,,incabella-images\_site\IMG_2203-510x652@2x.jpg
https://www.incabella.co.uk/product-category/decorations/,Decorations,,incabella-images\_site\98ebd4d6-1e80-4809-8c0c-3ed0fd5be5cb.jpeg
https://www.incabella.co.uk/product-category/decorations/,Decorations,,incabella-images\_site\98ebd4d6-1e80-4809-8c0c-3ed0fd5be5cb.jpeg
https://www.incabella.co.uk/product-category/decorations/,Decorations,,incabella-images\_site\d1e581ab-a335-4b30-be13-e33d78466a50.jpeg
https://www.incabella.co.uk/product-category/decorations/,Decorations,,incabella-images\_site\d1e581ab-a335-4b30-be13-e33d78466a50.jpeg
https://www.incabella.co.uk/product-category/decorations/,Decorations,,incabella-images\_site\IncaBella_logo_02.png
https://www.incabella.co.uk/product/full-decoration-package-tier-2/,Full Decoration Package – Tier 2,,incabella-images\_site\IncaBella_logo_02.png
https://www.incabella.co.uk/product/full-decoration-package-tier-2/,Full Decoration Package – Tier 2,,incabella-images\home\EL-ES-APR-2022-0435-scaled.jpg
https://www.incabella.co.uk/product/full-decoration-package-tier-2/,Full Decoration Package – Tier 2,,incabella-images\_site\EL-ES-APR-2022-0435.jpg
https://www.incabella.co.uk/product/full-decoration-package-tier-2/,Full Decoration Package – Tier 2,,incabella-images\_site\EL-ES-APR-2022-0435.jpg
https://www.incabella.co.uk/product/full-decoration-package-tier-2/,Full Decoration Package – Tier 2,,incabella-images\product_full-decoration-package-silver\IMG_0520-scaled.jpeg
https://www.incabella.co.uk/product/full-decoration-package-tier-2/,Full Decoration Package – Tier 2,,incabella-images\_site\IMG_0520.jpeg
https://www.incabella.co.uk/product/full-decoration-package-tier-2/,Full Decoration Package – Tier 2,,incabella-images\_site\IMG_0520.jpeg
https://www.incabella.co.uk/product/full-decoration-package-tier-2/,Full Decoration Package – Tier 2,,incabella-images\product_full-decoration-package-tier-2\IMG_3290-scaled.jpeg
https://www.incabella.co.uk/product/full-decoration-package-tier-2/,Full Decoration Package – Tier 2,,incabella-images\product_full-decoration-package-tier-2\IMG_3290.jpeg
https://www.incabella.co.uk/product/full-decoration-package-tier-2/,Full Decoration Package – Tier 2,,incabella-images\product_full-decoration-package-tier-2\IMG_3290.jpeg
https://www.incabella.co.uk/product/full-decoration-package-tier-2/,Full Decoration Package – Tier 2,,incabella-images\_site\25AB7D13-7599-412B-B88E-B43BB927A3F8.jpeg
https://www.incabella.co.uk/product/full-decoration-package-tier-2/,Full Decoration Package – Tier 2,,incabella-images\_site\25AB7D13-7599-412B-B88E-B43BB927A3F8.jpeg
https://www.incabella.co.uk/product/full-decoration-package-tier-2/,Full Decoration Package – Tier 2,,incabella-images\_site\25AB7D13-7599-412B-B88E-B43BB927A3F8.jpeg
https://www.incabella.co.uk/product/full-decoration-package-tier-2/,Full Decoration Package – Tier 2,,incabella-images\product_full-decoration-package-silver\73A33FD1-C11B-4076-9FB7-E660DB064B20.jpeg
https://www.incabella.co.uk/product/full-decoration-package-tier-2/,Full Decoration Package – Tier 2,,incabella-images\product_full-decoration-package-silver\73A33FD1-C11B-4076-9FB7-E660DB064B20.jpeg
https://www.incabella.co.uk/product/full-decoration-package-tier-2/,Full Decoration Package – Tier 2,,incabella-images\product_full-decoration-package-silver\73A33FD1-C11B-4076-9FB7-E660DB064B20.jpeg
https://www.incabella.co.uk/product/full-decoration-package-tier-2/,Full Decoration Package – Tier 2,,incabella-images\product_full-decoration-package-tier-2\SDuncan4.jpg
https://www.incabella.co.uk/product/full-decoration-package-tier-2/,Full Decoration Package – Tier 2,,incabella-images\product_full-decoration-package-tier-2\SDuncan4.jpg
https://www.incabella.co.uk/product/full-decoration-package-tier-2/,Full Decoration Package – Tier 2,,incabella-images\product_full-decoration-package-tier-2\SDuncan4.jpg
https://www.incabella.co.uk/product/full-decoration-package-tier-2/,Full Decoration Package – Tier 2,,incabella-images\product_full-decoration-package-silver\IMG_8466-scaled.jpeg
https://www.incabella.co.uk/product/full-decoration-package-tier-2/,Full Decoration Package – Tier 2,,incabella-images\product_full-decoration-package-silver\IMG_8466.jpeg
https://www.incabella.co.uk/product/full-decoration-package-tier-2/,Full Decoration Package – Tier 2,,incabella-images\product_full-decoration-package-silver\IMG_8466.jpeg
https://www.incabella.co.uk/product/full-decoration-package-tier-2/,Full Decoration Package – Tier 2,,incabella-images\product_full-decoration-package-silver\IMG_7533-scaled.jpeg
https://www.incabella.co.uk/product/full-decoration-package-tier-2/,Full Decoration Package – Tier 2,,incabella-images\_site\IMG_7533.jpeg
https://www.incabella.co.uk/product/full-decoration-package-tier-2/,Full Decoration Package – Tier 2,,incabella-images\_site\IMG_7533.jpeg
https://www.incabella.co.uk/product/full-decoration-package-tier-2/,Full Decoration Package – Tier 2,,incabella-images\product_ground-floor-decoration-package\01794294-564D-41F8-B768-1BAC5DE7518C.jpeg
https://www.incabella.co.uk/product/full-decoration-package-tier-2/,Full Decoration Package – Tier 2,,incabella-images\product_ground-floor-decoration-package\01794294-564D-41F8-B768-1BAC5DE7518C.jpeg
https://www.incabella.co.uk/product/full-decoration-package-tier-2/,Full Decoration Package – Tier 2,,incabella-images\product_ground-floor-decoration-package\01794294-564D-41F8-B768-1BAC5DE7518C.jpeg
https://www.incabella.co.uk/product/full-decoration-package-tier-2/,Full Decoration Package – Tier 2,,incabella-images\product_ground-floor-decoration-package\7F417F72-3836-4502-A333-29667DD771B8.jpeg
https://www.incabella.co.uk/product/full-decoration-package-tier-2/,Full Decoration Package – Tier 2,,incabella-images\product_ground-floor-decoration-package\7F417F72-3836-4502-A333-29667DD771B8.jpeg
https://www.incabella.co.uk/product/full-decoration-package-tier-2/,Full Decoration Package – Tier 2,,incabella-images\product_ground-floor-decoration-package\7F417F72-3836-4502-A333-29667DD771B8.jpeg
https://www.incabella.co.uk/product/full-decoration-package-tier-2/,Full Decoration Package – Tier 2,,incabella-images\product_full-decoration-package-tier-2\IMG_3287-scaled.jpeg
https://www.incabella.co.uk/product/full-decoration-package-tier-2/,Full Decoration Package – Tier 2,,incabella-images\product_full-decoration-package-tier-2\IMG_3287.jpeg
https://www.incabella.co.uk/product/full-decoration-package-tier-2/,Full Decoration Package – Tier 2,,incabella-images\product_full-decoration-package-tier-2\IMG_3287.jpeg
https://www.incabella.co.uk/product/full-decoration-package-tier-2/,Full Decoration Package – Tier 2,,incabella-images\_site\EL-ES-APR-2022-0435.jpg
https://www.incabella.co.uk/product/full-decoration-package-tier-2/,Full Decoration Package – Tier 2,,incabella-images\_site\EL-ES-APR-2022-0435.jpg
https://www.incabella.co.uk/product/full-decoration-package-tier-2/,Full Decoration Package – Tier 2,,incabella-images\_site\IMG_0520.jpeg
https://www.incabella.co.uk/product/full-decoration-package-tier-2/,Full Decoration Package – Tier 2,,incabella-images\_site\IMG_0520.jpeg
https://www.incabella.co.uk/product/full-decoration-package-tier-2/,Full Decoration Package – Tier 2,,incabella-images\product_full-decoration-package-tier-2\IMG_3290.jpeg
https://www.incabella.co.uk/product/full-decoration-package-tier-2/,Full Decoration Package – Tier 2,,incabella-images\product_full-decoration-package-tier-2\IMG_3290.jpeg
https://www.incabella.co.uk/product/full-decoration-package-tier-2/,Full Decoration Package – Tier 2,,incabella-images\_site\25AB7D13-7599-412B-B88E-B43BB927A3F8.jpeg
https://www.incabella.co.uk/product/full-decoration-package-tier-2/,Full Decoration Package – Tier 2,,incabella-images\_site\25AB7D13-7599-412B-B88E-B43BB927A3F8.jpeg
https://www.incabella.co.uk/product/full-decoration-package-tier-2/,Full Decoration Package – Tier 2,,incabella-images\product_full-decoration-package-silver\73A33FD1-C11B-4076-9FB7-E660DB064B20.jpeg
https://www.incabella.co.uk/product/full-decoration-package-tier-2/,Full Decoration Package – Tier 2,,incabella-images\product_full-decoration-package-silver\73A33FD1-C11B-4076-9FB7-E660DB064B20.jpeg
https://www.incabella.co.uk/product/full-decoration-package-tier-2/,Full Decoration Package – Tier 2,,incabella-images\product_full-decoration-package-tier-2\SDuncan4.jpg
https://www.incabella.co.uk/product/full-decoration-package-tier-2/,Full Decoration Package – Tier 2,,incabella-images\product_full-decoration-package-tier-2\SDuncan4.jpg
https://www.incabella.co.uk/product/full-decoration-package-tier-2/,Full Decoration Package – Tier 2,,incabella-images\product_full-decoration-package-silver\IMG_8466.jpeg
https://www.incabella.co.uk/product/full-decoration-package-tier-2/,Full Decoration Package – Tier 2,,incabella-images\product_full-decoration-package-silver\IMG_8466.jpeg
https://www.incabella.co.uk/product/full-decoration-package-tier-2/,Full Decoration Package – Tier 2,,incabella-images\_site\IMG_7533.jpeg
https://www.incabella.co.uk/product/full-decoration-package-tier-2/,Full Decoration Package – Tier 2,,incabella-images\_site\IMG_7533.jpeg
https://www.incabella.co.uk/product/full-decoration-package-tier-2/,Full Decoration Package – Tier 2,,incabella-images\product_ground-floor-decoration-package\01794294-564D-41F8-B768-1BAC5DE7518C.jpeg
https://www.incabella.co.uk/product/full-decoration-package-tier-2/,Full Decoration Package – Tier 2,,incabella-images\product_ground-floor-decoration-package\01794294-564D-41F8-B768-1BAC5DE7518C.jpeg
https://www.incabella.co.uk/product/full-decoration-package-tier-2/,Full Decoration Package – Tier 2,,incabella-images\product_ground-floor-decoration-package\7F417F72-3836-4502-A333-29667DD771B8.jpeg
https://www.incabella.co.uk/product/full-decoration-package-tier-2/,Full Decoration Package – Tier 2,,incabella-images\product_ground-floor-decoration-package\7F417F72-3836-4502-A333-29667DD771B8.jpeg
https://www.incabella.co.uk/product/full-decoration-package-tier-2/,Full Decoration Package – Tier 2,,incabella-images\product_full-decoration-package-tier-2\IMG_3287.jpeg
https://www.incabella.co.uk/product/full-decoration-package-tier-2/,Full Decoration Package – Tier 2,,incabella-images\product_full-decoration-package-tier-2\IMG_3287.jpeg
https://www.incabella.co.uk/product/full-decoration-package-tier-2/,Full Decoration Package – Tier 2,,incabella-images\_site\IMG_0946.jpeg
https://www.incabella.co.uk/product/full-decoration-package-tier-2/,Full Decoration Package – Tier 2,,incabella-images\_site\IMG_0946.jpeg
https://www.incabella.co.uk/product/full-decoration-package-tier-2/,Full Decoration Package – Tier 2,,incabella-images\_site\lantern-wrope-hndl-h250x180mm-gls-grey.jpeg
https://www.incabella.co.uk/product/full-decoration-package-tier-2/,Full Decoration Package – Tier 2,,incabella-images\_site\lantern-wrope-hndl-h250x180mm-gls-grey.jpeg
https://www.incabella.co.uk/product/full-decoration-package-tier-2/,Full Decoration Package – Tier 2,,incabella-images\_site\IMG_1709.jpg
https://www.incabella.co.uk/product/full-decoration-package-tier-2/,Full Decoration Package – Tier 2,,incabella-images\_site\IMG_1709-510x652@2x.jpg
https://www.incabella.co.uk/product/full-decoration-package-tier-2/,Full Decoration Package – Tier 2,,incabella-images\_site\tlt-hld-wbells-h80mm-clr-gls.jpeg
https://www.incabella.co.uk/product/full-decoration-package-tier-2/,Full Decoration Package – Tier 2,,incabella-images\_site\tlt-hld-wbells-h80mm-clr-gls.jpeg
https://www.incabella.co.uk/product/full-decoration-package-tier-2/,Full Decoration Package – Tier 2,,incabella-images\_site\hanging-heart-tea-light-holder.jpeg
https://www.incabella.co.uk/product/full-decoration-package-tier-2/,Full Decoration Package – Tier 2,,incabella-images\_site\hanging-heart-tea-light-holder.jpeg
https://www.incabella.co.uk/product/full-decoration-package-tier-2/,Full Decoration Package – Tier 2,,incabella-images\_site\hanging-heart-tea-light-holder.jpeg
https://www.incabella.co.uk/product/full-decoration-package-tier-2/,Full Decoration Package – Tier 2,,incabella-images\_site\hanging-heart-tea-light-holder.jpeg
https://www.incabella.co.uk/product/full-decoration-package-tier-2/,Full Decoration Package – Tier 2,,incabella-images\_site\sana-storm-lantern.jpg
https://www.incabella.co.uk/product/full-decoration-package-tier-2/,Full Decoration Package – Tier 2,,incabella-images\_site\sana-storm-lantern.jpg
https://www.incabella.co.uk/product/full-decoration-package-tier-2/,Full Decoration Package – Tier 2,,incabella-images\_site\A-FS-S-FS-A-SANA-STORM-LANTERN-SQ-7.jpeg
https://www.incabella.co.uk/product/full-decoration-package-tier-2/,Full Decoration Package – Tier 2,,incabella-images\_site\A-FS-S-FS-A-SANA-STORM-LANTERN-SQ-7.jpeg
https://www.incabella.co.uk/product/full-decoration-package-tier-2/,Full Decoration Package – Tier 2,,incabella-images\_site\IMG_E1342.jpg
https://www.incabella.co.uk/product/full-decoration-package-tier-2/,Full Decoration Package – Tier 2,,incabella-images\_site\IMG_E1342.jpg
https://www.incabella.co.uk/product/full-decoration-package-tier-2/,Full Decoration Package – Tier 2,,incabella-images\_site\clear-glass-hurricane-lantern.jpeg
https://www.incabella.co.uk/product/full-decoration-package-tier-2/,Full Decoration Package – Tier 2,,incabella-images\_site\clear-glass-hurricane-lantern.jpeg
https://www.incabella.co.uk/product/full-decoration-package-tier-2/,Full Decoration Package – Tier 2,,incabella-images\_site\image10.jpeg
https://www.incabella.co.uk/product/full-decoration-package-tier-2/,Full Decoration Package – Tier 2,,incabella-images\_site\image10.jpeg
https://www.incabella.co.uk/product/full-decoration-package-tier-2/,Full Decoration Package – Tier 2,,incabella-images\_site\20473090a409721a3a4007908b32130e.jpg
https://www.incabella.co.uk/product/full-decoration-package-tier-2/,Full Decoration Package – Tier 2,,incabella-images\_site\20473090a409721a3a4007908b32130e.jpg
https://www.incabella.co.uk/product/full-decoration-package-tier-2/,Full Decoration Package – Tier 2,,incabella-images\_site\Sparkling-Silver-T-Light-20000102-A_20765.jpeg
https://www.incabella.co.uk/product/full-decoration-package-tier-2/,Full Decoration Package – Tier 2,,incabella-images\_site\Sparkling-Silver-T-Light-20000102-A_20765.jpeg
https://www.incabella.co.uk/product/full-decoration-package-tier-2/,Full Decoration Package – Tier 2,,incabella-images\_site\Sparkling-Silver-T-Light-Holder-IMG_4275.jpeg
https://www.incabella.co.uk/product/full-decoration-package-tier-2/,Full Decoration Package – Tier 2,,incabella-images\_site\Sparkling-Silver-T-Light-Holder-IMG_4275.jpeg
https://www.incabella.co.uk/product/full-decoration-package-tier-2/,Full Decoration Package – Tier 2,,incabella-images\_site\Sparkling-Silver-T-Light-20000102-A_20765.jpeg
https://www.incabella.co.uk/product/full-decoration-package-tier-2/,Full Decoration Package – Tier 2,,incabella-images\_site\Sparkling-Silver-T-Light-20000102-A_20765.jpeg
https://www.incabella.co.uk/product/full-decoration-package-tier-2/,Full Decoration Package – Tier 2,,incabella-images\_site\Sparkling-Silver-T-Light-Holder-IMG_4275.jpeg
https://www.incabella.co.uk/product/full-decoration-package-tier-2/,Full Decoration Package – Tier 2,,incabella-images\_site\Sparkling-Silver-T-Light-Holder-IMG_4275.jpeg
https://www.incabella.co.uk/product/full-decoration-package-tier-2/,Full Decoration Package – Tier 2,,incabella-images\_site\IMG_4803.jpg
https://www.incabella.co.uk/product/full-decoration-package-tier-2/,Full Decoration Package – Tier 2,,incabella-images\_site\IMG_4803-510x652@2x.jpg
https://www.incabella.co.uk/product/full-decoration-package-tier-2/,Full Decoration Package – Tier 2,,incabella-images\_site\IMG_4803.jpg
https://www.incabella.co.uk/product/full-decoration-package-tier-2/,Full Decoration Package – Tier 2,,incabella-images\_site\IMG_4803-510x652@2x.jpg
https://www.incabella.co.uk/product/full-decoration-package-tier-2/,Full Decoration Package – Tier 2,,incabella-images\_site\25AB7D13-7599-412B-B88E-B43BB927A3F8.jpeg
https://www.incabella.co.uk/product/full-decoration-package-tier-2/,Full Decoration Package – Tier 2,,incabella-images\_site\25AB7D13-7599-412B-B88E-B43BB927A3F8.jpeg
https://www.incabella.co.uk/product/full-decoration-package-tier-2/,Full Decoration Package – Tier 2,,incabella-images\_site\IMG_4492.jpg
https://www.incabella.co.uk/product/full-decoration-package-tier-2/,Full Decoration Package – Tier 2,,incabella-images\_site\IMG_4492.jpg
https://www.incabella.co.uk/product/full-decoration-package-tier-2/,Full Decoration Package – Tier 2,,incabella-images\_site\IMG_0545.jpeg
https://www.incabella.co.uk/product/full-decoration-package-tier-2/,Full Decoration Package – Tier 2,,incabella-images\_site\IMG_0545.jpeg
https://www.incabella.co.uk/product/full-decoration-package-tier-2/,Full Decoration Package – Tier 2,,incabella-images\_site\8327bd708a67d45dc7f6637f3e61ffa5.jpg
https://www.incabella.co.uk/product/full-decoration-package-tier-2/,Full Decoration Package – Tier 2,,incabella-images\_site\8327bd708a67d45dc7f6637f3e61ffa5.jpg
https://www.incabella.co.uk/product/full-decoration-package-tier-2/,Full Decoration Package – Tier 2,,incabella-images\_site\880A161C-0A42-4AD4-99AC-5E53B5188CE4.jpeg
https://www.incabella.co.uk/product/full-decoration-package-tier-2/,Full Decoration Package – Tier 2,,incabella-images\_site\880A161C-0A42-4AD4-99AC-5E53B5188CE4.jpeg
https://www.incabella.co.uk/product/full-decoration-package-tier-2/,Full Decoration Package – Tier 2,,incabella-images\_site\6A35E8F8-C756-4D74-A18D-9532A67C0D46.jpeg
https://www.incabella.co.uk/product/full-decoration-package-tier-2/,Full Decoration Package – Tier 2,,incabella-images\_site\6A35E8F8-C756-4D74-A18D-9532A67C0D46.jpeg
https://www.incabella.co.uk/product/full-decoration-package-tier-2/,Full Decoration Package – Tier 2,,incabella-images\_site\5d6ad4c0-13bc-479b-8b50-cfe64523502e.jpeg
https://www.incabella.co.uk/product/full-decoration-package-tier-2/,Full Decoration Package – Tier 2,,incabella-images\_site\5d6ad4c0-13bc-479b-8b50-cfe64523502e.jpeg
https://www.incabella.co.uk/product/full-decoration-package-tier-2/,Full Decoration Package – Tier 2,,incabella-images\_site\fullsizeoutput_5ff9.jpeg
https://www.incabella.co.uk/product/full-decoration-package-tier-2/,Full Decoration Package – Tier 2,,incabella-images\_site\fullsizeoutput_5ff9.jpeg
https://www.incabella.co.uk/product/full-decoration-package-tier-2/,Full Decoration Package – Tier 2,,incabella-images\_site\EL-ES-APR-2022-0435.jpg
https://www.incabella.co.uk/product/full-decoration-package-tier-2/,Full Decoration Package – Tier 2,,incabella-images\_site\EL-ES-APR-2022-0435.jpg
https://www.incabella.co.uk/product/full-decoration-package-tier-2/,Full Decoration Package – Tier 2,,incabella-images\_site\IMG_0520.jpeg
https://www.incabella.co.uk/product/full-decoration-package-tier-2/,Full Decoration Package – Tier 2,,incabella-images\_site\IMG_0520.jpeg
https://www.incabella.co.uk/product/full-decoration-package-tier-2/,Full Decoration Package – Tier 2,,incabella-images\_site\IMG_0442.jpg
https://www.incabella.co.uk/product/full-decoration-package-tier-2/,Full Decoration Package – Tier 2,,incabella-images\_site\IMG_0442.jpg
https://www.incabella.co.uk/product/full-decoration-package-tier-2/,Full Decoration Package – Tier 2,,incabella-images\_site\IMG_0454.jpg
https://www.incabella.co.uk/product/full-decoration-package-tier-2/,Full Decoration Package – Tier 2,,incabella-images\_site\IMG_0454.jpg
https://www.incabella.co.uk/product/full-decoration-package-tier-2/,Full Decoration Package – Tier 2,,incabella-images\_site\IMG_1970.jpg
https://www.incabella.co.uk/product/full-decoration-package-tier-2/,Full Decoration Package – Tier 2,,incabella-images\_site\IMG_1970-510x652@2x.jpg
https://www.incabella.co.uk/product/full-decoration-package-tier-2/,Full Decoration Package – Tier 2,,incabella-images\_site\Image-3.jpg
https://www.incabella.co.uk/product/full-decoration-package-tier-2/,Full Decoration Package – Tier 2,,incabella-images\_site\Image-3-510x652@2x.jpg
https://www.incabella.co.uk/product/full-decoration-package-tier-2/,Full Decoration Package – Tier 2,,incabella-images\_site\IMG_1673.jpg
https://www.incabella.co.uk/product/full-decoration-package-tier-2/,Full Decoration Package – Tier 2,,incabella-images\_site\IMG_1673-510x652@2x.jpg
https://www.incabella.co.uk/product/full-decoration-package-tier-2/,Full Decoration Package – Tier 2,,incabella-images\_site\4600494.jpg
https://www.incabella.co.uk/product/full-decoration-package-tier-2/,Full Decoration Package – Tier 2,,incabella-images\_site\4600494-114x145@2x.jpg
https://www.incabella.co.uk/product/full-decoration-package-tier-2/,Full Decoration Package – Tier 2,,incabella-images\_site\IMG_7953.jpeg
https://www.incabella.co.uk/product/full-decoration-package-tier-2/,Full Decoration Package – Tier 2,,incabella-images\_site\IMG_7953.jpeg
https://www.incabella.co.uk/product/full-decoration-package-tier-2/,Full Decoration Package – Tier 2,,incabella-images\_site\873F2BAE-D7E1-4031-9F1F-6913BD571894.jpeg
https://www.incabella.co.uk/product/full-decoration-package-tier-2/,Full Decoration Package – Tier 2,,incabella-images\_site\873F2BAE-D7E1-4031-9F1F-6913BD571894.jpeg
https://www.incabella.co.uk/product/full-decoration-package-tier-2/,Full Decoration Package – Tier 2,,incabella-images\_site\29329CBA-9791-4C5A-9FA8-1596D8E787E6.jpeg
https://www.incabella.co.uk/product/full-decoration-package-tier-2/,Full Decoration Package – Tier 2,,incabella-images\_site\29329CBA-9791-4C5A-9FA8-1596D8E787E6.jpeg
https://www.incabella.co.uk/product/full-decoration-package-tier-2/,Full Decoration Package – Tier 2,,incabella-images\_site\A7EF519C-3D41-4840-81D8-93E282E1606F.jpeg
https://www.incabella.co.uk/product/full-decoration-package-tier-2/,Full Decoration Package – Tier 2,,incabella-images\_site\A7EF519C-3D41-4840-81D8-93E282E1606F.jpeg
https://www.incabella.co.uk/product/full-decoration-package-tier-2/,Full Decoration Package – Tier 2,,incabella-images\_site\IMG_1684.jpeg
https://www.incabella.co.uk/product/full-decoration-package-tier-2/,Full Decoration Package – Tier 2,,incabella-images\_site\IMG_1684.jpeg
https://www.incabella.co.uk/product/full-decoration-package-tier-2/,Full Decoration Package – Tier 2,,incabella-images\_site\621943C4-766A-4041-A514-A62C4C49CE51-1.jpeg
https://www.incabella.co.uk/product/full-decoration-package-tier-2/,Full Decoration Package – Tier 2,,incabella-images\_site\621943C4-766A-4041-A514-A62C4C49CE51-1.jpeg
https://www.incabella.co.uk/product/full-decoration-package-tier-2/,Full Decoration Package – Tier 2,,incabella-images\_site\IncaBella_logo_02.png
https://www.incabella.co.uk/product/ceiling-fairy-lights-ceremony-room/,Ceiling Fairy lights – Ceremony Room,,incabella-images\_site\IncaBella_logo_02.png
https://www.incabella.co.uk/product/ceiling-fairy-lights-ceremony-room/,Ceiling Fairy lights – Ceremony Room,,incabella-images\product_ceiling-fairy-lights-ceremony-room\IMG_3706-scaled.jpeg
https://www.incabella.co.uk/product/ceiling-fairy-lights-ceremony-room/,Ceiling Fairy lights – Ceremony Room,,incabella-images\_site\IMG_3706.jpeg
https://www.incabella.co.uk/product/ceiling-fairy-lights-ceremony-room/,Ceiling Fairy lights – Ceremony Room,,incabella-images\_site\IMG_3706.jpeg
https://www.incabella.co.uk/product/ceiling-fairy-lights-ceremony-room/,Ceiling Fairy lights – Ceremony Room,,incabella-images\_site\d6d39674-1f5e-4f28-bd68-087445415a70-2.jpg
https://www.incabella.co.uk/product/ceiling-fairy-lights-ceremony-room/,Ceiling Fairy lights – Ceremony Room,,incabella-images\_site\d6d39674-1f5e-4f28-bd68-087445415a70-2.jpg
https://www.incabella.co.uk/product/ceiling-fairy-lights-ceremony-room/,Ceiling Fairy lights – Ceremony Room,,incabella-images\_site\d6d39674-1f5e-4f28-bd68-087445415a70-2.jpg
https://www.incabella.co.uk/product/ceiling-fairy-lights-ceremony-room/,Ceiling Fairy lights – Ceremony Room,,incabella-images\_site\IMG_3706.jpeg
https://www.incabella.co.uk/product/ceiling-fairy-lights-ceremony-room/,Ceiling Fairy lights – Ceremony Room,,incabella-images\_site\IMG_3706.jpeg
https://www.incabella.co.uk/product/ceiling-fairy-lights-ceremony-room/,Ceiling Fairy lights – Ceremony Room,,incabella-images\_site\d6d39674-1f5e-4f28-bd68-087445415a70-2.jpg
https://www.incabella.co.uk/product/ceiling-fairy-lights-ceremony-room/,Ceiling Fairy lights – Ceremony Room,,incabella-images\_site\d6d39674-1f5e-4f28-bd68-087445415a70-2.jpg
https://www.incabella.co.uk/product/ceiling-fairy-lights-ceremony-room/,Ceiling Fairy lights – Ceremony Room,,incabella-images\_site\IMG_3706.jpeg
https://www.incabella.co.uk/product/ceiling-fairy-lights-ceremony-room/,Ceiling Fairy lights – Ceremony Room,,incabella-images\_site\IMG_3706.jpeg
https://www.incabella.co.uk/product/ceiling-fairy-lights-ceremony-room/,Ceiling Fairy lights – Ceremony Room,,incabella-images\_site\IMG_7450.jpeg
https://www.incabella.co.uk/product/ceiling-fairy-lights-ceremony-room/,Ceiling Fairy lights – Ceremony Room,,incabella-images\_site\IMG_7450.jpeg
https://www.incabella.co.uk/product/ceiling-fairy-lights-ceremony-room/,Ceiling Fairy lights – Ceremony Room,,incabella-images\_site\IMG_1085.jpg
https://www.incabella.co.uk/product/ceiling-fairy-lights-ceremony-room/,Ceiling Fairy lights – Ceremony Room,,incabella-images\_site\IMG_1085-510x652@2x.jpg
https://www.incabella.co.uk/product/ceiling-fairy-lights-ceremony-room/,Ceiling Fairy lights – Ceremony Room,,incabella-images\_site\IMG_0545.jpeg
https://www.incabella.co.uk/product/ceiling-fairy-lights-ceremony-room/,Ceiling Fairy lights – Ceremony Room,,incabella-images\_site\IMG_0545.jpeg
https://www.incabella.co.uk/product/ceiling-fairy-lights-ceremony-room/,Ceiling Fairy lights – Ceremony Room,,incabella-images\_site\8327bd708a67d45dc7f6637f3e61ffa5.jpg
https://www.incabella.co.uk/product/ceiling-fairy-lights-ceremony-room/,Ceiling Fairy lights – Ceremony Room,,incabella-images\_site\8327bd708a67d45dc7f6637f3e61ffa5.jpg
https://www.incabella.co.uk/product/ceiling-fairy-lights-ceremony-room/,Ceiling Fairy lights – Ceremony Room,,incabella-images\_site\EL-ES-APR-2022-0435.jpg
https://www.incabella.co.uk/product/ceiling-fairy-lights-ceremony-room/,Ceiling Fairy lights – Ceremony Room,,incabella-images\_site\EL-ES-APR-2022-0435.jpg
https://www.incabella.co.uk/product/ceiling-fairy-lights-ceremony-room/,Ceiling Fairy lights – Ceremony Room,,incabella-images\_site\IMG_0520.jpeg
https://www.incabella.co.uk/product/ceiling-fairy-lights-ceremony-room/,Ceiling Fairy lights – Ceremony Room,,incabella-images\_site\IMG_0520.jpeg
https://www.incabella.co.uk/product/ceiling-fairy-lights-ceremony-room/,Ceiling Fairy lights – Ceremony Room,,incabella-images\_site\EL-ES-APR-2022-0358.jpeg
https://www.incabella.co.uk/product/ceiling-fairy-lights-ceremony-room/,Ceiling Fairy lights – Ceremony Room,,incabella-images\_site\EL-ES-APR-2022-0358.jpeg
https://www.incabella.co.uk/product/ceiling-fairy-lights-ceremony-room/,Ceiling Fairy lights – Ceremony Room,,incabella-images\_site\31814EA0-7BDD-4917-9473-9F2F44BA7DBD.jpeg
https://www.incabella.co.uk/product/ceiling-fairy-lights-ceremony-room/,Ceiling Fairy lights – Ceremony Room,,incabella-images\_site\31814EA0-7BDD-4917-9473-9F2F44BA7DBD.jpeg
https://www.incabella.co.uk/product/ceiling-fairy-lights-ceremony-room/,Ceiling Fairy lights – Ceremony Room,,incabella-images\_site\IMG_1158.jpg
https://www.incabella.co.uk/product/ceiling-fairy-lights-ceremony-room/,Ceiling Fairy lights – Ceremony Room,,incabella-images\_site\IMG_1158-190x243@2x.jpg
https://www.incabella.co.uk/product/ceiling-fairy-lights-ceremony-room/,Ceiling Fairy lights – Ceremony Room,,incabella-images\_site\IMG_3519.jpg
https://www.incabella.co.uk/product/ceiling-fairy-lights-ceremony-room/,Ceiling Fairy lights – Ceremony Room,,incabella-images\_site\IMG_3519-510x652@2x.jpg
https://www.incabella.co.uk/product/ceiling-fairy-lights-ceremony-room/,Ceiling Fairy lights – Ceremony Room,,incabella-images\_site\IMG_1970.jpg
https://www.incabella.co.uk/product/ceiling-fairy-lights-ceremony-room/,Ceiling Fairy lights – Ceremony Room,,incabella-images\_site\IMG_1970-510x652@2x.jpg
https://www.incabella.co.uk/product/ceiling-fairy-lights-ceremony-room/,Ceiling Fairy lights – Ceremony Room,,incabella-images\_site\Image-3.jpg
https://www.incabella.co.uk/product/ceiling-fairy-lights-ceremony-room/,Ceiling Fairy lights – Ceremony Room,,incabella-images\_site\Image-3-510x652@2x.jpg
https://www.incabella.co.uk/product/ceiling-fairy-lights-ceremony-room/,Ceiling Fairy lights – Ceremony Room,,incabella-images\_site\DSC_2443-600x398_c.jpg
https://www.incabella.co.uk/product/ceiling-fairy-lights-ceremony-room/,Ceiling Fairy lights – Ceremony Room,,incabella-images\_site\DSC_2443-600x398_c-114x145@2x.jpg
https://www.incabella.co.uk/product/ceiling-fairy-lights-ceremony-room/,Ceiling Fairy lights – Ceremony Room,,incabella-images\_site\IMG_1713.jpg
https://www.incabella.co.uk/product/ceiling-fairy-lights-ceremony-room/,Ceiling Fairy lights – Ceremony Room,,incabella-images\_site\IMG_1713-510x652@2x.jpg
https://www.incabella.co.uk/product/ceiling-fairy-lights-ceremony-room/,Ceiling Fairy lights – Ceremony Room,,incabella-images\_site\IMG_6028.jpeg
https://www.incabella.co.uk/product/ceiling-fairy-lights-ceremony-room/,Ceiling Fairy lights – Ceremony Room,,incabella-images\_site\IMG_6028.jpeg
https://www.incabella.co.uk/product/ceiling-fairy-lights-ceremony-room/,Ceiling Fairy lights – Ceremony Room,,incabella-images\_site\IMG_7714.jpeg
https://www.incabella.co.uk/product/ceiling-fairy-lights-ceremony-room/,Ceiling Fairy lights – Ceremony Room,,incabella-images\_site\IMG_7714.jpeg
https://www.incabella.co.uk/product/ceiling-fairy-lights-ceremony-room/,Ceiling Fairy lights – Ceremony Room,,incabella-images\_site\2B86C02D-B992-47FD-8154-292F2FE7C354.jpeg
https://www.incabella.co.uk/product/ceiling-fairy-lights-ceremony-room/,Ceiling Fairy lights – Ceremony Room,,incabella-images\_site\2B86C02D-B992-47FD-8154-292F2FE7C354.jpeg
https://www.incabella.co.uk/product/ceiling-fairy-lights-ceremony-room/,Ceiling Fairy lights – Ceremony Room,,incabella-images\_site\2B86C02D-B992-47FD-8154-292F2FE7C354.jpeg
https://www.incabella.co.uk/product/ceiling-fairy-lights-ceremony-room/,Ceiling Fairy lights – Ceremony Room,,incabella-images\_site\2B86C02D-B992-47FD-8154-292F2FE7C354.jpeg
https://www.incabella.co.uk/product/ceiling-fairy-lights-ceremony-room/,Ceiling Fairy lights – Ceremony Room,,incabella-images\_site\IMG_4084.jpeg
https://www.incabella.co.uk/product/ceiling-fairy-lights-ceremony-room/,Ceiling Fairy lights – Ceremony Room,,incabella-images\_site\IMG_4084.jpeg
https://www.incabella.co.uk/product/ceiling-fairy-lights-ceremony-room/,Ceiling Fairy lights – Ceremony Room,,incabella-images\_site\IMG_3684.jpeg
https://www.incabella.co.uk/product/ceiling-fairy-lights-ceremony-room/,Ceiling Fairy lights – Ceremony Room,,incabella-images\_site\IMG_3684.jpeg
https://www.incabella.co.uk/product/ceiling-fairy-lights-ceremony-room/,Ceiling Fairy lights – Ceremony Room,,incabella-images\_site\IMG_4163.jpg
https://www.incabella.co.uk/product/ceiling-fairy-lights-ceremony-room/,Ceiling Fairy lights – Ceremony Room,,incabella-images\_site\IMG_4163.jpg
https://www.incabella.co.uk/product/ceiling-fairy-lights-ceremony-room/,Ceiling Fairy lights – Ceremony Room,,incabella-images\_site\IMG_4162-e1517836473472.jpg
https://www.incabella.co.uk/product/ceiling-fairy-lights-ceremony-room/,Ceiling Fairy lights – Ceremony Room,,incabella-images\_site\IMG_4162-e1517836473472.jpg
https://www.incabella.co.uk/product/ceiling-fairy-lights-ceremony-room/,Ceiling Fairy lights – Ceremony Room,,incabella-images\_site\IMG_3039.jpg
https://www.incabella.co.uk/product/ceiling-fairy-lights-ceremony-room/,Ceiling Fairy lights – Ceremony Room,,incabella-images\_site\IMG_3039-114x145@2x.jpg
https://www.incabella.co.uk/product/ceiling-fairy-lights-ceremony-room/,Ceiling Fairy lights – Ceremony Room,,incabella-images\_site\IMG_3043.jpg
https://www.incabella.co.uk/product/ceiling-fairy-lights-ceremony-room/,Ceiling Fairy lights – Ceremony Room,,incabella-images\_site\IMG_3043-190x243@2x.jpg
https://www.incabella.co.uk/product/ceiling-fairy-lights-ceremony-room/,Ceiling Fairy lights – Ceremony Room,,incabella-images\_site\IncaBella_logo_02.png
https://www.incabella.co.uk/flowers/,Floristry - Incabella Wedding Hire,,incabella-images\_site\IncaBella_logo_02.png
https://www.incabella.co.uk/flowers/,Floristry - Incabella Wedding Hire,,incabella-images\_site\IncaBella_logo_02.png
https://www.incabella.co.uk/product/full-set-of-all-8-garden-games/,Full set of all 8 Garden Games,,incabella-images\_site\IncaBella_logo_02.png
https://www.incabella.co.uk/product/full-set-of-all-8-garden-games/,Full set of all 8 Garden Games,,incabella-images\_site\IB-sets-of-games-images.jpg
https://www.incabella.co.uk/product/full-set-of-all-8-garden-games/,Full set of all 8 Garden Games,,incabella-images\_site\IB-sets-of-games-images.jpg
https://www.incabella.co.uk/product/full-set-of-all-8-garden-games/,Full set of all 8 Garden Games,,incabella-images\_site\IB-sets-of-games-images.jpg
https://www.incabella.co.uk/product/full-set-of-all-8-garden-games/,Full set of all 8 Garden Games,,incabella-images\_site\giant-outdoor-chess.jpg
https://www.incabella.co.uk/product/full-set-of-all-8-garden-games/,Full set of all 8 Garden Games,,incabella-images\_site\giant-outdoor-chess.jpg
https://www.incabella.co.uk/product/full-set-of-all-8-garden-games/,Full set of all 8 Garden Games,,incabella-images\_site\giant-outdoor-chess.jpg
https://www.incabella.co.uk/product/full-set-of-all-8-garden-games/,Full set of all 8 Garden Games,,incabella-images\product_set-of-4-garden-games\giant-outdoor-games.jpg
https://www.incabella.co.uk/product/full-set-of-all-8-garden-games/,Full set of all 8 Garden Games,,incabella-images\product_set-of-4-garden-games\giant-outdoor-games.jpg
https://www.incabella.co.uk/product/full-set-of-all-8-garden-games/,Full set of all 8 Garden Games,,incabella-images\product_set-of-4-garden-games\giant-outdoor-games.jpg
https://www.incabella.co.uk/product/full-set-of-all-8-garden-games/,Full set of all 8 Garden Games,,incabella-images\_site\UG304-P-Tumble-Tower-Pine-7700.png
https://www.incabella.co.uk/product/full-set-of-all-8-garden-games/,Full set of all 8 Garden Games,,incabella-images\_site\UG304-P-Tumble-Tower-Pine-7700.png
https://www.incabella.co.uk/product/full-set-of-all-8-garden-games/,Full set of all 8 Garden Games,,incabella-images\_site\UG304-P-Tumble-Tower-Pine-7700.png
https://www.incabella.co.uk/product/full-set-of-all-8-garden-games/,Full set of all 8 Garden Games,,incabella-images\product_set-of-4-garden-games-not-including-giant-chess\IMG_1590.jpeg
https://www.incabella.co.uk/product/full-set-of-all-8-garden-games/,Full set of all 8 Garden Games,,incabella-images\product_set-of-4-garden-games-not-including-giant-chess\IMG_1590.jpeg
https://www.incabella.co.uk/product/full-set-of-all-8-garden-games/,Full set of all 8 Garden Games,,incabella-images\product_set-of-4-garden-games-not-including-giant-chess\IMG_1590.jpeg
https://www.incabella.co.uk/product/full-set-of-all-8-garden-games/,Full set of all 8 Garden Games,,incabella-images\product_set-of-4-garden-games-not-including-giant-chess\IMG_1595.jpeg
https://www.incabella.co.uk/product/full-set-of-all-8-garden-games/,Full set of all 8 Garden Games,,incabella-images\product_set-of-4-garden-games-not-including-giant-chess\IMG_1595.jpeg
https://www.incabella.co.uk/product/full-set-of-all-8-garden-games/,Full set of all 8 Garden Games,,incabella-images\product_set-of-4-garden-games-not-including-giant-chess\IMG_1595.jpeg
https://www.incabella.co.uk/product/full-set-of-all-8-garden-games/,Full set of all 8 Garden Games,,incabella-images\product_set-of-4-garden-games-not-including-giant-chess\IMG_1607.jpeg
https://www.incabella.co.uk/product/full-set-of-all-8-garden-games/,Full set of all 8 Garden Games,,incabella-images\product_set-of-4-garden-games-not-including-giant-chess\IMG_1607.jpeg
https://www.incabella.co.uk/product/full-set-of-all-8-garden-games/,Full set of all 8 Garden Games,,incabella-images\product_set-of-4-garden-games-not-including-giant-chess\IMG_1607.jpeg
https://www.incabella.co.uk/product/full-set-of-all-8-garden-games/,Full set of all 8 Garden Games,,incabella-images\product_set-of-4-garden-games-not-including-giant-chess\IMG_1609.jpeg
https://www.incabella.co.uk/product/full-set-of-all-8-garden-games/,Full set of all 8 Garden Games,,incabella-images\product_set-of-4-garden-games-not-including-giant-chess\IMG_1609.jpeg
https://www.incabella.co.uk/product/full-set-of-all-8-garden-games/,Full set of all 8 Garden Games,,incabella-images\product_set-of-4-garden-games-not-including-giant-chess\IMG_1609.jpeg
https://www.incabella.co.uk/product/full-set-of-all-8-garden-games/,Full set of all 8 Garden Games,,incabella-images\product_set-of-4-garden-games-not-including-giant-chess\IMG_1627.jpeg
https://www.incabella.co.uk/product/full-set-of-all-8-garden-games/,Full set of all 8 Garden Games,,incabella-images\product_set-of-4-garden-games-not-including-giant-chess\IMG_1627.jpeg
https://www.incabella.co.uk/product/full-set-of-all-8-garden-games/,Full set of all 8 Garden Games,,incabella-images\product_set-of-4-garden-games-not-including-giant-chess\IMG_1627.jpeg
https://www.incabella.co.uk/product/full-set-of-all-8-garden-games/,Full set of all 8 Garden Games,,incabella-images\_site\IB-sets-of-games-images.jpg
https://www.incabella.co.uk/product/full-set-of-all-8-garden-games/,Full set of all 8 Garden Games,,incabella-images\_site\IB-sets-of-games-images.jpg
https://www.incabella.co.uk/product/full-set-of-all-8-garden-games/,Full set of all 8 Garden Games,,incabella-images\_site\giant-outdoor-chess.jpg
https://www.incabella.co.uk/product/full-set-of-all-8-garden-games/,Full set of all 8 Garden Games,,incabella-images\_site\giant-outdoor-chess.jpg
https://www.incabella.co.uk/product/full-set-of-all-8-garden-games/,Full set of all 8 Garden Games,,incabella-images\product_set-of-4-garden-games\giant-outdoor-games.jpg
https://www.incabella.co.uk/product/full-set-of-all-8-garden-games/,Full set of all 8 Garden Games,,incabella-images\product_set-of-4-garden-games\giant-outdoor-games.jpg
https://www.incabella.co.uk/product/full-set-of-all-8-garden-games/,Full set of all 8 Garden Games,,incabella-images\_site\UG304-P-Tumble-Tower-Pine-7700.png
https://www.incabella.co.uk/product/full-set-of-all-8-garden-games/,Full set of all 8 Garden Games,,incabella-images\_site\UG304-P-Tumble-Tower-Pine-7700.png
https://www.incabella.co.uk/product/full-set-of-all-8-garden-games/,Full set of all 8 Garden Games,,incabella-images\product_set-of-4-garden-games-not-including-giant-chess\IMG_1590.jpeg
https://www.incabella.co.uk/product/full-set-of-all-8-garden-games/,Full set of all 8 Garden Games,,incabella-images\product_set-of-4-garden-games-not-including-giant-chess\IMG_1590.jpeg
https://www.incabella.co.uk/product/full-set-of-all-8-garden-games/,Full set of all 8 Garden Games,,incabella-images\product_set-of-4-garden-games-not-including-giant-chess\IMG_1595.jpeg
https://www.incabella.co.uk/product/full-set-of-all-8-garden-games/,Full set of all 8 Garden Games,,incabella-images\product_set-of-4-garden-games-not-including-giant-chess\IMG_1595.jpeg
https://www.incabella.co.uk/product/full-set-of-all-8-garden-games/,Full set of all 8 Garden Games,,incabella-images\product_set-of-4-garden-games-not-including-giant-chess\IMG_1607.jpeg
https://www.incabella.co.uk/product/full-set-of-all-8-garden-games/,Full set of all 8 Garden Games,,incabella-images\product_set-of-4-garden-games-not-including-giant-chess\IMG_1607.jpeg
https://www.incabella.co.uk/product/full-set-of-all-8-garden-games/,Full set of all 8 Garden Games,,incabella-images\product_set-of-4-garden-games-not-including-giant-chess\IMG_1609.jpeg
https://www.incabella.co.uk/product/full-set-of-all-8-garden-games/,Full set of all 8 Garden Games,,incabella-images\product_set-of-4-garden-games-not-including-giant-chess\IMG_1609.jpeg
https://www.incabella.co.uk/product/full-set-of-all-8-garden-games/,Full set of all 8 Garden Games,,incabella-images\product_set-of-4-garden-games-not-including-giant-chess\IMG_1627.jpeg
https://www.incabella.co.uk/product/full-set-of-all-8-garden-games/,Full set of all 8 Garden Games,,incabella-images\product_set-of-4-garden-games-not-including-giant-chess\IMG_1627.jpeg
https://www.incabella.co.uk/product/full-set-of-all-8-garden-games/,Full set of all 8 Garden Games,,incabella-images\_site\IB-sets-of-games-images-no-chess.jpg
https://www.incabella.co.uk/product/full-set-of-all-8-garden-games/,Full set of all 8 Garden Games,,incabella-images\_site\IB-sets-of-games-images-no-chess.jpg
https://www.incabella.co.uk/product/full-set-of-all-8-garden-games/,Full set of all 8 Garden Games,,incabella-images\_site\UG304-P-Tumble-Tower-Pine-7700.png
https://www.incabella.co.uk/product/full-set-of-all-8-garden-games/,Full set of all 8 Garden Games,,incabella-images\_site\UG304-P-Tumble-Tower-Pine-7700.png
https://www.incabella.co.uk/product/full-set-of-all-8-garden-games/,Full set of all 8 Garden Games,,incabella-images\_site\IB-sets-of-games-images.jpg
https://www.incabella.co.uk/product/full-set-of-all-8-garden-games/,Full set of all 8 Garden Games,,incabella-images\_site\IB-sets-of-games-images.jpg
https://www.incabella.co.uk/product/full-set-of-all-8-garden-games/,Full set of all 8 Garden Games,,incabella-images\_site\giant-outdoor-chess.jpg
https://www.incabella.co.uk/product/full-set-of-all-8-garden-games/,Full set of all 8 Garden Games,,incabella-images\_site\giant-outdoor-chess.jpg
https://www.incabella.co.uk/product/full-set-of-all-8-garden-games/,Full set of all 8 Garden Games,,incabella-images\_site\IB-sets-of-games-images.jpg
https://www.incabella.co.uk/product/full-set-of-all-8-garden-games/,Full set of all 8 Garden Games,,incabella-images\_site\IB-sets-of-games-images.jpg
https://www.incabella.co.uk/product/full-set-of-all-8-garden-games/,Full set of all 8 Garden Games,,incabella-images\_site\giant-outdoor-chess.jpg
https://www.incabella.co.uk/product/full-set-of-all-8-garden-games/,Full set of all 8 Garden Games,,incabella-images\_site\giant-outdoor-chess.jpg
https://www.incabella.co.uk/product/full-set-of-all-8-garden-games/,Full set of all 8 Garden Games,,incabella-images\_site\IMG_9834.jpeg
https://www.incabella.co.uk/product/full-set-of-all-8-garden-games/,Full set of all 8 Garden Games,,incabella-images\_site\IMG_9834.jpeg
https://www.incabella.co.uk/product/full-set-of-all-8-garden-games/,Full set of all 8 Garden Games,,incabella-images\_site\IMG_9836.jpeg
https://www.incabella.co.uk/product/full-set-of-all-8-garden-games/,Full set of all 8 Garden Games,,incabella-images\_site\IMG_9836.jpeg
https://www.incabella.co.uk/product/full-set-of-all-8-garden-games/,Full set of all 8 Garden Games,,incabella-images\_site\IB-sets-of-games-images-no-chess.jpg
https://www.incabella.co.uk/product/full-set-of-all-8-garden-games/,Full set of all 8 Garden Games,,incabella-images\_site\IB-sets-of-games-images-no-chess.jpg
https://www.incabella.co.uk/product/full-set-of-all-8-garden-games/,Full set of all 8 Garden Games,,incabella-images\_site\UG304-P-Tumble-Tower-Pine-7700.png
https://www.incabella.co.uk/product/full-set-of-all-8-garden-games/,Full set of all 8 Garden Games,,incabella-images\_site\UG304-P-Tumble-Tower-Pine-7700.png
https://www.incabella.co.uk/product/full-set-of-all-8-garden-games/,Full set of all 8 Garden Games,,incabella-images\_site\IncaBella_logo_02.png
https://www.incabella.co.uk/product/passu-hanging-tea-light/,Passu Hanging Tea Light,,incabella-images\_site\IncaBella_logo_02.png
https://www.incabella.co.uk/product/passu-hanging-tea-light/,Passu Hanging Tea Light,,incabella-images\_site\IMG_3512.jpg
https://www.incabella.co.uk/product/passu-hanging-tea-light/,Passu Hanging Tea Light,,incabella-images\_site\IMG_3512.jpg
https://www.incabella.co.uk/product/passu-hanging-tea-light/,Passu Hanging Tea Light,,incabella-images\_site\IMG_3512-510x652@2x.jpg
https://www.incabella.co.uk/product/passu-hanging-tea-light/,Passu Hanging Tea Light,,incabella-images\_site\IMG_2614.jpg
https://www.incabella.co.uk/product/passu-hanging-tea-light/,Passu Hanging Tea Light,,incabella-images\_site\IMG_2614.jpg
https://www.incabella.co.uk/product/passu-hanging-tea-light/,Passu Hanging Tea Light,,incabella-images\_site\IMG_2614-510x652@2x.jpg
https://www.incabella.co.uk/product/passu-hanging-tea-light/,Passu Hanging Tea Light,,incabella-images\product_passu-hanging-tea-light\IMG_2626.jpg
https://www.incabella.co.uk/product/passu-hanging-tea-light/,Passu Hanging Tea Light,,incabella-images\product_passu-hanging-tea-light\IMG_2626.jpg
https://www.incabella.co.uk/product/passu-hanging-tea-light/,Passu Hanging Tea Light,,incabella-images\product_passu-hanging-tea-light\IMG_2626-510x652@2x.jpg
https://www.incabella.co.uk/product/passu-hanging-tea-light/,Passu Hanging Tea Light,,incabella-images\product_passu-hanging-tea-light\IMG_2631.jpg
https://www.incabella.co.uk/product/passu-hanging-tea-light/,Passu Hanging Tea Light,,incabella-images\product_passu-hanging-tea-light\IMG_2631.jpg
https://www.incabella.co.uk/product/passu-hanging-tea-light/,Passu Hanging Tea Light,,incabella-images\product_passu-hanging-tea-light\IMG_2631-510x652@2x.jpg
https://www.incabella.co.uk/product/passu-hanging-tea-light/,Passu Hanging Tea Light,,incabella-images\product_passu-hanging-tea-light\IMG_3504.jpg
https://www.incabella.co.uk/product/passu-hanging-tea-light/,Passu Hanging Tea Light,,incabella-images\product_passu-hanging-tea-light\IMG_3504.jpg
https://www.incabella.co.uk/product/passu-hanging-tea-light/,Passu Hanging Tea Light,,incabella-images\product_passu-hanging-tea-light\IMG_3504-510x652@2x.jpg
https://www.incabella.co.uk/product/passu-hanging-tea-light/,Passu Hanging Tea Light,,incabella-images\product_passu-hanging-tea-light\IMG_3505.jpg
https://www.incabella.co.uk/product/passu-hanging-tea-light/,Passu Hanging Tea Light,,incabella-images\product_passu-hanging-tea-light\IMG_3505.jpg
https://www.incabella.co.uk/product/passu-hanging-tea-light/,Passu Hanging Tea Light,,incabella-images\product_passu-hanging-tea-light\IMG_3505-510x652@2x.jpg
https://www.incabella.co.uk/product/passu-hanging-tea-light/,Passu Hanging Tea Light,,incabella-images\product_passu-hanging-tea-light\IMG_3510.jpg
https://www.incabella.co.uk/product/passu-hanging-tea-light/,Passu Hanging Tea Light,,incabella-images\product_passu-hanging-tea-light\IMG_3510.jpg
https://www.incabella.co.uk/product/passu-hanging-tea-light/,Passu Hanging Tea Light,,incabella-images\product_passu-hanging-tea-light\IMG_3510-510x652@2x.jpg
https://www.incabella.co.uk/product/passu-hanging-tea-light/,Passu Hanging Tea Light,,incabella-images\_site\IMG_3512.jpg
https://www.incabella.co.uk/product/passu-hanging-tea-light/,Passu Hanging Tea Light,,incabella-images\_site\IMG_3512-510x652@2x.jpg
https://www.incabella.co.uk/product/passu-hanging-tea-light/,Passu Hanging Tea Light,,incabella-images\_site\IMG_2614.jpg
https://www.incabella.co.uk/product/passu-hanging-tea-light/,Passu Hanging Tea Light,,incabella-images\_site\IMG_2614-510x652@2x.jpg
https://www.incabella.co.uk/product/passu-hanging-tea-light/,Passu Hanging Tea Light,,incabella-images\product_passu-hanging-tea-light\IMG_2626.jpg
https://www.incabella.co.uk/product/passu-hanging-tea-light/,Passu Hanging Tea Light,,incabella-images\product_passu-hanging-tea-light\IMG_2626-510x652@2x.jpg
https://www.incabella.co.uk/product/passu-hanging-tea-light/,Passu Hanging Tea Light,,incabella-images\product_passu-hanging-tea-light\IMG_2631.jpg
https://www.incabella.co.uk/product/passu-hanging-tea-light/,Passu Hanging Tea Light,,incabella-images\product_passu-hanging-tea-light\IMG_2631-510x652@2x.jpg
https://www.incabella.co.uk/product/passu-hanging-tea-light/,Passu Hanging Tea Light,,incabella-images\product_passu-hanging-tea-light\IMG_3504.jpg
https://www.incabella.co.uk/product/passu-hanging-tea-light/,Passu Hanging Tea Light,,incabella-images\product_passu-hanging-tea-light\IMG_3504-510x652@2x.jpg
https://www.incabella.co.uk/product/passu-hanging-tea-light/,Passu Hanging Tea Light,,incabella-images\product_passu-hanging-tea-light\IMG_3505.jpg
https://www.incabella.co.uk/product/passu-hanging-tea-light/,Passu Hanging Tea Light,,incabella-images\product_passu-hanging-tea-light\IMG_3505-510x652@2x.jpg
https://www.incabella.co.uk/product/passu-hanging-tea-light/,Passu Hanging Tea Light,,incabella-images\product_passu-hanging-tea-light\IMG_3510.jpg
https://www.incabella.co.uk/product/passu-hanging-tea-light/,Passu Hanging Tea Light,,incabella-images\product_passu-hanging-tea-light\IMG_3510-510x652@2x.jpg
https://www.incabella.co.uk/product/passu-hanging-tea-light/,Passu Hanging Tea Light,,incabella-images\_site\Sparkling-Silver-T-Light-20000102-A_20765.jpeg
https://www.incabella.co.uk/product/passu-hanging-tea-light/,Passu Hanging Tea Light,,incabella-images\_site\Sparkling-Silver-T-Light-20000102-A_20765.jpeg
https://www.incabella.co.uk/product/passu-hanging-tea-light/,Passu Hanging Tea Light,,incabella-images\_site\Sparkling-Silver-T-Light-Holder-IMG_4275.jpeg
https://www.incabella.co.uk/product/passu-hanging-tea-light/,Passu Hanging Tea Light,,incabella-images\_site\Sparkling-Silver-T-Light-Holder-IMG_4275.jpeg
https://www.incabella.co.uk/product/passu-hanging-tea-light/,Passu Hanging Tea Light,,incabella-images\_site\IMG_1709.jpg
https://www.incabella.co.uk/product/passu-hanging-tea-light/,Passu Hanging Tea Light,,incabella-images\_site\IMG_1709-510x652@2x.jpg
https://www.incabella.co.uk/product/passu-hanging-tea-light/,Passu Hanging Tea Light,,incabella-images\_site\tlt-hld-wbells-h80mm-clr-gls.jpeg
https://www.incabella.co.uk/product/passu-hanging-tea-light/,Passu Hanging Tea Light,,incabella-images\_site\tlt-hld-wbells-h80mm-clr-gls.jpeg
https://www.incabella.co.uk/product/passu-hanging-tea-light/,Passu Hanging Tea Light,,incabella-images\_site\Sparkling-Silver-T-Light-20000102-A_20765.jpeg
https://www.incabella.co.uk/product/passu-hanging-tea-light/,Passu Hanging Tea Light,,incabella-images\_site\Sparkling-Silver-T-Light-20000102-A_20765.jpeg
https://www.incabella.co.uk/product/passu-hanging-tea-light/,Passu Hanging Tea Light,,incabella-images\_site\Sparkling-Silver-T-Light-Holder-IMG_4275.jpeg
https://www.incabella.co.uk/product/passu-hanging-tea-light/,Passu Hanging Tea Light,,incabella-images\_site\Sparkling-Silver-T-Light-Holder-IMG_4275.jpeg
https://www.incabella.co.uk/product/passu-hanging-tea-light/,Passu Hanging Tea Light,,incabella-images\_site\IMG_E1342.jpg
https://www.incabella.co.uk/product/passu-hanging-tea-light/,Passu Hanging Tea Light,,incabella-images\_site\IMG_E1342.jpg
https://www.incabella.co.uk/product/passu-hanging-tea-light/,Passu Hanging Tea Light,,incabella-images\_site\clear-glass-hurricane-lantern.jpeg
https://www.incabella.co.uk/product/passu-hanging-tea-light/,Passu Hanging Tea Light,,incabella-images\_site\clear-glass-hurricane-lantern.jpeg
https://www.incabella.co.uk/product/passu-hanging-tea-light/,Passu Hanging Tea Light,,incabella-images\_site\sana-storm-lantern.jpg
https://www.incabella.co.uk/product/passu-hanging-tea-light/,Passu Hanging Tea Light,,incabella-images\_site\sana-storm-lantern.jpg
https://www.incabella.co.uk/product/passu-hanging-tea-light/,Passu Hanging Tea Light,,incabella-images\_site\A-FS-S-FS-A-SANA-STORM-LANTERN-SQ-7.jpeg
https://www.incabella.co.uk/product/passu-hanging-tea-light/,Passu Hanging Tea Light,,incabella-images\_site\A-FS-S-FS-A-SANA-STORM-LANTERN-SQ-7.jpeg
https://www.incabella.co.uk/product/passu-hanging-tea-light/,Passu Hanging Tea Light,,incabella-images\_site\IMG_0946.jpeg
https://www.incabella.co.uk/product/passu-hanging-tea-light/,Passu Hanging Tea Light,,incabella-images\_site\IMG_0946.jpeg
https://www.incabella.co.uk/product/passu-hanging-tea-light/,Passu Hanging Tea Light,,incabella-images\_site\lantern-wrope-hndl-h250x180mm-gls-grey.jpeg
https://www.incabella.co.uk/product/passu-hanging-tea-light/,Passu Hanging Tea Light,,incabella-images\_site\lantern-wrope-hndl-h250x180mm-gls-grey.jpeg
https://www.incabella.co.uk/product/passu-hanging-tea-light/,Passu Hanging Tea Light,,incabella-images\_site\image10.jpeg
https://www.incabella.co.uk/product/passu-hanging-tea-light/,Passu Hanging Tea Light,,incabella-images\_site\image10.jpeg
https://www.incabella.co.uk/product/passu-hanging-tea-light/,Passu Hanging Tea Light,,incabella-images\_site\20473090a409721a3a4007908b32130e.jpg
https://www.incabella.co.uk/product/passu-hanging-tea-light/,Passu Hanging Tea Light,,incabella-images\_site\20473090a409721a3a4007908b32130e.jpg
https://www.incabella.co.uk/product/passu-hanging-tea-light/,Passu Hanging Tea Light,,incabella-images\_site\hanging-heart-tea-light-holder.jpeg
https://www.incabella.co.uk/product/passu-hanging-tea-light/,Passu Hanging Tea Light,,incabella-images\_site\hanging-heart-tea-light-holder.jpeg
https://www.incabella.co.uk/product/passu-hanging-tea-light/,Passu Hanging Tea Light,,incabella-images\_site\hanging-heart-tea-light-holder.jpeg
https://www.incabella.co.uk/product/passu-hanging-tea-light/,Passu Hanging Tea Light,,incabella-images\_site\hanging-heart-tea-light-holder.jpeg
https://www.incabella.co.uk/product/passu-hanging-tea-light/,Passu Hanging Tea Light,,incabella-images\_site\IMG_7149.jpeg
https://www.incabella.co.uk/product/passu-hanging-tea-light/,Passu Hanging Tea Light,,incabella-images\_site\IMG_7149.jpeg
https://www.incabella.co.uk/product/passu-hanging-tea-light/,Passu Hanging Tea Light,,incabella-images\_site\E57C0BFC-9306-42C5-8AE4-7F77EFE434AA.jpeg
https://www.incabella.co.uk/product/passu-hanging-tea-light/,Passu Hanging Tea Light,,incabella-images\_site\E57C0BFC-9306-42C5-8AE4-7F77EFE434AA.jpeg
https://www.incabella.co.uk/product/passu-hanging-tea-light/,Passu Hanging Tea Light,,incabella-images\_site\IMG_7145.jpeg
https://www.incabella.co.uk/product/passu-hanging-tea-light/,Passu Hanging Tea Light,,incabella-images\_site\IMG_7145.jpeg
https://www.incabella.co.uk/product/passu-hanging-tea-light/,Passu Hanging Tea Light,,incabella-images\_site\IMG_7533.jpeg
https://www.incabella.co.uk/product/passu-hanging-tea-light/,Passu Hanging Tea Light,,incabella-images\_site\IMG_7533.jpeg
https://www.incabella.co.uk/product/passu-hanging-tea-light/,Passu Hanging Tea Light,,incabella-images\_site\IMG_9587.jpeg
https://www.incabella.co.uk/product/passu-hanging-tea-light/,Passu Hanging Tea Light,,incabella-images\_site\IMG_9587.jpeg
https://www.incabella.co.uk/product/passu-hanging-tea-light/,Passu Hanging Tea Light,,incabella-images\_site\IMG_9583.jpeg
https://www.incabella.co.uk/product/passu-hanging-tea-light/,Passu Hanging Tea Light,,incabella-images\_site\IMG_9583.jpeg
https://www.incabella.co.uk/product/passu-hanging-tea-light/,Passu Hanging Tea Light,,incabella-images\_site\Amy-David-88.jpg
https://www.incabella.co.uk/product/passu-hanging-tea-light/,Passu Hanging Tea Light,,incabella-images\_site\Amy-David-88.jpg
https://www.incabella.co.uk/product/passu-hanging-tea-light/,Passu Hanging Tea Light,,incabella-images\_site\Jayne-Chris-wedding-for-Lucy-0004.jpg
https://www.incabella.co.uk/product/passu-hanging-tea-light/,Passu Hanging Tea Light,,incabella-images\_site\Jayne-Chris-wedding-for-Lucy-0004.jpg
https://www.incabella.co.uk/product/passu-hanging-tea-light/,Passu Hanging Tea Light,,incabella-images\_site\b05315a3-fc65-4b83-b1a7-61741248a692.jpeg
https://www.incabella.co.uk/product/passu-hanging-tea-light/,Passu Hanging Tea Light,,incabella-images\_site\b05315a3-fc65-4b83-b1a7-61741248a692.jpeg
https://www.incabella.co.uk/product/passu-hanging-tea-light/,Passu Hanging Tea Light,,incabella-images\_site\IMG_9709.jpeg
https://www.incabella.co.uk/product/passu-hanging-tea-light/,Passu Hanging Tea Light,,incabella-images\_site\IMG_9709.jpeg
https://www.incabella.co.uk/product/passu-hanging-tea-light/,Passu Hanging Tea Light,,incabella-images\_site\29329CBA-9791-4C5A-9FA8-1596D8E787E6.jpeg
https://www.incabella.co.uk/product/passu-hanging-tea-light/,Passu Hanging Tea Light,,incabella-images\_site\29329CBA-9791-4C5A-9FA8-1596D8E787E6.jpeg
https://www.incabella.co.uk/product/passu-hanging-tea-light/,Passu Hanging Tea Light,,incabella-images\_site\A7EF519C-3D41-4840-81D8-93E282E1606F.jpeg
https://www.incabella.co.uk/product/passu-hanging-tea-light/,Passu Hanging Tea Light,,incabella-images\_site\A7EF519C-3D41-4840-81D8-93E282E1606F.jpeg
https://www.incabella.co.uk/product/passu-hanging-tea-light/,Passu Hanging Tea Light,,incabella-images\_site\8327bd708a67d45dc7f6637f3e61ffa5.jpg
https://www.incabella.co.uk/product/passu-hanging-tea-light/,Passu Hanging Tea Light,,incabella-images\_site\8327bd708a67d45dc7f6637f3e61ffa5.jpg
https://www.incabella.co.uk/product/passu-hanging-tea-light/,Passu Hanging Tea Light,,incabella-images\_site\IMG_7955.jpeg
https://www.incabella.co.uk/product/passu-hanging-tea-light/,Passu Hanging Tea Light,,incabella-images\_site\IMG_7955.jpeg
https://www.incabella.co.uk/product/passu-hanging-tea-light/,Passu Hanging Tea Light,,incabella-images\_site\IMG_1684.jpeg
https://www.incabella.co.uk/product/passu-hanging-tea-light/,Passu Hanging Tea Light,,incabella-images\_site\IMG_1684.jpeg
https://www.incabella.co.uk/product/passu-hanging-tea-light/,Passu Hanging Tea Light,,incabella-images\_site\621943C4-766A-4041-A514-A62C4C49CE51-1.jpeg
https://www.incabella.co.uk/product/passu-hanging-tea-light/,Passu Hanging Tea Light,,incabella-images\_site\621943C4-766A-4041-A514-A62C4C49CE51-1.jpeg
https://www.incabella.co.uk/product/passu-hanging-tea-light/,Passu Hanging Tea Light,,incabella-images\_site\IMG_4217-e1615561069483.jpg
https://www.incabella.co.uk/product/passu-hanging-tea-light/,Passu Hanging Tea Light,,incabella-images\_site\IMG_4217-e1615561069483.jpg
https://www.incabella.co.uk/product/passu-hanging-tea-light/,Passu Hanging Tea Light,,incabella-images\_site\IMG_5159-e1615638036380.jpg
https://www.incabella.co.uk/product/passu-hanging-tea-light/,Passu Hanging Tea Light,,incabella-images\_site\IMG_5159-e1615638036380.jpg
https://www.incabella.co.uk/product/passu-hanging-tea-light/,Passu Hanging Tea Light,,incabella-images\_site\IMG_3468.jpg
https://www.incabella.co.uk/product/passu-hanging-tea-light/,Passu Hanging Tea Light,,incabella-images\_site\IMG_3468-510x652@2x.jpg
https://www.incabella.co.uk/product/passu-hanging-tea-light/,Passu Hanging Tea Light,,incabella-images\_site\IMG_3464.jpg
https://www.incabella.co.uk/product/passu-hanging-tea-light/,Passu Hanging Tea Light,,incabella-images\_site\IMG_3464-510x652@2x.jpg
https://www.incabella.co.uk/product/passu-hanging-tea-light/,Passu Hanging Tea Light,,incabella-images\_site\IMG_7140.jpeg
https://www.incabella.co.uk/product/passu-hanging-tea-light/,Passu Hanging Tea Light,,incabella-images\_site\IMG_7140.jpeg
https://www.incabella.co.uk/product/passu-hanging-tea-light/,Passu Hanging Tea Light,,incabella-images\_site\0ECE9A96-8D21-45B5-99FA-412A2590D4A7.jpeg
https://www.incabella.co.uk/product/passu-hanging-tea-light/,Passu Hanging Tea Light,,incabella-images\_site\0ECE9A96-8D21-45B5-99FA-412A2590D4A7.jpeg
https://www.incabella.co.uk/product/passu-hanging-tea-light/,Passu Hanging Tea Light,,incabella-images\_site\IncaBella_logo_02.png
https://www.incabella.co.uk/product/extralargesilverlantern/,Extra Large Silver Lantern,,incabella-images\_site\IncaBella_logo_02.png
https://www.incabella.co.uk/product/extralargesilverlantern/,Extra Large Silver Lantern,,incabella-images\_site\IMG_3468.jpg
https://www.incabella.co.uk/product/extralargesilverlantern/,Extra Large Silver Lantern,,incabella-images\_site\IMG_3468.jpg
https://www.incabella.co.uk/product/extralargesilverlantern/,Extra Large Silver Lantern,,incabella-images\_site\IMG_3468-510x652@2x.jpg
https://www.incabella.co.uk/product/extralargesilverlantern/,Extra Large Silver Lantern,,incabella-images\_site\IMG_3464.jpg
https://www.incabella.co.uk/product/extralargesilverlantern/,Extra Large Silver Lantern,,incabella-images\_site\IMG_3464.jpg
https://www.incabella.co.uk/product/extralargesilverlantern/,Extra Large Silver Lantern,,incabella-images\_site\IMG_3464-510x652@2x.jpg
https://www.incabella.co.uk/product/extralargesilverlantern/,Extra Large Silver Lantern,,incabella-images\_site\IMG_3468.jpg
https://www.incabella.co.uk/product/extralargesilverlantern/,Extra Large Silver Lantern,,incabella-images\_site\IMG_3468.jpg
https://www.incabella.co.uk/product/extralargesilverlantern/,Extra Large Silver Lantern,,incabella-images\_site\IMG_3468-510x652@2x.jpg
https://www.incabella.co.uk/product/extralargesilverlantern/,Extra Large Silver Lantern,,incabella-images\product_extralargesilverlantern\IMG_3469.jpg
https://www.incabella.co.uk/product/extralargesilverlantern/,Extra Large Silver Lantern,,incabella-images\product_extralargesilverlantern\IMG_3469.jpg
https://www.incabella.co.uk/product/extralargesilverlantern/,Extra Large Silver Lantern,,incabella-images\product_extralargesilverlantern\IMG_3469-510x652@2x.jpg
https://www.incabella.co.uk/product/extralargesilverlantern/,Extra Large Silver Lantern,,incabella-images\product_extralargesilverlantern\SKE045.jpg
https://www.incabella.co.uk/product/extralargesilverlantern/,Extra Large Silver Lantern,,incabella-images\product_extralargesilverlantern\SKE045.jpg
https://www.incabella.co.uk/product/extralargesilverlantern/,Extra Large Silver Lantern,,incabella-images\product_extralargesilverlantern\SKE045.jpg
https://www.incabella.co.uk/product/extralargesilverlantern/,Extra Large Silver Lantern,,incabella-images\_site\IMG_3468.jpg
https://www.incabella.co.uk/product/extralargesilverlantern/,Extra Large Silver Lantern,,incabella-images\_site\IMG_3468-510x652@2x.jpg
https://www.incabella.co.uk/product/extralargesilverlantern/,Extra Large Silver Lantern,,incabella-images\_site\IMG_3464.jpg
https://www.incabella.co.uk/product/extralargesilverlantern/,Extra Large Silver Lantern,,incabella-images\_site\IMG_3464-510x652@2x.jpg
https://www.incabella.co.uk/product/extralargesilverlantern/,Extra Large Silver Lantern,,incabella-images\_site\IMG_3468.jpg
https://www.incabella.co.uk/product/extralargesilverlantern/,Extra Large Silver Lantern,,incabella-images\_site\IMG_3468-510x652@2x.jpg
https://www.incabella.co.uk/product/extralargesilverlantern/,Extra Large Silver Lantern,,incabella-images\product_extralargesilverlantern\IMG_3469.jpg
https://www.incabella.co.uk/product/extralargesilverlantern/,Extra Large Silver Lantern,,incabella-images\product_extralargesilverlantern\IMG_3469-510x652@2x.jpg
https://www.incabella.co.uk/product/extralargesilverlantern/,Extra Large Silver Lantern,,incabella-images\product_extralargesilverlantern\SKE045.jpg
https://www.incabella.co.uk/product/extralargesilverlantern/,Extra Large Silver Lantern,,incabella-images\product_extralargesilverlantern\SKE045-114x145@2x.jpg
https://www.incabella.co.uk/product/extralargesilverlantern/,Extra Large Silver Lantern,,incabella-images\_site\Sparkling-Silver-T-Light-20000102-A_20765.jpeg
https://www.incabella.co.uk/product/extralargesilverlantern/,Extra Large Silver Lantern,,incabella-images\_site\Sparkling-Silver-T-Light-20000102-A_20765.jpeg
https://www.incabella.co.uk/product/extralargesilverlantern/,Extra Large Silver Lantern,,incabella-images\_site\Sparkling-Silver-T-Light-Holder-IMG_4275.jpeg
https://www.incabella.co.uk/product/extralargesilverlantern/,Extra Large Silver Lantern,,incabella-images\_site\Sparkling-Silver-T-Light-Holder-IMG_4275.jpeg
https://www.incabella.co.uk/product/extralargesilverlantern/,Extra Large Silver Lantern,,incabella-images\_site\IMG_E1342.jpg
https://www.incabella.co.uk/product/extralargesilverlantern/,Extra Large Silver Lantern,,incabella-images\_site\IMG_E1342.jpg
https://www.incabella.co.uk/product/extralargesilverlantern/,Extra Large Silver Lantern,,incabella-images\_site\clear-glass-hurricane-lantern.jpeg
https://www.incabella.co.uk/product/extralargesilverlantern/,Extra Large Silver Lantern,,incabella-images\_site\clear-glass-hurricane-lantern.jpeg
https://www.incabella.co.uk/product/extralargesilverlantern/,Extra Large Silver Lantern,,incabella-images\_site\image10.jpeg
https://www.incabella.co.uk/product/extralargesilverlantern/,Extra Large Silver Lantern,,incabella-images\_site\image10.jpeg
https://www.incabella.co.uk/product/extralargesilverlantern/,Extra Large Silver Lantern,,incabella-images\_site\20473090a409721a3a4007908b32130e.jpg
https://www.incabella.co.uk/product/extralargesilverlantern/,Extra Large Silver Lantern,,incabella-images\_site\20473090a409721a3a4007908b32130e.jpg
https://www.incabella.co.uk/product/extralargesilverlantern/,Extra Large Silver Lantern,,incabella-images\_site\Sparkling-Silver-T-Light-20000102-A_20765.jpeg
https://www.incabella.co.uk/product/extralargesilverlantern/,Extra Large Silver Lantern,,incabella-images\_site\Sparkling-Silver-T-Light-20000102-A_20765.jpeg
https://www.incabella.co.uk/product/extralargesilverlantern/,Extra Large Silver Lantern,,incabella-images\_site\Sparkling-Silver-T-Light-Holder-IMG_4275.jpeg
https://www.incabella.co.uk/product/extralargesilverlantern/,Extra Large Silver Lantern,,incabella-images\_site\Sparkling-Silver-T-Light-Holder-IMG_4275.jpeg
https://www.incabella.co.uk/product/extralargesilverlantern/,Extra Large Silver Lantern,,incabella-images\_site\IMG_1709.jpg
https://www.incabella.co.uk/product/extralargesilverlantern/,Extra Large Silver Lantern,,incabella-images\_site\IMG_1709-510x652@2x.jpg
https://www.incabella.co.uk/product/extralargesilverlantern/,Extra Large Silver Lantern,,incabella-images\_site\tlt-hld-wbells-h80mm-clr-gls.jpeg
https://www.incabella.co.uk/product/extralargesilverlantern/,Extra Large Silver Lantern,,incabella-images\_site\tlt-hld-wbells-h80mm-clr-gls.jpeg
https://www.incabella.co.uk/product/extralargesilverlantern/,Extra Large Silver Lantern,,incabella-images\_site\IMG_0946.jpeg
https://www.incabella.co.uk/product/extralargesilverlantern/,Extra Large Silver Lantern,,incabella-images\_site\IMG_0946.jpeg
https://www.incabella.co.uk/product/extralargesilverlantern/,Extra Large Silver Lantern,,incabella-images\_site\lantern-wrope-hndl-h250x180mm-gls-grey.jpeg
https://www.incabella.co.uk/product/extralargesilverlantern/,Extra Large Silver Lantern,,incabella-images\_site\lantern-wrope-hndl-h250x180mm-gls-grey.jpeg
https://www.incabella.co.uk/product/extralargesilverlantern/,Extra Large Silver Lantern,,incabella-images\_site\2B86C02D-B992-47FD-8154-292F2FE7C354.jpeg
https://www.incabella.co.uk/product/extralargesilverlantern/,Extra Large Silver Lantern,,incabella-images\_site\2B86C02D-B992-47FD-8154-292F2FE7C354.jpeg
https://www.incabella.co.uk/product/extralargesilverlantern/,Extra Large Silver Lantern,,incabella-images\_site\2B86C02D-B992-47FD-8154-292F2FE7C354.jpeg
https://www.incabella.co.uk/product/extralargesilverlantern/,Extra Large Silver Lantern,,incabella-images\_site\2B86C02D-B992-47FD-8154-292F2FE7C354.jpeg
https://www.incabella.co.uk/product/extralargesilverlantern/,Extra Large Silver Lantern,,incabella-images\_site\sana-storm-lantern.jpg
https://www.incabella.co.uk/product/extralargesilverlantern/,Extra Large Silver Lantern,,incabella-images\_site\sana-storm-lantern.jpg
https://www.incabella.co.uk/product/extralargesilverlantern/,Extra Large Silver Lantern,,incabella-images\_site\A-FS-S-FS-A-SANA-STORM-LANTERN-SQ-7.jpeg
https://www.incabella.co.uk/product/extralargesilverlantern/,Extra Large Silver Lantern,,incabella-images\_site\A-FS-S-FS-A-SANA-STORM-LANTERN-SQ-7.jpeg
https://www.incabella.co.uk/product/extralargesilverlantern/,Extra Large Silver Lantern,,incabella-images\_site\29329CBA-9791-4C5A-9FA8-1596D8E787E6.jpeg
https://www.incabella.co.uk/product/extralargesilverlantern/,Extra Large Silver Lantern,,incabella-images\_site\29329CBA-9791-4C5A-9FA8-1596D8E787E6.jpeg
https://www.incabella.co.uk/product/extralargesilverlantern/,Extra Large Silver Lantern,,incabella-images\_site\A7EF519C-3D41-4840-81D8-93E282E1606F.jpeg
https://www.incabella.co.uk/product/extralargesilverlantern/,Extra Large Silver Lantern,,incabella-images\_site\A7EF519C-3D41-4840-81D8-93E282E1606F.jpeg
https://www.incabella.co.uk/product/extralargesilverlantern/,Extra Large Silver Lantern,,incabella-images\_site\IMG_1970.jpg
https://www.incabella.co.uk/product/extralargesilverlantern/,Extra Large Silver Lantern,,incabella-images\_site\IMG_1970-510x652@2x.jpg
https://www.incabella.co.uk/product/extralargesilverlantern/,Extra Large Silver Lantern,,incabella-images\_site\Image-3.jpg
https://www.incabella.co.uk/product/extralargesilverlantern/,Extra Large Silver Lantern,,incabella-images\_site\Image-3-510x652@2x.jpg
https://www.incabella.co.uk/product/extralargesilverlantern/,Extra Large Silver Lantern,,incabella-images\_site\IMG_1673.jpg
https://www.incabella.co.uk/product/extralargesilverlantern/,Extra Large Silver Lantern,,incabella-images\_site\IMG_1673-510x652@2x.jpg
https://www.incabella.co.uk/product/extralargesilverlantern/,Extra Large Silver Lantern,,incabella-images\_site\4600494.jpg
https://www.incabella.co.uk/product/extralargesilverlantern/,Extra Large Silver Lantern,,incabella-images\_site\4600494-114x145@2x.jpg
https://www.incabella.co.uk/product/extralargesilverlantern/,Extra Large Silver Lantern,,incabella-images\_site\EL-ES-APR-2022-0358.jpeg
https://www.incabella.co.uk/product/extralargesilverlantern/,Extra Large Silver Lantern,,incabella-images\_site\EL-ES-APR-2022-0358.jpeg
https://www.incabella.co.uk/product/extralargesilverlantern/,Extra Large Silver Lantern,,incabella-images\_site\31814EA0-7BDD-4917-9473-9F2F44BA7DBD.jpeg
https://www.incabella.co.uk/product/extralargesilverlantern/,Extra Large Silver Lantern,,incabella-images\_site\31814EA0-7BDD-4917-9473-9F2F44BA7DBD.jpeg
https://www.incabella.co.uk/product/extralargesilverlantern/,Extra Large Silver Lantern,,incabella-images\_site\Image.jpg
https://www.incabella.co.uk/product/extralargesilverlantern/,Extra Large Silver Lantern,,incabella-images\_site\Image.jpg
https://www.incabella.co.uk/product/extralargesilverlantern/,Extra Large Silver Lantern,,incabella-images\_site\IMG_9301.jpg
https://www.incabella.co.uk/product/extralargesilverlantern/,Extra Large Silver Lantern,,incabella-images\_site\IMG_9301-510x652@2x.jpg
https://www.incabella.co.uk/product/extralargesilverlantern/,Extra Large Silver Lantern,,incabella-images\_site\880A161C-0A42-4AD4-99AC-5E53B5188CE4.jpeg
https://www.incabella.co.uk/product/extralargesilverlantern/,Extra Large Silver Lantern,,incabella-images\_site\880A161C-0A42-4AD4-99AC-5E53B5188CE4.jpeg
https://www.incabella.co.uk/product/extralargesilverlantern/,Extra Large Silver Lantern,,incabella-images\_site\6A35E8F8-C756-4D74-A18D-9532A67C0D46.jpeg
https://www.incabella.co.uk/product/extralargesilverlantern/,Extra Large Silver Lantern,,incabella-images\_site\6A35E8F8-C756-4D74-A18D-9532A67C0D46.jpeg
https://www.incabella.co.uk/product/extralargesilverlantern/,Extra Large Silver Lantern,,incabella-images\_site\Amy-David-88.jpg
https://www.incabella.co.uk/product/extralargesilverlantern/,Extra Large Silver Lantern,,incabella-images\_site\Amy-David-88.jpg
https://www.incabella.co.uk/product/extralargesilverlantern/,Extra Large Silver Lantern,,incabella-images\_site\Jayne-Chris-wedding-for-Lucy-0004.jpg
https://www.incabella.co.uk/product/extralargesilverlantern/,Extra Large Silver Lantern,,incabella-images\_site\Jayne-Chris-wedding-for-Lucy-0004.jpg
https://www.incabella.co.uk/product/extralargesilverlantern/,Extra Large Silver Lantern,,incabella-images\_site\IMG_1684.jpeg
https://www.incabella.co.uk/product/extralargesilverlantern/,Extra Large Silver Lantern,,incabella-images\_site\IMG_1684.jpeg
https://www.incabella.co.uk/product/extralargesilverlantern/,Extra Large Silver Lantern,,incabella-images\_site\621943C4-766A-4041-A514-A62C4C49CE51-1.jpeg
https://www.incabella.co.uk/product/extralargesilverlantern/,Extra Large Silver Lantern,,incabella-images\_site\621943C4-766A-4041-A514-A62C4C49CE51-1.jpeg
https://www.incabella.co.uk/product/extralargesilverlantern/,Extra Large Silver Lantern,,incabella-images\_site\EL-ES-APR-2022-0435.jpg
https://www.incabella.co.uk/product/extralargesilverlantern/,Extra Large Silver Lantern,,incabella-images\_site\EL-ES-APR-2022-0435.jpg
https://www.incabella.co.uk/product/extralargesilverlantern/,Extra Large Silver Lantern,,incabella-images\_site\IMG_0520.jpeg
https://www.incabella.co.uk/product/extralargesilverlantern/,Extra Large Silver Lantern,,incabella-images\_site\IMG_0520.jpeg
https://www.incabella.co.uk/product/extralargesilverlantern/,Extra Large Silver Lantern,,incabella-images\_site\IMG_4217-e1615561069483.jpg
https://www.incabella.co.uk/product/extralargesilverlantern/,Extra Large Silver Lantern,,incabella-images\_site\IMG_4217-e1615561069483.jpg
https://www.incabella.co.uk/product/extralargesilverlantern/,Extra Large Silver Lantern,,incabella-images\_site\IMG_5159-e1615638036380.jpg
https://www.incabella.co.uk/product/extralargesilverlantern/,Extra Large Silver Lantern,,incabella-images\_site\IMG_5159-e1615638036380.jpg
https://www.incabella.co.uk/product/extralargesilverlantern/,Extra Large Silver Lantern,,incabella-images\_site\IncaBella_logo_02.png
https://www.incabella.co.uk/product/gold-rim-glass-t-light-small/,Gold Rim Glass T-Light – Small,,incabella-images\_site\IncaBella_logo_02.png
https://www.incabella.co.uk/product/gold-rim-glass-t-light-small/,Gold Rim Glass T-Light – Small,,incabella-images\product_gold-rim-glass-t-light-small\IMG_1684-scaled.jpeg
https://www.incabella.co.uk/product/gold-rim-glass-t-light-small/,Gold Rim Glass T-Light – Small,,incabella-images\_site\IMG_1684.jpeg
https://www.incabella.co.uk/product/gold-rim-glass-t-light-small/,Gold Rim Glass T-Light – Small,,incabella-images\_site\IMG_1684.jpeg
https://www.incabella.co.uk/product/gold-rim-glass-t-light-small/,Gold Rim Glass T-Light – Small,,incabella-images\_site\621943C4-766A-4041-A514-A62C4C49CE51-1.jpeg
https://www.incabella.co.uk/product/gold-rim-glass-t-light-small/,Gold Rim Glass T-Light – Small,,incabella-images\_site\621943C4-766A-4041-A514-A62C4C49CE51-1.jpeg
https://www.incabella.co.uk/product/gold-rim-glass-t-light-small/,Gold Rim Glass T-Light – Small,,incabella-images\_site\621943C4-766A-4041-A514-A62C4C49CE51-1.jpeg
https://www.incabella.co.uk/product/gold-rim-glass-t-light-small/,Gold Rim Glass T-Light – Small,,incabella-images\product_table-centre-piece-package\IMG_7095-scaled.jpeg
https://www.incabella.co.uk/product/gold-rim-glass-t-light-small/,Gold Rim Glass T-Light – Small,,incabella-images\_site\IMG_7095.jpeg
https://www.incabella.co.uk/product/gold-rim-glass-t-light-small/,Gold Rim Glass T-Light – Small,,incabella-images\_site\IMG_7095.jpeg
https://www.incabella.co.uk/product/gold-rim-glass-t-light-small/,Gold Rim Glass T-Light – Small,,incabella-images\_site\IMG_1684.jpeg
https://www.incabella.co.uk/product/gold-rim-glass-t-light-small/,Gold Rim Glass T-Light – Small,,incabella-images\_site\IMG_1684.jpeg
https://www.incabella.co.uk/product/gold-rim-glass-t-light-small/,Gold Rim Glass T-Light – Small,,incabella-images\_site\621943C4-766A-4041-A514-A62C4C49CE51-1.jpeg
https://www.incabella.co.uk/product/gold-rim-glass-t-light-small/,Gold Rim Glass T-Light – Small,,incabella-images\_site\621943C4-766A-4041-A514-A62C4C49CE51-1.jpeg
https://www.incabella.co.uk/product/gold-rim-glass-t-light-small/,Gold Rim Glass T-Light – Small,,incabella-images\_site\IMG_7095.jpeg
https://www.incabella.co.uk/product/gold-rim-glass-t-light-small/,Gold Rim Glass T-Light – Small,,incabella-images\_site\IMG_7095.jpeg
https://www.incabella.co.uk/product/gold-rim-glass-t-light-small/,Gold Rim Glass T-Light – Small,,incabella-images\_site\IMG_1709.jpg
https://www.incabella.co.uk/product/gold-rim-glass-t-light-small/,Gold Rim Glass T-Light – Small,,incabella-images\_site\IMG_1709-510x652@2x.jpg
https://www.incabella.co.uk/product/gold-rim-glass-t-light-small/,Gold Rim Glass T-Light – Small,,incabella-images\_site\tlt-hld-wbells-h80mm-clr-gls.jpeg
https://www.incabella.co.uk/product/gold-rim-glass-t-light-small/,Gold Rim Glass T-Light – Small,,incabella-images\_site\tlt-hld-wbells-h80mm-clr-gls.jpeg
https://www.incabella.co.uk/product/gold-rim-glass-t-light-small/,Gold Rim Glass T-Light – Small,,incabella-images\_site\IMG_E1342.jpg
https://www.incabella.co.uk/product/gold-rim-glass-t-light-small/,Gold Rim Glass T-Light – Small,,incabella-images\_site\IMG_E1342.jpg
https://www.incabella.co.uk/product/gold-rim-glass-t-light-small/,Gold Rim Glass T-Light – Small,,incabella-images\_site\clear-glass-hurricane-lantern.jpeg
https://www.incabella.co.uk/product/gold-rim-glass-t-light-small/,Gold Rim Glass T-Light – Small,,incabella-images\_site\clear-glass-hurricane-lantern.jpeg
https://www.incabella.co.uk/product/gold-rim-glass-t-light-small/,Gold Rim Glass T-Light – Small,,incabella-images\_site\image10.jpeg
https://www.incabella.co.uk/product/gold-rim-glass-t-light-small/,Gold Rim Glass T-Light – Small,,incabella-images\_site\image10.jpeg
https://www.incabella.co.uk/product/gold-rim-glass-t-light-small/,Gold Rim Glass T-Light – Small,,incabella-images\_site\20473090a409721a3a4007908b32130e.jpg
https://www.incabella.co.uk/product/gold-rim-glass-t-light-small/,Gold Rim Glass T-Light – Small,,incabella-images\_site\20473090a409721a3a4007908b32130e.jpg
https://www.incabella.co.uk/product/gold-rim-glass-t-light-small/,Gold Rim Glass T-Light – Small,,incabella-images\_site\IMG_0946.jpeg
https://www.incabella.co.uk/product/gold-rim-glass-t-light-small/,Gold Rim Glass T-Light – Small,,incabella-images\_site\IMG_0946.jpeg
https://www.incabella.co.uk/product/gold-rim-glass-t-light-small/,Gold Rim Glass T-Light – Small,,incabella-images\_site\lantern-wrope-hndl-h250x180mm-gls-grey.jpeg
https://www.incabella.co.uk/product/gold-rim-glass-t-light-small/,Gold Rim Glass T-Light – Small,,incabella-images\_site\lantern-wrope-hndl-h250x180mm-gls-grey.jpeg
https://www.incabella.co.uk/product/gold-rim-glass-t-light-small/,Gold Rim Glass T-Light – Small,,incabella-images\_site\EL-ES-APR-2022-0435.jpg
https://www.incabella.co.uk/product/gold-rim-glass-t-light-small/,Gold Rim Glass T-Light – Small,,incabella-images\_site\EL-ES-APR-2022-0435.jpg
https://www.incabella.co.uk/product/gold-rim-glass-t-light-small/,Gold Rim Glass T-Light – Small,,incabella-images\_site\IMG_0520.jpeg
https://www.incabella.co.uk/product/gold-rim-glass-t-light-small/,Gold Rim Glass T-Light – Small,,incabella-images\_site\IMG_0520.jpeg
https://www.incabella.co.uk/product/gold-rim-glass-t-light-small/,Gold Rim Glass T-Light – Small,,incabella-images\_site\5d6ad4c0-13bc-479b-8b50-cfe64523502e.jpeg
https://www.incabella.co.uk/product/gold-rim-glass-t-light-small/,Gold Rim Glass T-Light – Small,,incabella-images\_site\5d6ad4c0-13bc-479b-8b50-cfe64523502e.jpeg
https://www.incabella.co.uk/product/gold-rim-glass-t-light-small/,Gold Rim Glass T-Light – Small,,incabella-images\_site\fullsizeoutput_5ff9.jpeg
https://www.incabella.co.uk/product/gold-rim-glass-t-light-small/,Gold Rim Glass T-Light – Small,,incabella-images\_site\fullsizeoutput_5ff9.jpeg
https://www.incabella.co.uk/product/gold-rim-glass-t-light-small/,Gold Rim Glass T-Light – Small,,incabella-images\_site\fullsizeoutput_50c2.jpeg
https://www.incabella.co.uk/product/gold-rim-glass-t-light-small/,Gold Rim Glass T-Light – Small,,incabella-images\_site\fullsizeoutput_50c2.jpeg
https://www.incabella.co.uk/product/gold-rim-glass-t-light-small/,Gold Rim Glass T-Light – Small,,incabella-images\_site\IMG_6448-e1520889491374.jpg
https://www.incabella.co.uk/product/gold-rim-glass-t-light-small/,Gold Rim Glass T-Light – Small,,incabella-images\_site\IMG_6448-e1520889491374.jpg
https://www.incabella.co.uk/product/gold-rim-glass-t-light-small/,Gold Rim Glass T-Light – Small,,incabella-images\_site\Amy-David-88.jpg
https://www.incabella.co.uk/product/gold-rim-glass-t-light-small/,Gold Rim Glass T-Light – Small,,incabella-images\_site\Amy-David-88.jpg
https://www.incabella.co.uk/product/gold-rim-glass-t-light-small/,Gold Rim Glass T-Light – Small,,incabella-images\_site\Jayne-Chris-wedding-for-Lucy-0004.jpg
https://www.incabella.co.uk/product/gold-rim-glass-t-light-small/,Gold Rim Glass T-Light – Small,,incabella-images\_site\Jayne-Chris-wedding-for-Lucy-0004.jpg
https://www.incabella.co.uk/product/gold-rim-glass-t-light-small/,Gold Rim Glass T-Light – Small,,incabella-images\_site\29329CBA-9791-4C5A-9FA8-1596D8E787E6.jpeg
https://www.incabella.co.uk/product/gold-rim-glass-t-light-small/,Gold Rim Glass T-Light – Small,,incabella-images\_site\29329CBA-9791-4C5A-9FA8-1596D8E787E6.jpeg
https://www.incabella.co.uk/product/gold-rim-glass-t-light-small/,Gold Rim Glass T-Light – Small,,incabella-images\_site\A7EF519C-3D41-4840-81D8-93E282E1606F.jpeg
https://www.incabella.co.uk/product/gold-rim-glass-t-light-small/,Gold Rim Glass T-Light – Small,,incabella-images\_site\A7EF519C-3D41-4840-81D8-93E282E1606F.jpeg
https://www.incabella.co.uk/product/gold-rim-glass-t-light-small/,Gold Rim Glass T-Light – Small,,incabella-images\_site\Image.jpg
https://www.incabella.co.uk/product/gold-rim-glass-t-light-small/,Gold Rim Glass T-Light – Small,,incabella-images\_site\Image.jpg
https://www.incabella.co.uk/product/gold-rim-glass-t-light-small/,Gold Rim Glass T-Light – Small,,incabella-images\_site\IMG_9301.jpg
https://www.incabella.co.uk/product/gold-rim-glass-t-light-small/,Gold Rim Glass T-Light – Small,,incabella-images\_site\IMG_9301-510x652@2x.jpg
https://www.incabella.co.uk/product/gold-rim-glass-t-light-small/,Gold Rim Glass T-Light – Small,,incabella-images\_site\IMG_3468.jpg
https://www.incabella.co.uk/product/gold-rim-glass-t-light-small/,Gold Rim Glass T-Light – Small,,incabella-images\_site\IMG_3468-510x652@2x.jpg
https://www.incabella.co.uk/product/gold-rim-glass-t-light-small/,Gold Rim Glass T-Light – Small,,incabella-images\_site\IMG_3464.jpg
https://www.incabella.co.uk/product/gold-rim-glass-t-light-small/,Gold Rim Glass T-Light – Small,,incabella-images\_site\IMG_3464-510x652@2x.jpg
https://www.incabella.co.uk/product/gold-rim-glass-t-light-small/,Gold Rim Glass T-Light – Small,,incabella-images\_site\2B86C02D-B992-47FD-8154-292F2FE7C354.jpeg
https://www.incabella.co.uk/product/gold-rim-glass-t-light-small/,Gold Rim Glass T-Light – Small,,incabella-images\_site\2B86C02D-B992-47FD-8154-292F2FE7C354.jpeg
https://www.incabella.co.uk/product/gold-rim-glass-t-light-small/,Gold Rim Glass T-Light – Small,,incabella-images\_site\2B86C02D-B992-47FD-8154-292F2FE7C354.jpeg
https://www.incabella.co.uk/product/gold-rim-glass-t-light-small/,Gold Rim Glass T-Light – Small,,incabella-images\_site\2B86C02D-B992-47FD-8154-292F2FE7C354.jpeg
https://www.incabella.co.uk/product/gold-rim-glass-t-light-small/,Gold Rim Glass T-Light – Small,,incabella-images\_site\IMG_4163.jpg
https://www.incabella.co.uk/product/gold-rim-glass-t-light-small/,Gold Rim Glass T-Light – Small,,incabella-images\_site\IMG_4163.jpg
https://www.incabella.co.uk/product/gold-rim-glass-t-light-small/,Gold Rim Glass T-Light – Small,,incabella-images\_site\IMG_4162-e1517836473472.jpg
https://www.incabella.co.uk/product/gold-rim-glass-t-light-small/,Gold Rim Glass T-Light – Small,,incabella-images\_site\IMG_4162-e1517836473472.jpg
https://www.incabella.co.uk/product/gold-rim-glass-t-light-small/,Gold Rim Glass T-Light – Small,,incabella-images\_site\IMG_3512.jpg
https://www.incabella.co.uk/product/gold-rim-glass-t-light-small/,Gold Rim Glass T-Light – Small,,incabella-images\_site\IMG_3512-510x652@2x.jpg
https://www.incabella.co.uk/product/gold-rim-glass-t-light-small/,Gold Rim Glass T-Light – Small,,incabella-images\_site\IMG_2614.jpg
https://www.incabella.co.uk/product/gold-rim-glass-t-light-small/,Gold Rim Glass T-Light – Small,,incabella-images\_site\IMG_2614-510x652@2x.jpg
https://www.incabella.co.uk/product/gold-rim-glass-t-light-small/,Gold Rim Glass T-Light – Small,,incabella-images\_site\IMG_7450.jpeg
https://www.incabella.co.uk/product/gold-rim-glass-t-light-small/,Gold Rim Glass T-Light – Small,,incabella-images\_site\IMG_7450.jpeg
https://www.incabella.co.uk/product/gold-rim-glass-t-light-small/,Gold Rim Glass T-Light – Small,,incabella-images\_site\IMG_1085.jpg
https://www.incabella.co.uk/product/gold-rim-glass-t-light-small/,Gold Rim Glass T-Light – Small,,incabella-images\_site\IMG_1085-510x652@2x.jpg
https://www.incabella.co.uk/product/gold-rim-glass-t-light-small/,Gold Rim Glass T-Light – Small,,incabella-images\_site\Sparkling-Silver-T-Light-20000102-A_20765.jpeg
https://www.incabella.co.uk/product/gold-rim-glass-t-light-small/,Gold Rim Glass T-Light – Small,,incabella-images\_site\Sparkling-Silver-T-Light-20000102-A_20765.jpeg
https://www.incabella.co.uk/product/gold-rim-glass-t-light-small/,Gold Rim Glass T-Light – Small,,incabella-images\_site\Sparkling-Silver-T-Light-Holder-IMG_4275.jpeg
https://www.incabella.co.uk/product/gold-rim-glass-t-light-small/,Gold Rim Glass T-Light – Small,,incabella-images\_site\Sparkling-Silver-T-Light-Holder-IMG_4275.jpeg
https://www.incabella.co.uk/product/gold-rim-glass-t-light-small/,Gold Rim Glass T-Light – Small,,incabella-images\_site\IncaBella_logo_02.png
https://www.incabella.co.uk/product/round-mirror-plate-table-centre-piece/,Round mirror plates – table centre pieces,,incabella-images\_site\IncaBella_logo_02.png
https://www.incabella.co.uk/product/round-mirror-plate-table-centre-piece/,Round mirror plates – table centre pieces,,incabella-images\_site\IMG_1673.jpg
https://www.incabella.co.uk/product/round-mirror-plate-table-centre-piece/,Round mirror plates – table centre pieces,,incabella-images\_site\IMG_1673.jpg
https://www.incabella.co.uk/product/round-mirror-plate-table-centre-piece/,Round mirror plates – table centre pieces,,incabella-images\_site\IMG_1673-510x652@2x.jpg
https://www.incabella.co.uk/product/round-mirror-plate-table-centre-piece/,Round mirror plates – table centre pieces,,incabella-images\_site\4600494.jpg
https://www.incabella.co.uk/product/round-mirror-plate-table-centre-piece/,Round mirror plates – table centre pieces,,incabella-images\_site\4600494.jpg
https://www.incabella.co.uk/product/round-mirror-plate-table-centre-piece/,Round mirror plates – table centre pieces,,incabella-images\_site\4600494.jpg
https://www.incabella.co.uk/product/round-mirror-plate-table-centre-piece/,Round mirror plates – table centre pieces,,incabella-images\product_round-mirror-plate-table-centre-piece\IMG_1677.jpg
https://www.incabella.co.uk/product/round-mirror-plate-table-centre-piece/,Round mirror plates – table centre pieces,,incabella-images\product_round-mirror-plate-table-centre-piece\IMG_1677.jpg
https://www.incabella.co.uk/product/round-mirror-plate-table-centre-piece/,Round mirror plates – table centre pieces,,incabella-images\product_round-mirror-plate-table-centre-piece\IMG_1677-510x652@2x.jpg
https://www.incabella.co.uk/product/round-mirror-plate-table-centre-piece/,Round mirror plates – table centre pieces,,incabella-images\_site\IMG_1673.jpg
https://www.incabella.co.uk/product/round-mirror-plate-table-centre-piece/,Round mirror plates – table centre pieces,,incabella-images\_site\IMG_1673-510x652@2x.jpg
https://www.incabella.co.uk/product/round-mirror-plate-table-centre-piece/,Round mirror plates – table centre pieces,,incabella-images\_site\4600494.jpg
https://www.incabella.co.uk/product/round-mirror-plate-table-centre-piece/,Round mirror plates – table centre pieces,,incabella-images\_site\4600494-114x145@2x.jpg
https://www.incabella.co.uk/product/round-mirror-plate-table-centre-piece/,Round mirror plates – table centre pieces,,incabella-images\product_round-mirror-plate-table-centre-piece\IMG_1677.jpg
https://www.incabella.co.uk/product/round-mirror-plate-table-centre-piece/,Round mirror plates – table centre pieces,,incabella-images\product_round-mirror-plate-table-centre-piece\IMG_1677-510x652@2x.jpg
https://www.incabella.co.uk/product/round-mirror-plate-table-centre-piece/,Round mirror plates – table centre pieces,,incabella-images\_site\image10.jpeg
https://www.incabella.co.uk/product/round-mirror-plate-table-centre-piece/,Round mirror plates – table centre pieces,,incabella-images\_site\image10.jpeg
https://www.incabella.co.uk/product/round-mirror-plate-table-centre-piece/,Round mirror plates – table centre pieces,,incabella-images\_site\20473090a409721a3a4007908b32130e.jpg
https://www.incabella.co.uk/product/round-mirror-plate-table-centre-piece/,Round mirror plates – table centre pieces,,incabella-images\_site\20473090a409721a3a4007908b32130e.jpg
https://www.incabella.co.uk/product/round-mirror-plate-table-centre-piece/,Round mirror plates – table centre pieces,,incabella-images\_site\Sparkling-Silver-T-Light-20000102-A_20765.jpeg
https://www.incabella.co.uk/product/round-mirror-plate-table-centre-piece/,Round mirror plates – table centre pieces,,incabella-images\_site\Sparkling-Silver-T-Light-20000102-A_20765.jpeg
https://www.incabella.co.uk/product/round-mirror-plate-table-centre-piece/,Round mirror plates – table centre pieces,,incabella-images\_site\Sparkling-Silver-T-Light-Holder-IMG_4275.jpeg
https://www.incabella.co.uk/product/round-mirror-plate-table-centre-piece/,Round mirror plates – table centre pieces,,incabella-images\_site\Sparkling-Silver-T-Light-Holder-IMG_4275.jpeg
https://www.incabella.co.uk/product/round-mirror-plate-table-centre-piece/,Round mirror plates – table centre pieces,,incabella-images\_site\sana-storm-lantern.jpg
https://www.incabella.co.uk/product/round-mirror-plate-table-centre-piece/,Round mirror plates – table centre pieces,,incabella-images\_site\sana-storm-lantern.jpg
https://www.incabella.co.uk/product/round-mirror-plate-table-centre-piece/,Round mirror plates – table centre pieces,,incabella-images\_site\A-FS-S-FS-A-SANA-STORM-LANTERN-SQ-7.jpeg
https://www.incabella.co.uk/product/round-mirror-plate-table-centre-piece/,Round mirror plates – table centre pieces,,incabella-images\_site\A-FS-S-FS-A-SANA-STORM-LANTERN-SQ-7.jpeg
https://www.incabella.co.uk/product/round-mirror-plate-table-centre-piece/,Round mirror plates – table centre pieces,,incabella-images\_site\IMG_E1342.jpg
https://www.incabella.co.uk/product/round-mirror-plate-table-centre-piece/,Round mirror plates – table centre pieces,,incabella-images\_site\IMG_E1342.jpg
https://www.incabella.co.uk/product/round-mirror-plate-table-centre-piece/,Round mirror plates – table centre pieces,,incabella-images\_site\clear-glass-hurricane-lantern.jpeg
https://www.incabella.co.uk/product/round-mirror-plate-table-centre-piece/,Round mirror plates – table centre pieces,,incabella-images\_site\clear-glass-hurricane-lantern.jpeg
https://www.incabella.co.uk/product/round-mirror-plate-table-centre-piece/,Round mirror plates – table centre pieces,,incabella-images\_site\IMG_1709.jpg
https://www.incabella.co.uk/product/round-mirror-plate-table-centre-piece/,Round mirror plates – table centre pieces,,incabella-images\_site\IMG_1709-510x652@2x.jpg
https://www.incabella.co.uk/product/round-mirror-plate-table-centre-piece/,Round mirror plates – table centre pieces,,incabella-images\_site\tlt-hld-wbells-h80mm-clr-gls.jpeg
https://www.incabella.co.uk/product/round-mirror-plate-table-centre-piece/,Round mirror plates – table centre pieces,,incabella-images\_site\tlt-hld-wbells-h80mm-clr-gls.jpeg
https://www.incabella.co.uk/product/round-mirror-plate-table-centre-piece/,Round mirror plates – table centre pieces,,incabella-images\_site\hanging-heart-tea-light-holder.jpeg
https://www.incabella.co.uk/product/round-mirror-plate-table-centre-piece/,Round mirror plates – table centre pieces,,incabella-images\_site\hanging-heart-tea-light-holder.jpeg
https://www.incabella.co.uk/product/round-mirror-plate-table-centre-piece/,Round mirror plates – table centre pieces,,incabella-images\_site\hanging-heart-tea-light-holder.jpeg
https://www.incabella.co.uk/product/round-mirror-plate-table-centre-piece/,Round mirror plates – table centre pieces,,incabella-images\_site\hanging-heart-tea-light-holder.jpeg
https://www.incabella.co.uk/product/round-mirror-plate-table-centre-piece/,Round mirror plates – table centre pieces,,incabella-images\_site\IMG_0946.jpeg
https://www.incabella.co.uk/product/round-mirror-plate-table-centre-piece/,Round mirror plates – table centre pieces,,incabella-images\_site\IMG_0946.jpeg
https://www.incabella.co.uk/product/round-mirror-plate-table-centre-piece/,Round mirror plates – table centre pieces,,incabella-images\_site\lantern-wrope-hndl-h250x180mm-gls-grey.jpeg
https://www.incabella.co.uk/product/round-mirror-plate-table-centre-piece/,Round mirror plates – table centre pieces,,incabella-images\_site\lantern-wrope-hndl-h250x180mm-gls-grey.jpeg
https://www.incabella.co.uk/product/round-mirror-plate-table-centre-piece/,Round mirror plates – table centre pieces,,incabella-images\_site\Sparkling-Silver-T-Light-20000102-A_20765.jpeg
https://www.incabella.co.uk/product/round-mirror-plate-table-centre-piece/,Round mirror plates – table centre pieces,,incabella-images\_site\Sparkling-Silver-T-Light-20000102-A_20765.jpeg
https://www.incabella.co.uk/product/round-mirror-plate-table-centre-piece/,Round mirror plates – table centre pieces,,incabella-images\_site\Sparkling-Silver-T-Light-Holder-IMG_4275.jpeg
https://www.incabella.co.uk/product/round-mirror-plate-table-centre-piece/,Round mirror plates – table centre pieces,,incabella-images\_site\Sparkling-Silver-T-Light-Holder-IMG_4275.jpeg
https://www.incabella.co.uk/product/round-mirror-plate-table-centre-piece/,Round mirror plates – table centre pieces,,incabella-images\_site\IMG_7450.jpeg
https://www.incabella.co.uk/product/round-mirror-plate-table-centre-piece/,Round mirror plates – table centre pieces,,incabella-images\_site\IMG_7450.jpeg
https://www.incabella.co.uk/product/round-mirror-plate-table-centre-piece/,Round mirror plates – table centre pieces,,incabella-images\_site\IMG_1085.jpg
https://www.incabella.co.uk/product/round-mirror-plate-table-centre-piece/,Round mirror plates – table centre pieces,,incabella-images\_site\IMG_1085-510x652@2x.jpg
https://www.incabella.co.uk/product/round-mirror-plate-table-centre-piece/,Round mirror plates – table centre pieces,,incabella-images\_site\english-country-bunting.jpg
https://www.incabella.co.uk/product/round-mirror-plate-table-centre-piece/,Round mirror plates – table centre pieces,,incabella-images\_site\english-country-bunting-114x145@2x.jpg
https://www.incabella.co.uk/product/round-mirror-plate-table-centre-piece/,Round mirror plates – table centre pieces,,incabella-images\_site\english-country-bunting.jpg
https://www.incabella.co.uk/product/round-mirror-plate-table-centre-piece/,Round mirror plates – table centre pieces,,incabella-images\_site\english-country-bunting-114x145@2x.jpg
https://www.incabella.co.uk/product/round-mirror-plate-table-centre-piece/,Round mirror plates – table centre pieces,,incabella-images\_site\IMG_0545.jpeg
https://www.incabella.co.uk/product/round-mirror-plate-table-centre-piece/,Round mirror plates – table centre pieces,,incabella-images\_site\IMG_0545.jpeg
https://www.incabella.co.uk/product/round-mirror-plate-table-centre-piece/,Round mirror plates – table centre pieces,,incabella-images\_site\8327bd708a67d45dc7f6637f3e61ffa5.jpg
https://www.incabella.co.uk/product/round-mirror-plate-table-centre-piece/,Round mirror plates – table centre pieces,,incabella-images\_site\8327bd708a67d45dc7f6637f3e61ffa5.jpg
https://www.incabella.co.uk/product/round-mirror-plate-table-centre-piece/,Round mirror plates – table centre pieces,,incabella-images\_site\IMG_1970.jpg
https://www.incabella.co.uk/product/round-mirror-plate-table-centre-piece/,Round mirror plates – table centre pieces,,incabella-images\_site\IMG_1970-510x652@2x.jpg
https://www.incabella.co.uk/product/round-mirror-plate-table-centre-piece/,Round mirror plates – table centre pieces,,incabella-images\_site\Image-3.jpg
https://www.incabella.co.uk/product/round-mirror-plate-table-centre-piece/,Round mirror plates – table centre pieces,,incabella-images\_site\Image-3-510x652@2x.jpg
https://www.incabella.co.uk/product/round-mirror-plate-table-centre-piece/,Round mirror plates – table centre pieces,,incabella-images\_site\29329CBA-9791-4C5A-9FA8-1596D8E787E6.jpeg
https://www.incabella.co.uk/product/round-mirror-plate-table-centre-piece/,Round mirror plates – table centre pieces,,incabella-images\_site\29329CBA-9791-4C5A-9FA8-1596D8E787E6.jpeg
https://www.incabella.co.uk/product/round-mirror-plate-table-centre-piece/,Round mirror plates – table centre pieces,,incabella-images\_site\A7EF519C-3D41-4840-81D8-93E282E1606F.jpeg
https://www.incabella.co.uk/product/round-mirror-plate-table-centre-piece/,Round mirror plates – table centre pieces,,incabella-images\_site\A7EF519C-3D41-4840-81D8-93E282E1606F.jpeg
https://www.incabella.co.uk/product/round-mirror-plate-table-centre-piece/,Round mirror plates – table centre pieces,,incabella-images\_site\IMG_4163.jpg
https://www.incabella.co.uk/product/round-mirror-plate-table-centre-piece/,Round mirror plates – table centre pieces,,incabella-images\_site\IMG_4163.jpg
https://www.incabella.co.uk/product/round-mirror-plate-table-centre-piece/,Round mirror plates – table centre pieces,,incabella-images\_site\IMG_4162-e1517836473472.jpg
https://www.incabella.co.uk/product/round-mirror-plate-table-centre-piece/,Round mirror plates – table centre pieces,,incabella-images\_site\IMG_4162-e1517836473472.jpg
https://www.incabella.co.uk/product/round-mirror-plate-table-centre-piece/,Round mirror plates – table centre pieces,,incabella-images\_site\EL-ES-APR-2022-0435.jpg
https://www.incabella.co.uk/product/round-mirror-plate-table-centre-piece/,Round mirror plates – table centre pieces,,incabella-images\_site\EL-ES-APR-2022-0435.jpg
https://www.incabella.co.uk/product/round-mirror-plate-table-centre-piece/,Round mirror plates – table centre pieces,,incabella-images\_site\IMG_0520.jpeg
https://www.incabella.co.uk/product/round-mirror-plate-table-centre-piece/,Round mirror plates – table centre pieces,,incabella-images\_site\IMG_0520.jpeg
https://www.incabella.co.uk/product/round-mirror-plate-table-centre-piece/,Round mirror plates – table centre pieces,,incabella-images\_site\IMG_7095.jpeg
https://www.incabella.co.uk/product/round-mirror-plate-table-centre-piece/,Round mirror plates – table centre pieces,,incabella-images\_site\IMG_7095.jpeg
https://www.incabella.co.uk/product/round-mirror-plate-table-centre-piece/,Round mirror plates – table centre pieces,,incabella-images\_site\6A9461D2-8C98-4412-BC65-4CDD37EF0A5D.jpeg
https://www.incabella.co.uk/product/round-mirror-plate-table-centre-piece/,Round mirror plates – table centre pieces,,incabella-images\_site\6A9461D2-8C98-4412-BC65-4CDD37EF0A5D.jpeg
https://www.incabella.co.uk/product/round-mirror-plate-table-centre-piece/,Round mirror plates – table centre pieces,,incabella-images\_site\2B86C02D-B992-47FD-8154-292F2FE7C354.jpeg
https://www.incabella.co.uk/product/round-mirror-plate-table-centre-piece/,Round mirror plates – table centre pieces,,incabella-images\_site\2B86C02D-B992-47FD-8154-292F2FE7C354.jpeg
https://www.incabella.co.uk/product/round-mirror-plate-table-centre-piece/,Round mirror plates – table centre pieces,,incabella-images\_site\2B86C02D-B992-47FD-8154-292F2FE7C354.jpeg
https://www.incabella.co.uk/product/round-mirror-plate-table-centre-piece/,Round mirror plates – table centre pieces,,incabella-images\_site\2B86C02D-B992-47FD-8154-292F2FE7C354.jpeg
https://www.incabella.co.uk/product/round-mirror-plate-table-centre-piece/,Round mirror plates – table centre pieces,,incabella-images\_site\IMG_4803.jpg
https://www.incabella.co.uk/product/round-mirror-plate-table-centre-piece/,Round mirror plates – table centre pieces,,incabella-images\_site\IMG_4803-510x652@2x.jpg
https://www.incabella.co.uk/product/round-mirror-plate-table-centre-piece/,Round mirror plates – table centre pieces,,incabella-images\_site\IMG_4803.jpg
https://www.incabella.co.uk/product/round-mirror-plate-table-centre-piece/,Round mirror plates – table centre pieces,,incabella-images\_site\IMG_4803-510x652@2x.jpg
https://www.incabella.co.uk/product/round-mirror-plate-table-centre-piece/,Round mirror plates – table centre pieces,,incabella-images\_site\IMG_4217-e1615561069483.jpg
https://www.incabella.co.uk/product/round-mirror-plate-table-centre-piece/,Round mirror plates – table centre pieces,,incabella-images\_site\IMG_4217-e1615561069483.jpg
https://www.incabella.co.uk/product/round-mirror-plate-table-centre-piece/,Round mirror plates – table centre pieces,,incabella-images\_site\IMG_5159-e1615638036380.jpg
https://www.incabella.co.uk/product/round-mirror-plate-table-centre-piece/,Round mirror plates – table centre pieces,,incabella-images\_site\IMG_5159-e1615638036380.jpg
https://www.incabella.co.uk/product/round-mirror-plate-table-centre-piece/,Round mirror plates – table centre pieces,,incabella-images\_site\IMG_8203-e1549817586734.jpg
https://www.incabella.co.uk/product/round-mirror-plate-table-centre-piece/,Round mirror plates – table centre pieces,,incabella-images\_site\IMG_8203-e1549817586734.jpg
https://www.incabella.co.uk/product/round-mirror-plate-table-centre-piece/,Round mirror plates – table centre pieces,,incabella-images\_site\IMG_8203-e1549817586734.jpg
https://www.incabella.co.uk/product/round-mirror-plate-table-centre-piece/,Round mirror plates – table centre pieces,,incabella-images\_site\IMG_8203-e1549817586734.jpg
https://www.incabella.co.uk/product/round-mirror-plate-table-centre-piece/,Round mirror plates – table centre pieces,,incabella-images\_site\IncaBella_logo_02.png
https://www.incabella.co.uk/product/10-x-antique-brass-table-numbers/,10 x Antique Brass Table Numbers,,incabella-images\_site\IncaBella_logo_02.png
https://www.incabella.co.uk/product/10-x-antique-brass-table-numbers/,10 x Antique Brass Table Numbers,,incabella-images\product_10-x-antique-brass-table-numbers\EL-ES-APR-2022-0358-scaled.jpeg
https://www.incabella.co.uk/product/10-x-antique-brass-table-numbers/,10 x Antique Brass Table Numbers,,incabella-images\_site\EL-ES-APR-2022-0358.jpeg
https://www.incabella.co.uk/product/10-x-antique-brass-table-numbers/,10 x Antique Brass Table Numbers,,incabella-images\_site\EL-ES-APR-2022-0358.jpeg
https://www.incabella.co.uk/product/10-x-antique-brass-table-numbers/,10 x Antique Brass Table Numbers,,incabella-images\product_10-x-antique-brass-table-numbers\31814EA0-7BDD-4917-9473-9F2F44BA7DBD-scaled.jpeg
https://www.incabella.co.uk/product/10-x-antique-brass-table-numbers/,10 x Antique Brass Table Numbers,,incabella-images\_site\31814EA0-7BDD-4917-9473-9F2F44BA7DBD.jpeg
https://www.incabella.co.uk/product/10-x-antique-brass-table-numbers/,10 x Antique Brass Table Numbers,,incabella-images\_site\31814EA0-7BDD-4917-9473-9F2F44BA7DBD.jpeg
https://www.incabella.co.uk/product/10-x-antique-brass-table-numbers/,10 x Antique Brass Table Numbers,,incabella-images\product_10-x-antique-brass-table-numbers\04DBB193-CB7F-42B6-8490-E58FB080C721-scaled.jpeg
https://www.incabella.co.uk/product/10-x-antique-brass-table-numbers/,10 x Antique Brass Table Numbers,,incabella-images\product_10-x-antique-brass-table-numbers\04DBB193-CB7F-42B6-8490-E58FB080C721.jpeg
https://www.incabella.co.uk/product/10-x-antique-brass-table-numbers/,10 x Antique Brass Table Numbers,,incabella-images\product_10-x-antique-brass-table-numbers\04DBB193-CB7F-42B6-8490-E58FB080C721.jpeg
https://www.incabella.co.uk/product/10-x-antique-brass-table-numbers/,10 x Antique Brass Table Numbers,,incabella-images\product_10-x-antique-brass-table-numbers\2922ED37-2B6A-427F-8FFC-3C355BA4A82A-scaled.jpeg
https://www.incabella.co.uk/product/10-x-antique-brass-table-numbers/,10 x Antique Brass Table Numbers,,incabella-images\product_10-x-antique-brass-table-numbers\2922ED37-2B6A-427F-8FFC-3C355BA4A82A.jpeg
https://www.incabella.co.uk/product/10-x-antique-brass-table-numbers/,10 x Antique Brass Table Numbers,,incabella-images\product_10-x-antique-brass-table-numbers\2922ED37-2B6A-427F-8FFC-3C355BA4A82A.jpeg
https://www.incabella.co.uk/product/10-x-antique-brass-table-numbers/,10 x Antique Brass Table Numbers,,incabella-images\product_10-x-antique-brass-table-numbers\338FA8E8-339C-4991-96B4-912C049A1ED5-scaled.jpeg
https://www.incabella.co.uk/product/10-x-antique-brass-table-numbers/,10 x Antique Brass Table Numbers,,incabella-images\product_10-x-antique-brass-table-numbers\338FA8E8-339C-4991-96B4-912C049A1ED5.jpeg
https://www.incabella.co.uk/product/10-x-antique-brass-table-numbers/,10 x Antique Brass Table Numbers,,incabella-images\product_10-x-antique-brass-table-numbers\338FA8E8-339C-4991-96B4-912C049A1ED5.jpeg
https://www.incabella.co.uk/product/10-x-antique-brass-table-numbers/,10 x Antique Brass Table Numbers,,incabella-images\_site\EL-ES-APR-2022-0358.jpeg
https://www.incabella.co.uk/product/10-x-antique-brass-table-numbers/,10 x Antique Brass Table Numbers,,incabella-images\_site\EL-ES-APR-2022-0358.jpeg
https://www.incabella.co.uk/product/10-x-antique-brass-table-numbers/,10 x Antique Brass Table Numbers,,incabella-images\_site\31814EA0-7BDD-4917-9473-9F2F44BA7DBD.jpeg
https://www.incabella.co.uk/product/10-x-antique-brass-table-numbers/,10 x Antique Brass Table Numbers,,incabella-images\_site\31814EA0-7BDD-4917-9473-9F2F44BA7DBD.jpeg
https://www.incabella.co.uk/product/10-x-antique-brass-table-numbers/,10 x Antique Brass Table Numbers,,incabella-images\product_10-x-antique-brass-table-numbers\04DBB193-CB7F-42B6-8490-E58FB080C721.jpeg
https://www.incabella.co.uk/product/10-x-antique-brass-table-numbers/,10 x Antique Brass Table Numbers,,incabella-images\product_10-x-antique-brass-table-numbers\04DBB193-CB7F-42B6-8490-E58FB080C721.jpeg
https://www.incabella.co.uk/product/10-x-antique-brass-table-numbers/,10 x Antique Brass Table Numbers,,incabella-images\product_10-x-antique-brass-table-numbers\2922ED37-2B6A-427F-8FFC-3C355BA4A82A.jpeg
https://www.incabella.co.uk/product/10-x-antique-brass-table-numbers/,10 x Antique Brass Table Numbers,,incabella-images\product_10-x-antique-brass-table-numbers\2922ED37-2B6A-427F-8FFC-3C355BA4A82A.jpeg
https://www.incabella.co.uk/product/10-x-antique-brass-table-numbers/,10 x Antique Brass Table Numbers,,incabella-images\product_10-x-antique-brass-table-numbers\338FA8E8-339C-4991-96B4-912C049A1ED5.jpeg
https://www.incabella.co.uk/product/10-x-antique-brass-table-numbers/,10 x Antique Brass Table Numbers,,incabella-images\product_10-x-antique-brass-table-numbers\338FA8E8-339C-4991-96B4-912C049A1ED5.jpeg
https://www.incabella.co.uk/product/10-x-antique-brass-table-numbers/,10 x Antique Brass Table Numbers,,incabella-images\_site\Sparkling-Silver-T-Light-20000102-A_20765.jpeg
https://www.incabella.co.uk/product/10-x-antique-brass-table-numbers/,10 x Antique Brass Table Numbers,,incabella-images\_site\Sparkling-Silver-T-Light-20000102-A_20765.jpeg
https://www.incabella.co.uk/product/10-x-antique-brass-table-numbers/,10 x Antique Brass Table Numbers,,incabella-images\_site\Sparkling-Silver-T-Light-Holder-IMG_4275.jpeg
https://www.incabella.co.uk/product/10-x-antique-brass-table-numbers/,10 x Antique Brass Table Numbers,,incabella-images\_site\Sparkling-Silver-T-Light-Holder-IMG_4275.jpeg
https://www.incabella.co.uk/product/10-x-antique-brass-table-numbers/,10 x Antique Brass Table Numbers,,incabella-images\_site\IMG_1709.jpg
https://www.incabella.co.uk/product/10-x-antique-brass-table-numbers/,10 x Antique Brass Table Numbers,,incabella-images\_site\IMG_1709-510x652@2x.jpg
https://www.incabella.co.uk/product/10-x-antique-brass-table-numbers/,10 x Antique Brass Table Numbers,,incabella-images\_site\tlt-hld-wbells-h80mm-clr-gls.jpeg
https://www.incabella.co.uk/product/10-x-antique-brass-table-numbers/,10 x Antique Brass Table Numbers,,incabella-images\_site\tlt-hld-wbells-h80mm-clr-gls.jpeg
https://www.incabella.co.uk/product/10-x-antique-brass-table-numbers/,10 x Antique Brass Table Numbers,,incabella-images\_site\sana-storm-lantern.jpg
https://www.incabella.co.uk/product/10-x-antique-brass-table-numbers/,10 x Antique Brass Table Numbers,,incabella-images\_site\sana-storm-lantern.jpg
https://www.incabella.co.uk/product/10-x-antique-brass-table-numbers/,10 x Antique Brass Table Numbers,,incabella-images\_site\A-FS-S-FS-A-SANA-STORM-LANTERN-SQ-7.jpeg
https://www.incabella.co.uk/product/10-x-antique-brass-table-numbers/,10 x Antique Brass Table Numbers,,incabella-images\_site\A-FS-S-FS-A-SANA-STORM-LANTERN-SQ-7.jpeg
https://www.incabella.co.uk/product/10-x-antique-brass-table-numbers/,10 x Antique Brass Table Numbers,,incabella-images\_site\hanging-heart-tea-light-holder.jpeg
https://www.incabella.co.uk/product/10-x-antique-brass-table-numbers/,10 x Antique Brass Table Numbers,,incabella-images\_site\hanging-heart-tea-light-holder.jpeg
https://www.incabella.co.uk/product/10-x-antique-brass-table-numbers/,10 x Antique Brass Table Numbers,,incabella-images\_site\hanging-heart-tea-light-holder.jpeg
https://www.incabella.co.uk/product/10-x-antique-brass-table-numbers/,10 x Antique Brass Table Numbers,,incabella-images\_site\hanging-heart-tea-light-holder.jpeg
https://www.incabella.co.uk/product/10-x-antique-brass-table-numbers/,10 x Antique Brass Table Numbers,,incabella-images\_site\IMG_0946.jpeg
https://www.incabella.co.uk/product/10-x-antique-brass-table-numbers/,10 x Antique Brass Table Numbers,,incabella-images\_site\IMG_0946.jpeg
https://www.incabella.co.uk/product/10-x-antique-brass-table-numbers/,10 x Antique Brass Table Numbers,,incabella-images\_site\lantern-wrope-hndl-h250x180mm-gls-grey.jpeg
https://www.incabella.co.uk/product/10-x-antique-brass-table-numbers/,10 x Antique Brass Table Numbers,,incabella-images\_site\lantern-wrope-hndl-h250x180mm-gls-grey.jpeg
https://www.incabella.co.uk/product/10-x-antique-brass-table-numbers/,10 x Antique Brass Table Numbers,,incabella-images\_site\image10.jpeg
https://www.incabella.co.uk/product/10-x-antique-brass-table-numbers/,10 x Antique Brass Table Numbers,,incabella-images\_site\image10.jpeg
https://www.incabella.co.uk/product/10-x-antique-brass-table-numbers/,10 x Antique Brass Table Numbers,,incabella-images\_site\20473090a409721a3a4007908b32130e.jpg
https://www.incabella.co.uk/product/10-x-antique-brass-table-numbers/,10 x Antique Brass Table Numbers,,incabella-images\_site\20473090a409721a3a4007908b32130e.jpg
https://www.incabella.co.uk/product/10-x-antique-brass-table-numbers/,10 x Antique Brass Table Numbers,,incabella-images\_site\Sparkling-Silver-T-Light-20000102-A_20765.jpeg
https://www.incabella.co.uk/product/10-x-antique-brass-table-numbers/,10 x Antique Brass Table Numbers,,incabella-images\_site\Sparkling-Silver-T-Light-20000102-A_20765.jpeg
https://www.incabella.co.uk/product/10-x-antique-brass-table-numbers/,10 x Antique Brass Table Numbers,,incabella-images\_site\Sparkling-Silver-T-Light-Holder-IMG_4275.jpeg
https://www.incabella.co.uk/product/10-x-antique-brass-table-numbers/,10 x Antique Brass Table Numbers,,incabella-images\_site\Sparkling-Silver-T-Light-Holder-IMG_4275.jpeg
https://www.incabella.co.uk/product/10-x-antique-brass-table-numbers/,10 x Antique Brass Table Numbers,,incabella-images\_site\IMG_E1342.jpg
https://www.incabella.co.uk/product/10-x-antique-brass-table-numbers/,10 x Antique Brass Table Numbers,,incabella-images\_site\IMG_E1342.jpg
https://www.incabella.co.uk/product/10-x-antique-brass-table-numbers/,10 x Antique Brass Table Numbers,,incabella-images\_site\clear-glass-hurricane-lantern.jpeg
https://www.incabella.co.uk/product/10-x-antique-brass-table-numbers/,10 x Antique Brass Table Numbers,,incabella-images\_site\clear-glass-hurricane-lantern.jpeg
https://www.incabella.co.uk/product/10-x-antique-brass-table-numbers/,10 x Antique Brass Table Numbers,,incabella-images\_site\5d6ad4c0-13bc-479b-8b50-cfe64523502e.jpeg
https://www.incabella.co.uk/product/10-x-antique-brass-table-numbers/,10 x Antique Brass Table Numbers,,incabella-images\_site\5d6ad4c0-13bc-479b-8b50-cfe64523502e.jpeg
https://www.incabella.co.uk/product/10-x-antique-brass-table-numbers/,10 x Antique Brass Table Numbers,,incabella-images\_site\fullsizeoutput_5ff9.jpeg
https://www.incabella.co.uk/product/10-x-antique-brass-table-numbers/,10 x Antique Brass Table Numbers,,incabella-images\_site\fullsizeoutput_5ff9.jpeg
https://www.incabella.co.uk/product/10-x-antique-brass-table-numbers/,10 x Antique Brass Table Numbers,,incabella-images\_site\IMG_7095.jpeg
https://www.incabella.co.uk/product/10-x-antique-brass-table-numbers/,10 x Antique Brass Table Numbers,,incabella-images\_site\IMG_7095.jpeg
https://www.incabella.co.uk/product/10-x-antique-brass-table-numbers/,10 x Antique Brass Table Numbers,,incabella-images\_site\6A9461D2-8C98-4412-BC65-4CDD37EF0A5D.jpeg
https://www.incabella.co.uk/product/10-x-antique-brass-table-numbers/,10 x Antique Brass Table Numbers,,incabella-images\_site\6A9461D2-8C98-4412-BC65-4CDD37EF0A5D.jpeg
https://www.incabella.co.uk/product/10-x-antique-brass-table-numbers/,10 x Antique Brass Table Numbers,,incabella-images\_site\IMG_1970.jpg
https://www.incabella.co.uk/product/10-x-antique-brass-table-numbers/,10 x Antique Brass Table Numbers,,incabella-images\_site\IMG_1970-510x652@2x.jpg
https://www.incabella.co.uk/product/10-x-antique-brass-table-numbers/,10 x Antique Brass Table Numbers,,incabella-images\_site\Image-3.jpg
https://www.incabella.co.uk/product/10-x-antique-brass-table-numbers/,10 x Antique Brass Table Numbers,,incabella-images\_site\Image-3-510x652@2x.jpg
https://www.incabella.co.uk/product/10-x-antique-brass-table-numbers/,10 x Antique Brass Table Numbers,,incabella-images\_site\IMG_4803.jpg
https://www.incabella.co.uk/product/10-x-antique-brass-table-numbers/,10 x Antique Brass Table Numbers,,incabella-images\_site\IMG_4803-510x652@2x.jpg
https://www.incabella.co.uk/product/10-x-antique-brass-table-numbers/,10 x Antique Brass Table Numbers,,incabella-images\_site\IMG_4803.jpg
https://www.incabella.co.uk/product/10-x-antique-brass-table-numbers/,10 x Antique Brass Table Numbers,,incabella-images\_site\IMG_4803-510x652@2x.jpg
https://www.incabella.co.uk/product/10-x-antique-brass-table-numbers/,10 x Antique Brass Table Numbers,,incabella-images\_site\IMG_4217-e1615561069483.jpg
https://www.incabella.co.uk/product/10-x-antique-brass-table-numbers/,10 x Antique Brass Table Numbers,,incabella-images\_site\IMG_4217-e1615561069483.jpg
https://www.incabella.co.uk/product/10-x-antique-brass-table-numbers/,10 x Antique Brass Table Numbers,,incabella-images\_site\IMG_5159-e1615638036380.jpg
https://www.incabella.co.uk/product/10-x-antique-brass-table-numbers/,10 x Antique Brass Table Numbers,,incabella-images\_site\IMG_5159-e1615638036380.jpg
https://www.incabella.co.uk/product/10-x-antique-brass-table-numbers/,10 x Antique Brass Table Numbers,,incabella-images\_site\IMG_1673.jpg
https://www.incabella.co.uk/product/10-x-antique-brass-table-numbers/,10 x Antique Brass Table Numbers,,incabella-images\_site\IMG_1673-510x652@2x.jpg
https://www.incabella.co.uk/product/10-x-antique-brass-table-numbers/,10 x Antique Brass Table Numbers,,incabella-images\_site\4600494.jpg
https://www.incabella.co.uk/product/10-x-antique-brass-table-numbers/,10 x Antique Brass Table Numbers,,incabella-images\_site\4600494-114x145@2x.jpg
https://www.incabella.co.uk/product/10-x-antique-brass-table-numbers/,10 x Antique Brass Table Numbers,,incabella-images\_site\IMG_7450.jpeg
https://www.incabella.co.uk/product/10-x-antique-brass-table-numbers/,10 x Antique Brass Table Numbers,,incabella-images\_site\IMG_7450.jpeg
https://www.incabella.co.uk/product/10-x-antique-brass-table-numbers/,10 x Antique Brass Table Numbers,,incabella-images\_site\IMG_1085.jpg
https://www.incabella.co.uk/product/10-x-antique-brass-table-numbers/,10 x Antique Brass Table Numbers,,incabella-images\_site\IMG_1085-510x652@2x.jpg
https://www.incabella.co.uk/product/10-x-antique-brass-table-numbers/,10 x Antique Brass Table Numbers,,incabella-images\_site\25AB7D13-7599-412B-B88E-B43BB927A3F8.jpeg
https://www.incabella.co.uk/product/10-x-antique-brass-table-numbers/,10 x Antique Brass Table Numbers,,incabella-images\_site\25AB7D13-7599-412B-B88E-B43BB927A3F8.jpeg
https://www.incabella.co.uk/product/10-x-antique-brass-table-numbers/,10 x Antique Brass Table Numbers,,incabella-images\_site\IMG_4492.jpg
https://www.incabella.co.uk/product/10-x-antique-brass-table-numbers/,10 x Antique Brass Table Numbers,,incabella-images\_site\IMG_4492.jpg
https://www.incabella.co.uk/product/10-x-antique-brass-table-numbers/,10 x Antique Brass Table Numbers,,incabella-images\_site\IMG_1684.jpeg
https://www.incabella.co.uk/product/10-x-antique-brass-table-numbers/,10 x Antique Brass Table Numbers,,incabella-images\_site\IMG_1684.jpeg
https://www.incabella.co.uk/product/10-x-antique-brass-table-numbers/,10 x Antique Brass Table Numbers,,incabella-images\_site\621943C4-766A-4041-A514-A62C4C49CE51-1.jpeg
https://www.incabella.co.uk/product/10-x-antique-brass-table-numbers/,10 x Antique Brass Table Numbers,,incabella-images\_site\621943C4-766A-4041-A514-A62C4C49CE51-1.jpeg
https://www.incabella.co.uk/product/10-x-antique-brass-table-numbers/,10 x Antique Brass Table Numbers,,incabella-images\_site\EL-ES-APR-2022-0435.jpg
https://www.incabella.co.uk/product/10-x-antique-brass-table-numbers/,10 x Antique Brass Table Numbers,,incabella-images\_site\EL-ES-APR-2022-0435.jpg
https://www.incabella.co.uk/product/10-x-antique-brass-table-numbers/,10 x Antique Brass Table Numbers,,incabella-images\_site\IMG_0520.jpeg
https://www.incabella.co.uk/product/10-x-antique-brass-table-numbers/,10 x Antique Brass Table Numbers,,incabella-images\_site\IMG_0520.jpeg
https://www.incabella.co.uk/product/10-x-antique-brass-table-numbers/,10 x Antique Brass Table Numbers,,incabella-images\_site\IMG_7953.jpeg
https://www.incabella.co.uk/product/10-x-antique-brass-table-numbers/,10 x Antique Brass Table Numbers,,incabella-images\_site\IMG_7953.jpeg
https://www.incabella.co.uk/product/10-x-antique-brass-table-numbers/,10 x Antique Brass Table Numbers,,incabella-images\_site\873F2BAE-D7E1-4031-9F1F-6913BD571894.jpeg
https://www.incabella.co.uk/product/10-x-antique-brass-table-numbers/,10 x Antique Brass Table Numbers,,incabella-images\_site\873F2BAE-D7E1-4031-9F1F-6913BD571894.jpeg
https://www.incabella.co.uk/product/10-x-antique-brass-table-numbers/,10 x Antique Brass Table Numbers,,incabella-images\_site\Image.jpg
https://www.incabella.co.uk/product/10-x-antique-brass-table-numbers/,10 x Antique Brass Table Numbers,,incabella-images\_site\Image.jpg
https://www.incabella.co.uk/product/10-x-antique-brass-table-numbers/,10 x Antique Brass Table Numbers,,incabella-images\_site\IMG_9301.jpg
https://www.incabella.co.uk/product/10-x-antique-brass-table-numbers/,10 x Antique Brass Table Numbers,,incabella-images\_site\IMG_9301-510x652@2x.jpg
https://www.incabella.co.uk/product/10-x-antique-brass-table-numbers/,10 x Antique Brass Table Numbers,,incabella-images\_site\IncaBella_logo_02.png
https://www.incabella.co.uk/product/cast-iron-red-post-box/,Cast Iron Red Post Box,,incabella-images\_site\IncaBella_logo_02.png
https://www.incabella.co.uk/product/cast-iron-red-post-box/,Cast Iron Red Post Box,,incabella-images\_site\IMG_2205.jpg
https://www.incabella.co.uk/product/cast-iron-red-post-box/,Cast Iron Red Post Box,,incabella-images\_site\IMG_2205.jpg
https://www.incabella.co.uk/product/cast-iron-red-post-box/,Cast Iron Red Post Box,,incabella-images\_site\IMG_2205-510x652@2x.jpg
https://www.incabella.co.uk/product/cast-iron-red-post-box/,Cast Iron Red Post Box,,incabella-images\_site\IMG_2203.jpg
https://www.incabella.co.uk/product/cast-iron-red-post-box/,Cast Iron Red Post Box,,incabella-images\_site\IMG_2203.jpg
https://www.incabella.co.uk/product/cast-iron-red-post-box/,Cast Iron Red Post Box,,incabella-images\_site\IMG_2203-510x652@2x.jpg
https://www.incabella.co.uk/product/cast-iron-red-post-box/,Cast Iron Red Post Box,,incabella-images\_site\IMG_2205.jpg
https://www.incabella.co.uk/product/cast-iron-red-post-box/,Cast Iron Red Post Box,,incabella-images\_site\IMG_2205.jpg
https://www.incabella.co.uk/product/cast-iron-red-post-box/,Cast Iron Red Post Box,,incabella-images\_site\IMG_2205-510x652@2x.jpg
https://www.incabella.co.uk/product/cast-iron-red-post-box/,Cast Iron Red Post Box,,incabella-images\product_cast-iron-red-post-box\IMG_2207.jpg
https://www.incabella.co.uk/product/cast-iron-red-post-box/,Cast Iron Red Post Box,,incabella-images\product_cast-iron-red-post-box\IMG_2207.jpg
https://www.incabella.co.uk/product/cast-iron-red-post-box/,Cast Iron Red Post Box,,incabella-images\product_cast-iron-red-post-box\IMG_2207-510x652@2x.jpg
https://www.incabella.co.uk/product/cast-iron-red-post-box/,Cast Iron Red Post Box,,incabella-images\product_cast-iron-red-post-box\IMG_2208.jpg
https://www.incabella.co.uk/product/cast-iron-red-post-box/,Cast Iron Red Post Box,,incabella-images\product_cast-iron-red-post-box\IMG_2208.jpg
https://www.incabella.co.uk/product/cast-iron-red-post-box/,Cast Iron Red Post Box,,incabella-images\product_cast-iron-red-post-box\IMG_2208-510x652@2x.jpg
https://www.incabella.co.uk/product/cast-iron-red-post-box/,Cast Iron Red Post Box,,incabella-images\_site\IMG_2205.jpg
https://www.incabella.co.uk/product/cast-iron-red-post-box/,Cast Iron Red Post Box,,incabella-images\_site\IMG_2205-510x652@2x.jpg
https://www.incabella.co.uk/product/cast-iron-red-post-box/,Cast Iron Red Post Box,,incabella-images\_site\IMG_2203.jpg
https://www.incabella.co.uk/product/cast-iron-red-post-box/,Cast Iron Red Post Box,,incabella-images\_site\IMG_2203-510x652@2x.jpg
https://www.incabella.co.uk/product/cast-iron-red-post-box/,Cast Iron Red Post Box,,incabella-images\_site\IMG_2205.jpg
https://www.incabella.co.uk/product/cast-iron-red-post-box/,Cast Iron Red Post Box,,incabella-images\_site\IMG_2205-510x652@2x.jpg
https://www.incabella.co.uk/product/cast-iron-red-post-box/,Cast Iron Red Post Box,,incabella-images\product_cast-iron-red-post-box\IMG_2207.jpg
https://www.incabella.co.uk/product/cast-iron-red-post-box/,Cast Iron Red Post Box,,incabella-images\product_cast-iron-red-post-box\IMG_2207-510x652@2x.jpg
https://www.incabella.co.uk/product/cast-iron-red-post-box/,Cast Iron Red Post Box,,incabella-images\product_cast-iron-red-post-box\IMG_2208.jpg
https://www.incabella.co.uk/product/cast-iron-red-post-box/,Cast Iron Red Post Box,,incabella-images\product_cast-iron-red-post-box\IMG_2208-510x652@2x.jpg
https://www.incabella.co.uk/product/cast-iron-red-post-box/,Cast Iron Red Post Box,,incabella-images\_site\image10.jpeg
https://www.incabella.co.uk/product/cast-iron-red-post-box/,Cast Iron Red Post Box,,incabella-images\_site\image10.jpeg
https://www.incabella.co.uk/product/cast-iron-red-post-box/,Cast Iron Red Post Box,,incabella-images\_site\20473090a409721a3a4007908b32130e.jpg
https://www.incabella.co.uk/product/cast-iron-red-post-box/,Cast Iron Red Post Box,,incabella-images\_site\20473090a409721a3a4007908b32130e.jpg
https://www.incabella.co.uk/product/cast-iron-red-post-box/,Cast Iron Red Post Box,,incabella-images\_site\IMG_E1342.jpg
https://www.incabella.co.uk/product/cast-iron-red-post-box/,Cast Iron Red Post Box,,incabella-images\_site\IMG_E1342.jpg
https://www.incabella.co.uk/product/cast-iron-red-post-box/,Cast Iron Red Post Box,,incabella-images\_site\clear-glass-hurricane-lantern.jpeg
https://www.incabella.co.uk/product/cast-iron-red-post-box/,Cast Iron Red Post Box,,incabella-images\_site\clear-glass-hurricane-lantern.jpeg
https://www.incabella.co.uk/product/cast-iron-red-post-box/,Cast Iron Red Post Box,,incabella-images\_site\Sparkling-Silver-T-Light-20000102-A_20765.jpeg
https://www.incabella.co.uk/product/cast-iron-red-post-box/,Cast Iron Red Post Box,,incabella-images\_site\Sparkling-Silver-T-Light-20000102-A_20765.jpeg
https://www.incabella.co.uk/product/cast-iron-red-post-box/,Cast Iron Red Post Box,,incabella-images\_site\Sparkling-Silver-T-Light-Holder-IMG_4275.jpeg
https://www.incabella.co.uk/product/cast-iron-red-post-box/,Cast Iron Red Post Box,,incabella-images\_site\Sparkling-Silver-T-Light-Holder-IMG_4275.jpeg
https://www.incabella.co.uk/product/cast-iron-red-post-box/,Cast Iron Red Post Box,,incabella-images\_site\Sparkling-Silver-T-Light-20000102-A_20765.jpeg
https://www.incabella.co.uk/product/cast-iron-red-post-box/,Cast Iron Red Post Box,,incabella-images\_site\Sparkling-Silver-T-Light-20000102-A_20765.jpeg
https://www.incabella.co.uk/product/cast-iron-red-post-box/,Cast Iron Red Post Box,,incabella-images\_site\Sparkling-Silver-T-Light-Holder-IMG_4275.jpeg
https://www.incabella.co.uk/product/cast-iron-red-post-box/,Cast Iron Red Post Box,,incabella-images\_site\Sparkling-Silver-T-Light-Holder-IMG_4275.jpeg
https://www.incabella.co.uk/product/cast-iron-red-post-box/,Cast Iron Red Post Box,,incabella-images\_site\IMG_1709.jpg
https://www.incabella.co.uk/product/cast-iron-red-post-box/,Cast Iron Red Post Box,,incabella-images\_site\IMG_1709-510x652@2x.jpg
https://www.incabella.co.uk/product/cast-iron-red-post-box/,Cast Iron Red Post Box,,incabella-images\_site\tlt-hld-wbells-h80mm-clr-gls.jpeg
https://www.incabella.co.uk/product/cast-iron-red-post-box/,Cast Iron Red Post Box,,incabella-images\_site\tlt-hld-wbells-h80mm-clr-gls.jpeg
https://www.incabella.co.uk/product/cast-iron-red-post-box/,Cast Iron Red Post Box,,incabella-images\_site\hanging-heart-tea-light-holder.jpeg
https://www.incabella.co.uk/product/cast-iron-red-post-box/,Cast Iron Red Post Box,,incabella-images\_site\hanging-heart-tea-light-holder.jpeg
https://www.incabella.co.uk/product/cast-iron-red-post-box/,Cast Iron Red Post Box,,incabella-images\_site\hanging-heart-tea-light-holder.jpeg
https://www.incabella.co.uk/product/cast-iron-red-post-box/,Cast Iron Red Post Box,,incabella-images\_site\hanging-heart-tea-light-holder.jpeg
https://www.incabella.co.uk/product/cast-iron-red-post-box/,Cast Iron Red Post Box,,incabella-images\_site\IMG_0946.jpeg
https://www.incabella.co.uk/product/cast-iron-red-post-box/,Cast Iron Red Post Box,,incabella-images\_site\IMG_0946.jpeg
https://www.incabella.co.uk/product/cast-iron-red-post-box/,Cast Iron Red Post Box,,incabella-images\_site\lantern-wrope-hndl-h250x180mm-gls-grey.jpeg
https://www.incabella.co.uk/product/cast-iron-red-post-box/,Cast Iron Red Post Box,,incabella-images\_site\lantern-wrope-hndl-h250x180mm-gls-grey.jpeg
https://www.incabella.co.uk/product/cast-iron-red-post-box/,Cast Iron Red Post Box,,incabella-images\_site\sana-storm-lantern.jpg
https://www.incabella.co.uk/product/cast-iron-red-post-box/,Cast Iron Red Post Box,,incabella-images\_site\sana-storm-lantern.jpg
https://www.incabella.co.uk/product/cast-iron-red-post-box/,Cast Iron Red Post Box,,incabella-images\_site\A-FS-S-FS-A-SANA-STORM-LANTERN-SQ-7.jpeg
https://www.incabella.co.uk/product/cast-iron-red-post-box/,Cast Iron Red Post Box,,incabella-images\_site\A-FS-S-FS-A-SANA-STORM-LANTERN-SQ-7.jpeg
https://www.incabella.co.uk/product/cast-iron-red-post-box/,Cast Iron Red Post Box,,incabella-images\_site\IMG_1673.jpg
https://www.incabella.co.uk/product/cast-iron-red-post-box/,Cast Iron Red Post Box,,incabella-images\_site\IMG_1673-510x652@2x.jpg
https://www.incabella.co.uk/product/cast-iron-red-post-box/,Cast Iron Red Post Box,,incabella-images\_site\4600494.jpg
https://www.incabella.co.uk/product/cast-iron-red-post-box/,Cast Iron Red Post Box,,incabella-images\_site\4600494-114x145@2x.jpg
https://www.incabella.co.uk/product/cast-iron-red-post-box/,Cast Iron Red Post Box,,incabella-images\_site\IMG_3468.jpg
https://www.incabella.co.uk/product/cast-iron-red-post-box/,Cast Iron Red Post Box,,incabella-images\_site\IMG_3468-510x652@2x.jpg
https://www.incabella.co.uk/product/cast-iron-red-post-box/,Cast Iron Red Post Box,,incabella-images\_site\IMG_3464.jpg
https://www.incabella.co.uk/product/cast-iron-red-post-box/,Cast Iron Red Post Box,,incabella-images\_site\IMG_3464-510x652@2x.jpg
https://www.incabella.co.uk/product/cast-iron-red-post-box/,Cast Iron Red Post Box,,incabella-images\_site\IMG_1970.jpg
https://www.incabella.co.uk/product/cast-iron-red-post-box/,Cast Iron Red Post Box,,incabella-images\_site\IMG_1970-510x652@2x.jpg
https://www.incabella.co.uk/product/cast-iron-red-post-box/,Cast Iron Red Post Box,,incabella-images\_site\Image-3.jpg
https://www.incabella.co.uk/product/cast-iron-red-post-box/,Cast Iron Red Post Box,,incabella-images\_site\Image-3-510x652@2x.jpg
https://www.incabella.co.uk/product/cast-iron-red-post-box/,Cast Iron Red Post Box,,incabella-images\_site\IMG_7149.jpeg
https://www.incabella.co.uk/product/cast-iron-red-post-box/,Cast Iron Red Post Box,,incabella-images\_site\IMG_7149.jpeg
https://www.incabella.co.uk/product/cast-iron-red-post-box/,Cast Iron Red Post Box,,incabella-images\_site\E57C0BFC-9306-42C5-8AE4-7F77EFE434AA.jpeg
https://www.incabella.co.uk/product/cast-iron-red-post-box/,Cast Iron Red Post Box,,incabella-images\_site\E57C0BFC-9306-42C5-8AE4-7F77EFE434AA.jpeg
https://www.incabella.co.uk/product/cast-iron-red-post-box/,Cast Iron Red Post Box,,incabella-images\_site\IMG_3120.jpg
https://www.incabella.co.uk/product/cast-iron-red-post-box/,Cast Iron Red Post Box,,incabella-images\_site\IMG_3120-510x652@2x.jpg
https://www.incabella.co.uk/product/cast-iron-red-post-box/,Cast Iron Red Post Box,,incabella-images\_site\IMG_3119.jpg
https://www.incabella.co.uk/product/cast-iron-red-post-box/,Cast Iron Red Post Box,,incabella-images\_site\IMG_3119-510x652@2x.jpg
https://www.incabella.co.uk/product/cast-iron-red-post-box/,Cast Iron Red Post Box,,incabella-images\_site\IMG_0545.jpeg
https://www.incabella.co.uk/product/cast-iron-red-post-box/,Cast Iron Red Post Box,,incabella-images\_site\IMG_0545.jpeg
https://www.incabella.co.uk/product/cast-iron-red-post-box/,Cast Iron Red Post Box,,incabella-images\_site\8327bd708a67d45dc7f6637f3e61ffa5.jpg
https://www.incabella.co.uk/product/cast-iron-red-post-box/,Cast Iron Red Post Box,,incabella-images\_site\8327bd708a67d45dc7f6637f3e61ffa5.jpg
https://www.incabella.co.uk/product/cast-iron-red-post-box/,Cast Iron Red Post Box,,incabella-images\_site\25AB7D13-7599-412B-B88E-B43BB927A3F8.jpeg
https://www.incabella.co.uk/product/cast-iron-red-post-box/,Cast Iron Red Post Box,,incabella-images\_site\25AB7D13-7599-412B-B88E-B43BB927A3F8.jpeg
https://www.incabella.co.uk/product/cast-iron-red-post-box/,Cast Iron Red Post Box,,incabella-images\_site\IMG_4492.jpg
https://www.incabella.co.uk/product/cast-iron-red-post-box/,Cast Iron Red Post Box,,incabella-images\_site\IMG_4492.jpg
https://www.incabella.co.uk/product/cast-iron-red-post-box/,Cast Iron Red Post Box,,incabella-images\_site\IMG_1158.jpg
https://www.incabella.co.uk/product/cast-iron-red-post-box/,Cast Iron Red Post Box,,incabella-images\_site\IMG_1158-190x243@2x.jpg
https://www.incabella.co.uk/product/cast-iron-red-post-box/,Cast Iron Red Post Box,,incabella-images\_site\IMG_3519.jpg
https://www.incabella.co.uk/product/cast-iron-red-post-box/,Cast Iron Red Post Box,,incabella-images\_site\IMG_3519-510x652@2x.jpg
https://www.incabella.co.uk/product/cast-iron-red-post-box/,Cast Iron Red Post Box,,incabella-images\_site\Image.jpg
https://www.incabella.co.uk/product/cast-iron-red-post-box/,Cast Iron Red Post Box,,incabella-images\_site\Image.jpg
https://www.incabella.co.uk/product/cast-iron-red-post-box/,Cast Iron Red Post Box,,incabella-images\_site\IMG_9301.jpg
https://www.incabella.co.uk/product/cast-iron-red-post-box/,Cast Iron Red Post Box,,incabella-images\_site\IMG_9301-510x652@2x.jpg
https://www.incabella.co.uk/product/cast-iron-red-post-box/,Cast Iron Red Post Box,,incabella-images\_site\fullsizeoutput_50c2.jpeg
https://www.incabella.co.uk/product/cast-iron-red-post-box/,Cast Iron Red Post Box,,incabella-images\_site\fullsizeoutput_50c2.jpeg
https://www.incabella.co.uk/product/cast-iron-red-post-box/,Cast Iron Red Post Box,,incabella-images\_site\IMG_6448-e1520889491374.jpg
https://www.incabella.co.uk/product/cast-iron-red-post-box/,Cast Iron Red Post Box,,incabella-images\_site\IMG_6448-e1520889491374.jpg
https://www.incabella.co.uk/product/cast-iron-red-post-box/,Cast Iron Red Post Box,,incabella-images\_site\2B86C02D-B992-47FD-8154-292F2FE7C354.jpeg
https://www.incabella.co.uk/product/cast-iron-red-post-box/,Cast Iron Red Post Box,,incabella-images\_site\2B86C02D-B992-47FD-8154-292F2FE7C354.jpeg
https://www.incabella.co.uk/product/cast-iron-red-post-box/,Cast Iron Red Post Box,,incabella-images\_site\2B86C02D-B992-47FD-8154-292F2FE7C354.jpeg
https://www.incabella.co.uk/product/cast-iron-red-post-box/,Cast Iron Red Post Box,,incabella-images\_site\2B86C02D-B992-47FD-8154-292F2FE7C354.jpeg
https://www.incabella.co.uk/product/cast-iron-red-post-box/,Cast Iron Red Post Box,,incabella-images\_site\29329CBA-9791-4C5A-9FA8-1596D8E787E6.jpeg
https://www.incabella.co.uk/product/cast-iron-red-post-box/,Cast Iron Red Post Box,,incabella-images\_site\29329CBA-9791-4C5A-9FA8-1596D8E787E6.jpeg
https://www.incabella.co.uk/product/cast-iron-red-post-box/,Cast Iron Red Post Box,,incabella-images\_site\A7EF519C-3D41-4840-81D8-93E282E1606F.jpeg
https://www.incabella.co.uk/product/cast-iron-red-post-box/,Cast Iron Red Post Box,,incabella-images\_site\A7EF519C-3D41-4840-81D8-93E282E1606F.jpeg
https://www.incabella.co.uk/product/cast-iron-red-post-box/,Cast Iron Red Post Box,,incabella-images\_site\IncaBella_logo_02.png
https://www.incabella.co.uk/product/woodenpostbox/,Wooden Post Box,,incabella-images\_site\IncaBella_logo_02.png
https://www.incabella.co.uk/product/woodenpostbox/,Wooden Post Box,,incabella-images\_site\IMG_7453.jpeg
https://www.incabella.co.uk/product/woodenpostbox/,Wooden Post Box,,incabella-images\_site\IMG_7453.jpeg
https://www.incabella.co.uk/product/woodenpostbox/,Wooden Post Box,,incabella-images\_site\IMG_7453.jpeg
https://www.incabella.co.uk/product/woodenpostbox/,Wooden Post Box,,incabella-images\_site\image7.jpeg
https://www.incabella.co.uk/product/woodenpostbox/,Wooden Post Box,,incabella-images\_site\image7.jpeg
https://www.incabella.co.uk/product/woodenpostbox/,Wooden Post Box,,incabella-images\_site\image7.jpeg
https://www.incabella.co.uk/product/woodenpostbox/,Wooden Post Box,,incabella-images\product_woodenpostbox\image8.jpeg
https://www.incabella.co.uk/product/woodenpostbox/,Wooden Post Box,,incabella-images\product_woodenpostbox\image8.jpeg
https://www.incabella.co.uk/product/woodenpostbox/,Wooden Post Box,,incabella-images\product_woodenpostbox\image8.jpeg
https://www.incabella.co.uk/product/woodenpostbox/,Wooden Post Box,,incabella-images\_site\IMG_7453.jpeg
https://www.incabella.co.uk/product/woodenpostbox/,Wooden Post Box,,incabella-images\_site\IMG_7453.jpeg
https://www.incabella.co.uk/product/woodenpostbox/,Wooden Post Box,,incabella-images\_site\image7.jpeg
https://www.incabella.co.uk/product/woodenpostbox/,Wooden Post Box,,incabella-images\_site\image7.jpeg
https://www.incabella.co.uk/product/woodenpostbox/,Wooden Post Box,,incabella-images\product_woodenpostbox\image8.jpeg
https://www.incabella.co.uk/product/woodenpostbox/,Wooden Post Box,,incabella-images\product_woodenpostbox\image8.jpeg
https://www.incabella.co.uk/product/woodenpostbox/,Wooden Post Box,,incabella-images\_site\Sparkling-Silver-T-Light-20000102-A_20765.jpeg
https://www.incabella.co.uk/product/woodenpostbox/,Wooden Post Box,,incabella-images\_site\Sparkling-Silver-T-Light-20000102-A_20765.jpeg
https://www.incabella.co.uk/product/woodenpostbox/,Wooden Post Box,,incabella-images\_site\Sparkling-Silver-T-Light-Holder-IMG_4275.jpeg
https://www.incabella.co.uk/product/woodenpostbox/,Wooden Post Box,,incabella-images\_site\Sparkling-Silver-T-Light-Holder-IMG_4275.jpeg
https://www.incabella.co.uk/product/woodenpostbox/,Wooden Post Box,,incabella-images\_site\Sparkling-Silver-T-Light-20000102-A_20765.jpeg
https://www.incabella.co.uk/product/woodenpostbox/,Wooden Post Box,,incabella-images\_site\Sparkling-Silver-T-Light-20000102-A_20765.jpeg
https://www.incabella.co.uk/product/woodenpostbox/,Wooden Post Box,,incabella-images\_site\Sparkling-Silver-T-Light-Holder-IMG_4275.jpeg
https://www.incabella.co.uk/product/woodenpostbox/,Wooden Post Box,,incabella-images\_site\Sparkling-Silver-T-Light-Holder-IMG_4275.jpeg
https://www.incabella.co.uk/product/woodenpostbox/,Wooden Post Box,,incabella-images\_site\image10.jpeg
https://www.incabella.co.uk/product/woodenpostbox/,Wooden Post Box,,incabella-images\_site\image10.jpeg
https://www.incabella.co.uk/product/woodenpostbox/,Wooden Post Box,,incabella-images\_site\20473090a409721a3a4007908b32130e.jpg
https://www.incabella.co.uk/product/woodenpostbox/,Wooden Post Box,,incabella-images\_site\20473090a409721a3a4007908b32130e.jpg
https://www.incabella.co.uk/product/woodenpostbox/,Wooden Post Box,,incabella-images\_site\IMG_E1342.jpg
https://www.incabella.co.uk/product/woodenpostbox/,Wooden Post Box,,incabella-images\_site\IMG_E1342.jpg
https://www.incabella.co.uk/product/woodenpostbox/,Wooden Post Box,,incabella-images\_site\clear-glass-hurricane-lantern.jpeg
https://www.incabella.co.uk/product/woodenpostbox/,Wooden Post Box,,incabella-images\_site\clear-glass-hurricane-lantern.jpeg
https://www.incabella.co.uk/product/woodenpostbox/,Wooden Post Box,,incabella-images\_site\sana-storm-lantern.jpg
https://www.incabella.co.uk/product/woodenpostbox/,Wooden Post Box,,incabella-images\_site\sana-storm-lantern.jpg
https://www.incabella.co.uk/product/woodenpostbox/,Wooden Post Box,,incabella-images\_site\A-FS-S-FS-A-SANA-STORM-LANTERN-SQ-7.jpeg
https://www.incabella.co.uk/product/woodenpostbox/,Wooden Post Box,,incabella-images\_site\A-FS-S-FS-A-SANA-STORM-LANTERN-SQ-7.jpeg
https://www.incabella.co.uk/product/woodenpostbox/,Wooden Post Box,,incabella-images\_site\hanging-heart-tea-light-holder.jpeg
https://www.incabella.co.uk/product/woodenpostbox/,Wooden Post Box,,incabella-images\_site\hanging-heart-tea-light-holder.jpeg
https://www.incabella.co.uk/product/woodenpostbox/,Wooden Post Box,,incabella-images\_site\hanging-heart-tea-light-holder.jpeg
https://www.incabella.co.uk/product/woodenpostbox/,Wooden Post Box,,incabella-images\_site\hanging-heart-tea-light-holder.jpeg
https://www.incabella.co.uk/product/woodenpostbox/,Wooden Post Box,,incabella-images\_site\IMG_0946.jpeg
https://www.incabella.co.uk/product/woodenpostbox/,Wooden Post Box,,incabella-images\_site\IMG_0946.jpeg
https://www.incabella.co.uk/product/woodenpostbox/,Wooden Post Box,,incabella-images\_site\lantern-wrope-hndl-h250x180mm-gls-grey.jpeg
https://www.incabella.co.uk/product/woodenpostbox/,Wooden Post Box,,incabella-images\_site\lantern-wrope-hndl-h250x180mm-gls-grey.jpeg
https://www.incabella.co.uk/product/woodenpostbox/,Wooden Post Box,,incabella-images\_site\IMG_1709.jpg
https://www.incabella.co.uk/product/woodenpostbox/,Wooden Post Box,,incabella-images\_site\IMG_1709-510x652@2x.jpg
https://www.incabella.co.uk/product/woodenpostbox/,Wooden Post Box,,incabella-images\_site\tlt-hld-wbells-h80mm-clr-gls.jpeg
https://www.incabella.co.uk/product/woodenpostbox/,Wooden Post Box,,incabella-images\_site\tlt-hld-wbells-h80mm-clr-gls.jpeg
https://www.incabella.co.uk/product/woodenpostbox/,Wooden Post Box,,incabella-images\_site\2B86C02D-B992-47FD-8154-292F2FE7C354.jpeg
https://www.incabella.co.uk/product/woodenpostbox/,Wooden Post Box,,incabella-images\_site\2B86C02D-B992-47FD-8154-292F2FE7C354.jpeg
https://www.incabella.co.uk/product/woodenpostbox/,Wooden Post Box,,incabella-images\_site\2B86C02D-B992-47FD-8154-292F2FE7C354.jpeg
https://www.incabella.co.uk/product/woodenpostbox/,Wooden Post Box,,incabella-images\_site\2B86C02D-B992-47FD-8154-292F2FE7C354.jpeg
https://www.incabella.co.uk/product/woodenpostbox/,Wooden Post Box,,incabella-images\_site\IMG_7450.jpeg
https://www.incabella.co.uk/product/woodenpostbox/,Wooden Post Box,,incabella-images\_site\IMG_7450.jpeg
https://www.incabella.co.uk/product/woodenpostbox/,Wooden Post Box,,incabella-images\_site\IMG_1085.jpg
https://www.incabella.co.uk/product/woodenpostbox/,Wooden Post Box,,incabella-images\_site\IMG_1085-510x652@2x.jpg
https://www.incabella.co.uk/product/woodenpostbox/,Wooden Post Box,,incabella-images\_site\fullsizeoutput_50c2.jpeg
https://www.incabella.co.uk/product/woodenpostbox/,Wooden Post Box,,incabella-images\_site\fullsizeoutput_50c2.jpeg
https://www.incabella.co.uk/product/woodenpostbox/,Wooden Post Box,,incabella-images\_site\IMG_6448-e1520889491374.jpg
https://www.incabella.co.uk/product/woodenpostbox/,Wooden Post Box,,incabella-images\_site\IMG_6448-e1520889491374.jpg
https://www.incabella.co.uk/product/woodenpostbox/,Wooden Post Box,,incabella-images\_site\IMG_4803.jpg
https://www.incabella.co.uk/product/woodenpostbox/,Wooden Post Box,,incabella-images\_site\IMG_4803-510x652@2x.jpg
https://www.incabella.co.uk/product/woodenpostbox/,Wooden Post Box,,incabella-images\_site\IMG_4803.jpg
https://www.incabella.co.uk/product/woodenpostbox/,Wooden Post Box,,incabella-images\_site\IMG_4803-510x652@2x.jpg
https://www.incabella.co.uk/product/woodenpostbox/,Wooden Post Box,,incabella-images\_site\english-country-bunting.jpg
https://www.incabella.co.uk/product/woodenpostbox/,Wooden Post Box,,incabella-images\_site\english-country-bunting-114x145@2x.jpg
https://www.incabella.co.uk/product/woodenpostbox/,Wooden Post Box,,incabella-images\_site\english-country-bunting.jpg
https://www.incabella.co.uk/product/woodenpostbox/,Wooden Post Box,,incabella-images\_site\english-country-bunting-114x145@2x.jpg
https://www.incabella.co.uk/product/woodenpostbox/,Wooden Post Box,,incabella-images\_site\IMG_0545.jpeg
https://www.incabella.co.uk/product/woodenpostbox/,Wooden Post Box,,incabella-images\_site\IMG_0545.jpeg
https://www.incabella.co.uk/product/woodenpostbox/,Wooden Post Box,,incabella-images\_site\8327bd708a67d45dc7f6637f3e61ffa5.jpg
https://www.incabella.co.uk/product/woodenpostbox/,Wooden Post Box,,incabella-images\_site\8327bd708a67d45dc7f6637f3e61ffa5.jpg
https://www.incabella.co.uk/product/woodenpostbox/,Wooden Post Box,,incabella-images\_site\IMG_8203-e1549817586734.jpg
https://www.incabella.co.uk/product/woodenpostbox/,Wooden Post Box,,incabella-images\_site\IMG_8203-e1549817586734.jpg
https://www.incabella.co.uk/product/woodenpostbox/,Wooden Post Box,,incabella-images\_site\IMG_8203-e1549817586734.jpg
https://www.incabella.co.uk/product/woodenpostbox/,Wooden Post Box,,incabella-images\_site\IMG_8203-e1549817586734.jpg
https://www.incabella.co.uk/product/woodenpostbox/,Wooden Post Box,,incabella-images\_site\IMG_7149.jpeg
https://www.incabella.co.uk/product/woodenpostbox/,Wooden Post Box,,incabella-images\_site\IMG_7149.jpeg
https://www.incabella.co.uk/product/woodenpostbox/,Wooden Post Box,,incabella-images\_site\E57C0BFC-9306-42C5-8AE4-7F77EFE434AA.jpeg
https://www.incabella.co.uk/product/woodenpostbox/,Wooden Post Box,,incabella-images\_site\E57C0BFC-9306-42C5-8AE4-7F77EFE434AA.jpeg
https://www.incabella.co.uk/product/woodenpostbox/,Wooden Post Box,,incabella-images\_site\IMG_3750.jpg
https://www.incabella.co.uk/product/woodenpostbox/,Wooden Post Box,,incabella-images\_site\IMG_3750.jpg
https://www.incabella.co.uk/product/woodenpostbox/,Wooden Post Box,,incabella-images\_site\IMG_3812.jpg
https://www.incabella.co.uk/product/woodenpostbox/,Wooden Post Box,,incabella-images\_site\IMG_3812.jpg
https://www.incabella.co.uk/product/woodenpostbox/,Wooden Post Box,,incabella-images\_site\IMG_1673.jpg
https://www.incabella.co.uk/product/woodenpostbox/,Wooden Post Box,,incabella-images\_site\IMG_1673-510x652@2x.jpg
https://www.incabella.co.uk/product/woodenpostbox/,Wooden Post Box,,incabella-images\_site\4600494.jpg
https://www.incabella.co.uk/product/woodenpostbox/,Wooden Post Box,,incabella-images\_site\4600494-114x145@2x.jpg
https://www.incabella.co.uk/product/woodenpostbox/,Wooden Post Box,,incabella-images\_site\IMG_7145.jpeg
https://www.incabella.co.uk/product/woodenpostbox/,Wooden Post Box,,incabella-images\_site\IMG_7145.jpeg
https://www.incabella.co.uk/product/woodenpostbox/,Wooden Post Box,,incabella-images\_site\IMG_7533.jpeg
https://www.incabella.co.uk/product/woodenpostbox/,Wooden Post Box,,incabella-images\_site\IMG_7533.jpeg
https://www.incabella.co.uk/product/woodenpostbox/,Wooden Post Box,,incabella-images\_site\IMG_4163.jpg
https://www.incabella.co.uk/product/woodenpostbox/,Wooden Post Box,,incabella-images\_site\IMG_4163.jpg
https://www.incabella.co.uk/product/woodenpostbox/,Wooden Post Box,,incabella-images\_site\IMG_4162-e1517836473472.jpg
https://www.incabella.co.uk/product/woodenpostbox/,Wooden Post Box,,incabella-images\_site\IMG_4162-e1517836473472.jpg
https://www.incabella.co.uk/product/woodenpostbox/,Wooden Post Box,,incabella-images\_site\IncaBella_logo_02.png
https://www.incabella.co.uk/product/small-vintagemilkchurn/,Small Vintage Milk Churn,,incabella-images\_site\IncaBella_logo_02.png
https://www.incabella.co.uk/product/small-vintagemilkchurn/,Small Vintage Milk Churn,,incabella-images\_site\25AB7D13-7599-412B-B88E-B43BB927A3F8.jpeg
https://www.incabella.co.uk/product/small-vintagemilkchurn/,Small Vintage Milk Churn,,incabella-images\_site\25AB7D13-7599-412B-B88E-B43BB927A3F8.jpeg
https://www.incabella.co.uk/product/small-vintagemilkchurn/,Small Vintage Milk Churn,,incabella-images\_site\25AB7D13-7599-412B-B88E-B43BB927A3F8.jpeg
https://www.incabella.co.uk/product/small-vintagemilkchurn/,Small Vintage Milk Churn,,incabella-images\_site\IMG_4492.jpg
https://www.incabella.co.uk/product/small-vintagemilkchurn/,Small Vintage Milk Churn,,incabella-images\_site\IMG_4492.jpg
https://www.incabella.co.uk/product/small-vintagemilkchurn/,Small Vintage Milk Churn,,incabella-images\_site\IMG_4492.jpg
https://www.incabella.co.uk/product/small-vintagemilkchurn/,Small Vintage Milk Churn,,incabella-images\_site\25AB7D13-7599-412B-B88E-B43BB927A3F8.jpeg
https://www.incabella.co.uk/product/small-vintagemilkchurn/,Small Vintage Milk Churn,,incabella-images\_site\25AB7D13-7599-412B-B88E-B43BB927A3F8.jpeg
https://www.incabella.co.uk/product/small-vintagemilkchurn/,Small Vintage Milk Churn,,incabella-images\_site\IMG_4492.jpg
https://www.incabella.co.uk/product/small-vintagemilkchurn/,Small Vintage Milk Churn,,incabella-images\_site\IMG_4492.jpg
https://www.incabella.co.uk/product/small-vintagemilkchurn/,Small Vintage Milk Churn,,incabella-images\_site\Sparkling-Silver-T-Light-20000102-A_20765.jpeg
https://www.incabella.co.uk/product/small-vintagemilkchurn/,Small Vintage Milk Churn,,incabella-images\_site\Sparkling-Silver-T-Light-20000102-A_20765.jpeg
https://www.incabella.co.uk/product/small-vintagemilkchurn/,Small Vintage Milk Churn,,incabella-images\_site\Sparkling-Silver-T-Light-Holder-IMG_4275.jpeg
https://www.incabella.co.uk/product/small-vintagemilkchurn/,Small Vintage Milk Churn,,incabella-images\_site\Sparkling-Silver-T-Light-Holder-IMG_4275.jpeg
https://www.incabella.co.uk/product/small-vintagemilkchurn/,Small Vintage Milk Churn,,incabella-images\_site\IMG_E1342.jpg
https://www.incabella.co.uk/product/small-vintagemilkchurn/,Small Vintage Milk Churn,,incabella-images\_site\IMG_E1342.jpg
https://www.incabella.co.uk/product/small-vintagemilkchurn/,Small Vintage Milk Churn,,incabella-images\_site\clear-glass-hurricane-lantern.jpeg
https://www.incabella.co.uk/product/small-vintagemilkchurn/,Small Vintage Milk Churn,,incabella-images\_site\clear-glass-hurricane-lantern.jpeg
https://www.incabella.co.uk/product/small-vintagemilkchurn/,Small Vintage Milk Churn,,incabella-images\_site\sana-storm-lantern.jpg
https://www.incabella.co.uk/product/small-vintagemilkchurn/,Small Vintage Milk Churn,,incabella-images\_site\sana-storm-lantern.jpg
https://www.incabella.co.uk/product/small-vintagemilkchurn/,Small Vintage Milk Churn,,incabella-images\_site\A-FS-S-FS-A-SANA-STORM-LANTERN-SQ-7.jpeg
https://www.incabella.co.uk/product/small-vintagemilkchurn/,Small Vintage Milk Churn,,incabella-images\_site\A-FS-S-FS-A-SANA-STORM-LANTERN-SQ-7.jpeg
https://www.incabella.co.uk/product/small-vintagemilkchurn/,Small Vintage Milk Churn,,incabella-images\_site\image10.jpeg
https://www.incabella.co.uk/product/small-vintagemilkchurn/,Small Vintage Milk Churn,,incabella-images\_site\image10.jpeg
https://www.incabella.co.uk/product/small-vintagemilkchurn/,Small Vintage Milk Churn,,incabella-images\_site\20473090a409721a3a4007908b32130e.jpg
https://www.incabella.co.uk/product/small-vintagemilkchurn/,Small Vintage Milk Churn,,incabella-images\_site\20473090a409721a3a4007908b32130e.jpg
https://www.incabella.co.uk/product/small-vintagemilkchurn/,Small Vintage Milk Churn,,incabella-images\_site\IMG_1709.jpg
https://www.incabella.co.uk/product/small-vintagemilkchurn/,Small Vintage Milk Churn,,incabella-images\_site\IMG_1709-510x652@2x.jpg
https://www.incabella.co.uk/product/small-vintagemilkchurn/,Small Vintage Milk Churn,,incabella-images\_site\tlt-hld-wbells-h80mm-clr-gls.jpeg
https://www.incabella.co.uk/product/small-vintagemilkchurn/,Small Vintage Milk Churn,,incabella-images\_site\tlt-hld-wbells-h80mm-clr-gls.jpeg
https://www.incabella.co.uk/product/small-vintagemilkchurn/,Small Vintage Milk Churn,,incabella-images\_site\IMG_0946.jpeg
https://www.incabella.co.uk/product/small-vintagemilkchurn/,Small Vintage Milk Churn,,incabella-images\_site\IMG_0946.jpeg
https://www.incabella.co.uk/product/small-vintagemilkchurn/,Small Vintage Milk Churn,,incabella-images\_site\lantern-wrope-hndl-h250x180mm-gls-grey.jpeg
https://www.incabella.co.uk/product/small-vintagemilkchurn/,Small Vintage Milk Churn,,incabella-images\_site\lantern-wrope-hndl-h250x180mm-gls-grey.jpeg
https://www.incabella.co.uk/product/small-vintagemilkchurn/,Small Vintage Milk Churn,,incabella-images\_site\hanging-heart-tea-light-holder.jpeg
https://www.incabella.co.uk/product/small-vintagemilkchurn/,Small Vintage Milk Churn,,incabella-images\_site\hanging-heart-tea-light-holder.jpeg
https://www.incabella.co.uk/product/small-vintagemilkchurn/,Small Vintage Milk Churn,,incabella-images\_site\hanging-heart-tea-light-holder.jpeg
https://www.incabella.co.uk/product/small-vintagemilkchurn/,Small Vintage Milk Churn,,incabella-images\_site\hanging-heart-tea-light-holder.jpeg
https://www.incabella.co.uk/product/small-vintagemilkchurn/,Small Vintage Milk Churn,,incabella-images\_site\Sparkling-Silver-T-Light-20000102-A_20765.jpeg
https://www.incabella.co.uk/product/small-vintagemilkchurn/,Small Vintage Milk Churn,,incabella-images\_site\Sparkling-Silver-T-Light-20000102-A_20765.jpeg
https://www.incabella.co.uk/product/small-vintagemilkchurn/,Small Vintage Milk Churn,,incabella-images\_site\Sparkling-Silver-T-Light-Holder-IMG_4275.jpeg
https://www.incabella.co.uk/product/small-vintagemilkchurn/,Small Vintage Milk Churn,,incabella-images\_site\Sparkling-Silver-T-Light-Holder-IMG_4275.jpeg
https://www.incabella.co.uk/product/small-vintagemilkchurn/,Small Vintage Milk Churn,,incabella-images\_site\english-country-bunting.jpg
https://www.incabella.co.uk/product/small-vintagemilkchurn/,Small Vintage Milk Churn,,incabella-images\_site\english-country-bunting-114x145@2x.jpg
https://www.incabella.co.uk/product/small-vintagemilkchurn/,Small Vintage Milk Churn,,incabella-images\_site\english-country-bunting.jpg
https://www.incabella.co.uk/product/small-vintagemilkchurn/,Small Vintage Milk Churn,,incabella-images\_site\english-country-bunting-114x145@2x.jpg
https://www.incabella.co.uk/product/small-vintagemilkchurn/,Small Vintage Milk Churn,,incabella-images\_site\IMG_7450.jpeg
https://www.incabella.co.uk/product/small-vintagemilkchurn/,Small Vintage Milk Churn,,incabella-images\_site\IMG_7450.jpeg
https://www.incabella.co.uk/product/small-vintagemilkchurn/,Small Vintage Milk Churn,,incabella-images\_site\IMG_1085.jpg
https://www.incabella.co.uk/product/small-vintagemilkchurn/,Small Vintage Milk Churn,,incabella-images\_site\IMG_1085-510x652@2x.jpg
https://www.incabella.co.uk/product/small-vintagemilkchurn/,Small Vintage Milk Churn,,incabella-images\_site\IMG_1970.jpg
https://www.incabella.co.uk/product/small-vintagemilkchurn/,Small Vintage Milk Churn,,incabella-images\_site\IMG_1970-510x652@2x.jpg
https://www.incabella.co.uk/product/small-vintagemilkchurn/,Small Vintage Milk Churn,,incabella-images\_site\Image-3.jpg
https://www.incabella.co.uk/product/small-vintagemilkchurn/,Small Vintage Milk Churn,,incabella-images\_site\Image-3-510x652@2x.jpg
https://www.incabella.co.uk/product/small-vintagemilkchurn/,Small Vintage Milk Churn,,incabella-images\_site\DSC_2443-600x398_c.jpg
https://www.incabella.co.uk/product/small-vintagemilkchurn/,Small Vintage Milk Churn,,incabella-images\_site\DSC_2443-600x398_c-114x145@2x.jpg
https://www.incabella.co.uk/product/small-vintagemilkchurn/,Small Vintage Milk Churn,,incabella-images\_site\IMG_1713.jpg
https://www.incabella.co.uk/product/small-vintagemilkchurn/,Small Vintage Milk Churn,,incabella-images\_site\IMG_1713-510x652@2x.jpg
https://www.incabella.co.uk/product/small-vintagemilkchurn/,Small Vintage Milk Churn,,incabella-images\_site\IMG_0545.jpeg
https://www.incabella.co.uk/product/small-vintagemilkchurn/,Small Vintage Milk Churn,,incabella-images\_site\IMG_0545.jpeg
https://www.incabella.co.uk/product/small-vintagemilkchurn/,Small Vintage Milk Churn,,incabella-images\_site\8327bd708a67d45dc7f6637f3e61ffa5.jpg
https://www.incabella.co.uk/product/small-vintagemilkchurn/,Small Vintage Milk Churn,,incabella-images\_site\8327bd708a67d45dc7f6637f3e61ffa5.jpg
https://www.incabella.co.uk/product/small-vintagemilkchurn/,Small Vintage Milk Churn,,incabella-images\_site\IMG_7149.jpeg
https://www.incabella.co.uk/product/small-vintagemilkchurn/,Small Vintage Milk Churn,,incabella-images\_site\IMG_7149.jpeg
https://www.incabella.co.uk/product/small-vintagemilkchurn/,Small Vintage Milk Churn,,incabella-images\_site\E57C0BFC-9306-42C5-8AE4-7F77EFE434AA.jpeg
https://www.incabella.co.uk/product/small-vintagemilkchurn/,Small Vintage Milk Churn,,incabella-images\_site\E57C0BFC-9306-42C5-8AE4-7F77EFE434AA.jpeg
https://www.incabella.co.uk/product/small-vintagemilkchurn/,Small Vintage Milk Churn,,incabella-images\_site\IMG_7095.jpeg
https://www.incabella.co.uk/product/small-vintagemilkchurn/,Small Vintage Milk Churn,,incabella-images\_site\IMG_7095.jpeg
https://www.incabella.co.uk/product/small-vintagemilkchurn/,Small Vintage Milk Churn,,incabella-images\_site\6A9461D2-8C98-4412-BC65-4CDD37EF0A5D.jpeg
https://www.incabella.co.uk/product/small-vintagemilkchurn/,Small Vintage Milk Churn,,incabella-images\_site\6A9461D2-8C98-4412-BC65-4CDD37EF0A5D.jpeg
https://www.incabella.co.uk/product/small-vintagemilkchurn/,Small Vintage Milk Churn,,incabella-images\_site\EL-ES-APR-2022-0435.jpg
https://www.incabella.co.uk/product/small-vintagemilkchurn/,Small Vintage Milk Churn,,incabella-images\_site\EL-ES-APR-2022-0435.jpg
https://www.incabella.co.uk/product/small-vintagemilkchurn/,Small Vintage Milk Churn,,incabella-images\_site\IMG_0520.jpeg
https://www.incabella.co.uk/product/small-vintagemilkchurn/,Small Vintage Milk Churn,,incabella-images\_site\IMG_0520.jpeg
https://www.incabella.co.uk/product/small-vintagemilkchurn/,Small Vintage Milk Churn,,incabella-images\_site\2B86C02D-B992-47FD-8154-292F2FE7C354.jpeg
https://www.incabella.co.uk/product/small-vintagemilkchurn/,Small Vintage Milk Churn,,incabella-images\_site\2B86C02D-B992-47FD-8154-292F2FE7C354.jpeg
https://www.incabella.co.uk/product/small-vintagemilkchurn/,Small Vintage Milk Churn,,incabella-images\_site\2B86C02D-B992-47FD-8154-292F2FE7C354.jpeg
https://www.incabella.co.uk/product/small-vintagemilkchurn/,Small Vintage Milk Churn,,incabella-images\_site\2B86C02D-B992-47FD-8154-292F2FE7C354.jpeg
https://www.incabella.co.uk/product/small-vintagemilkchurn/,Small Vintage Milk Churn,,incabella-images\_site\IMG_1158.jpg
https://www.incabella.co.uk/product/small-vintagemilkchurn/,Small Vintage Milk Churn,,incabella-images\_site\IMG_1158-190x243@2x.jpg
https://www.incabella.co.uk/product/small-vintagemilkchurn/,Small Vintage Milk Churn,,incabella-images\_site\IMG_3519.jpg
https://www.incabella.co.uk/product/small-vintagemilkchurn/,Small Vintage Milk Churn,,incabella-images\_site\IMG_3519-510x652@2x.jpg
https://www.incabella.co.uk/product/small-vintagemilkchurn/,Small Vintage Milk Churn,,incabella-images\_site\IMG_1684.jpeg
https://www.incabella.co.uk/product/small-vintagemilkchurn/,Small Vintage Milk Churn,,incabella-images\_site\IMG_1684.jpeg
https://www.incabella.co.uk/product/small-vintagemilkchurn/,Small Vintage Milk Churn,,incabella-images\_site\621943C4-766A-4041-A514-A62C4C49CE51-1.jpeg
https://www.incabella.co.uk/product/small-vintagemilkchurn/,Small Vintage Milk Churn,,incabella-images\_site\621943C4-766A-4041-A514-A62C4C49CE51-1.jpeg
https://www.incabella.co.uk/product/small-vintagemilkchurn/,Small Vintage Milk Churn,,incabella-images\_site\IMG_4217-e1615561069483.jpg
https://www.incabella.co.uk/product/small-vintagemilkchurn/,Small Vintage Milk Churn,,incabella-images\_site\IMG_4217-e1615561069483.jpg
https://www.incabella.co.uk/product/small-vintagemilkchurn/,Small Vintage Milk Churn,,incabella-images\_site\IMG_5159-e1615638036380.jpg
https://www.incabella.co.uk/product/small-vintagemilkchurn/,Small Vintage Milk Churn,,incabella-images\_site\IMG_5159-e1615638036380.jpg
https://www.incabella.co.uk/product/small-vintagemilkchurn/,Small Vintage Milk Churn,,incabella-images\_site\IncaBella_logo_02.png
https://www.incabella.co.uk/product/outdoor-led-hurricane-lantern/,Outdoor LED Hurricane Lantern,,incabella-images\_site\IncaBella_logo_02.png
https://www.incabella.co.uk/product/outdoor-led-hurricane-lantern/,Outdoor LED Hurricane Lantern,,incabella-images\product_outdoor-led-hurricane-lantern\IMG_9587-scaled.jpeg
https://www.incabella.co.uk/product/outdoor-led-hurricane-lantern/,Outdoor LED Hurricane Lantern,,incabella-images\_site\IMG_9587.jpeg
https://www.incabella.co.uk/product/outdoor-led-hurricane-lantern/,Outdoor LED Hurricane Lantern,,incabella-images\_site\IMG_9587.jpeg
https://www.incabella.co.uk/product/outdoor-led-hurricane-lantern/,Outdoor LED Hurricane Lantern,,incabella-images\product_outdoor-led-hurricane-lantern\IMG_9583-scaled.jpeg
https://www.incabella.co.uk/product/outdoor-led-hurricane-lantern/,Outdoor LED Hurricane Lantern,,incabella-images\_site\IMG_9583.jpeg
https://www.incabella.co.uk/product/outdoor-led-hurricane-lantern/,Outdoor LED Hurricane Lantern,,incabella-images\_site\IMG_9583.jpeg
https://www.incabella.co.uk/product/outdoor-led-hurricane-lantern/,Outdoor LED Hurricane Lantern,,incabella-images\_site\IMG_9587.jpeg
https://www.incabella.co.uk/product/outdoor-led-hurricane-lantern/,Outdoor LED Hurricane Lantern,,incabella-images\_site\IMG_9587.jpeg
https://www.incabella.co.uk/product/outdoor-led-hurricane-lantern/,Outdoor LED Hurricane Lantern,,incabella-images\_site\IMG_9583.jpeg
https://www.incabella.co.uk/product/outdoor-led-hurricane-lantern/,Outdoor LED Hurricane Lantern,,incabella-images\_site\IMG_9583.jpeg
https://www.incabella.co.uk/product/outdoor-led-hurricane-lantern/,Outdoor LED Hurricane Lantern,,incabella-images\_site\IMG_E1342.jpg
https://www.incabella.co.uk/product/outdoor-led-hurricane-lantern/,Outdoor LED Hurricane Lantern,,incabella-images\_site\IMG_E1342.jpg
https://www.incabella.co.uk/product/outdoor-led-hurricane-lantern/,Outdoor LED Hurricane Lantern,,incabella-images\_site\clear-glass-hurricane-lantern.jpeg
https://www.incabella.co.uk/product/outdoor-led-hurricane-lantern/,Outdoor LED Hurricane Lantern,,incabella-images\_site\clear-glass-hurricane-lantern.jpeg
https://www.incabella.co.uk/product/outdoor-led-hurricane-lantern/,Outdoor LED Hurricane Lantern,,incabella-images\_site\IMG_0946.jpeg
https://www.incabella.co.uk/product/outdoor-led-hurricane-lantern/,Outdoor LED Hurricane Lantern,,incabella-images\_site\IMG_0946.jpeg
https://www.incabella.co.uk/product/outdoor-led-hurricane-lantern/,Outdoor LED Hurricane Lantern,,incabella-images\_site\lantern-wrope-hndl-h250x180mm-gls-grey.jpeg
https://www.incabella.co.uk/product/outdoor-led-hurricane-lantern/,Outdoor LED Hurricane Lantern,,incabella-images\_site\lantern-wrope-hndl-h250x180mm-gls-grey.jpeg
https://www.incabella.co.uk/product/outdoor-led-hurricane-lantern/,Outdoor LED Hurricane Lantern,,incabella-images\_site\Sparkling-Silver-T-Light-20000102-A_20765.jpeg
https://www.incabella.co.uk/product/outdoor-led-hurricane-lantern/,Outdoor LED Hurricane Lantern,,incabella-images\_site\Sparkling-Silver-T-Light-20000102-A_20765.jpeg
https://www.incabella.co.uk/product/outdoor-led-hurricane-lantern/,Outdoor LED Hurricane Lantern,,incabella-images\_site\Sparkling-Silver-T-Light-Holder-IMG_4275.jpeg
https://www.incabella.co.uk/product/outdoor-led-hurricane-lantern/,Outdoor LED Hurricane Lantern,,incabella-images\_site\Sparkling-Silver-T-Light-Holder-IMG_4275.jpeg
https://www.incabella.co.uk/product/outdoor-led-hurricane-lantern/,Outdoor LED Hurricane Lantern,,incabella-images\_site\Sparkling-Silver-T-Light-20000102-A_20765.jpeg
https://www.incabella.co.uk/product/outdoor-led-hurricane-lantern/,Outdoor LED Hurricane Lantern,,incabella-images\_site\Sparkling-Silver-T-Light-20000102-A_20765.jpeg
https://www.incabella.co.uk/product/outdoor-led-hurricane-lantern/,Outdoor LED Hurricane Lantern,,incabella-images\_site\Sparkling-Silver-T-Light-Holder-IMG_4275.jpeg
https://www.incabella.co.uk/product/outdoor-led-hurricane-lantern/,Outdoor LED Hurricane Lantern,,incabella-images\_site\Sparkling-Silver-T-Light-Holder-IMG_4275.jpeg
https://www.incabella.co.uk/product/outdoor-led-hurricane-lantern/,Outdoor LED Hurricane Lantern,,incabella-images\_site\hanging-heart-tea-light-holder.jpeg
https://www.incabella.co.uk/product/outdoor-led-hurricane-lantern/,Outdoor LED Hurricane Lantern,,incabella-images\_site\hanging-heart-tea-light-holder.jpeg
https://www.incabella.co.uk/product/outdoor-led-hurricane-lantern/,Outdoor LED Hurricane Lantern,,incabella-images\_site\hanging-heart-tea-light-holder.jpeg
https://www.incabella.co.uk/product/outdoor-led-hurricane-lantern/,Outdoor LED Hurricane Lantern,,incabella-images\_site\hanging-heart-tea-light-holder.jpeg
https://www.incabella.co.uk/product/outdoor-led-hurricane-lantern/,Outdoor LED Hurricane Lantern,,incabella-images\_site\sana-storm-lantern.jpg
https://www.incabella.co.uk/product/outdoor-led-hurricane-lantern/,Outdoor LED Hurricane Lantern,,incabella-images\_site\sana-storm-lantern.jpg
https://www.incabella.co.uk/product/outdoor-led-hurricane-lantern/,Outdoor LED Hurricane Lantern,,incabella-images\_site\A-FS-S-FS-A-SANA-STORM-LANTERN-SQ-7.jpeg
https://www.incabella.co.uk/product/outdoor-led-hurricane-lantern/,Outdoor LED Hurricane Lantern,,incabella-images\_site\A-FS-S-FS-A-SANA-STORM-LANTERN-SQ-7.jpeg
https://www.incabella.co.uk/product/outdoor-led-hurricane-lantern/,Outdoor LED Hurricane Lantern,,incabella-images\_site\IMG_1709.jpg
https://www.incabella.co.uk/product/outdoor-led-hurricane-lantern/,Outdoor LED Hurricane Lantern,,incabella-images\_site\IMG_1709-510x652@2x.jpg
https://www.incabella.co.uk/product/outdoor-led-hurricane-lantern/,Outdoor LED Hurricane Lantern,,incabella-images\_site\tlt-hld-wbells-h80mm-clr-gls.jpeg
https://www.incabella.co.uk/product/outdoor-led-hurricane-lantern/,Outdoor LED Hurricane Lantern,,incabella-images\_site\tlt-hld-wbells-h80mm-clr-gls.jpeg
https://www.incabella.co.uk/product/outdoor-led-hurricane-lantern/,Outdoor LED Hurricane Lantern,,incabella-images\_site\image10.jpeg
https://www.incabella.co.uk/product/outdoor-led-hurricane-lantern/,Outdoor LED Hurricane Lantern,,incabella-images\_site\image10.jpeg
https://www.incabella.co.uk/product/outdoor-led-hurricane-lantern/,Outdoor LED Hurricane Lantern,,incabella-images\_site\20473090a409721a3a4007908b32130e.jpg
https://www.incabella.co.uk/product/outdoor-led-hurricane-lantern/,Outdoor LED Hurricane Lantern,,incabella-images\_site\20473090a409721a3a4007908b32130e.jpg
https://www.incabella.co.uk/product/outdoor-led-hurricane-lantern/,Outdoor LED Hurricane Lantern,,incabella-images\_site\fullsizeoutput_50c2.jpeg
https://www.incabella.co.uk/product/outdoor-led-hurricane-lantern/,Outdoor LED Hurricane Lantern,,incabella-images\_site\fullsizeoutput_50c2.jpeg
https://www.incabella.co.uk/product/outdoor-led-hurricane-lantern/,Outdoor LED Hurricane Lantern,,incabella-images\_site\IMG_6448-e1520889491374.jpg
https://www.incabella.co.uk/product/outdoor-led-hurricane-lantern/,Outdoor LED Hurricane Lantern,,incabella-images\_site\IMG_6448-e1520889491374.jpg
https://www.incabella.co.uk/product/outdoor-led-hurricane-lantern/,Outdoor LED Hurricane Lantern,,incabella-images\_site\880A161C-0A42-4AD4-99AC-5E53B5188CE4.jpeg
https://www.incabella.co.uk/product/outdoor-led-hurricane-lantern/,Outdoor LED Hurricane Lantern,,incabella-images\_site\880A161C-0A42-4AD4-99AC-5E53B5188CE4.jpeg
https://www.incabella.co.uk/product/outdoor-led-hurricane-lantern/,Outdoor LED Hurricane Lantern,,incabella-images\_site\6A35E8F8-C756-4D74-A18D-9532A67C0D46.jpeg
https://www.incabella.co.uk/product/outdoor-led-hurricane-lantern/,Outdoor LED Hurricane Lantern,,incabella-images\_site\6A35E8F8-C756-4D74-A18D-9532A67C0D46.jpeg
https://www.incabella.co.uk/product/outdoor-led-hurricane-lantern/,Outdoor LED Hurricane Lantern,,incabella-images\_site\IMG_1158.jpg
https://www.incabella.co.uk/product/outdoor-led-hurricane-lantern/,Outdoor LED Hurricane Lantern,,incabella-images\_site\IMG_1158-190x243@2x.jpg
https://www.incabella.co.uk/product/outdoor-led-hurricane-lantern/,Outdoor LED Hurricane Lantern,,incabella-images\_site\IMG_3519.jpg
https://www.incabella.co.uk/product/outdoor-led-hurricane-lantern/,Outdoor LED Hurricane Lantern,,incabella-images\_site\IMG_3519-510x652@2x.jpg
https://www.incabella.co.uk/product/outdoor-led-hurricane-lantern/,Outdoor LED Hurricane Lantern,,incabella-images\_site\Image.jpg
https://www.incabella.co.uk/product/outdoor-led-hurricane-lantern/,Outdoor LED Hurricane Lantern,,incabella-images\_site\Image.jpg
https://www.incabella.co.uk/product/outdoor-led-hurricane-lantern/,Outdoor LED Hurricane Lantern,,incabella-images\_site\IMG_9301.jpg
https://www.incabella.co.uk/product/outdoor-led-hurricane-lantern/,Outdoor LED Hurricane Lantern,,incabella-images\_site\IMG_9301-510x652@2x.jpg
https://www.incabella.co.uk/product/outdoor-led-hurricane-lantern/,Outdoor LED Hurricane Lantern,,incabella-images\_site\IMG_7095.jpeg
https://www.incabella.co.uk/product/outdoor-led-hurricane-lantern/,Outdoor LED Hurricane Lantern,,incabella-images\_site\IMG_7095.jpeg
https://www.incabella.co.uk/product/outdoor-led-hurricane-lantern/,Outdoor LED Hurricane Lantern,,incabella-images\_site\6A9461D2-8C98-4412-BC65-4CDD37EF0A5D.jpeg
https://www.incabella.co.uk/product/outdoor-led-hurricane-lantern/,Outdoor LED Hurricane Lantern,,incabella-images\_site\6A9461D2-8C98-4412-BC65-4CDD37EF0A5D.jpeg
https://www.incabella.co.uk/product/outdoor-led-hurricane-lantern/,Outdoor LED Hurricane Lantern,,incabella-images\_site\Amy-David-88.jpg
https://www.incabella.co.uk/product/outdoor-led-hurricane-lantern/,Outdoor LED Hurricane Lantern,,incabella-images\_site\Amy-David-88.jpg
https://www.incabella.co.uk/product/outdoor-led-hurricane-lantern/,Outdoor LED Hurricane Lantern,,incabella-images\_site\Jayne-Chris-wedding-for-Lucy-0004.jpg
https://www.incabella.co.uk/product/outdoor-led-hurricane-lantern/,Outdoor LED Hurricane Lantern,,incabella-images\_site\Jayne-Chris-wedding-for-Lucy-0004.jpg
https://www.incabella.co.uk/product/outdoor-led-hurricane-lantern/,Outdoor LED Hurricane Lantern,,incabella-images\_site\IMG_1970.jpg
https://www.incabella.co.uk/product/outdoor-led-hurricane-lantern/,Outdoor LED Hurricane Lantern,,incabella-images\_site\IMG_1970-510x652@2x.jpg
https://www.incabella.co.uk/product/outdoor-led-hurricane-lantern/,Outdoor LED Hurricane Lantern,,incabella-images\_site\Image-3.jpg
https://www.incabella.co.uk/product/outdoor-led-hurricane-lantern/,Outdoor LED Hurricane Lantern,,incabella-images\_site\Image-3-510x652@2x.jpg
https://www.incabella.co.uk/product/outdoor-led-hurricane-lantern/,Outdoor LED Hurricane Lantern,,incabella-images\_site\2B86C02D-B992-47FD-8154-292F2FE7C354.jpeg
https://www.incabella.co.uk/product/outdoor-led-hurricane-lantern/,Outdoor LED Hurricane Lantern,,incabella-images\_site\2B86C02D-B992-47FD-8154-292F2FE7C354.jpeg
https://www.incabella.co.uk/product/outdoor-led-hurricane-lantern/,Outdoor LED Hurricane Lantern,,incabella-images\_site\2B86C02D-B992-47FD-8154-292F2FE7C354.jpeg
https://www.incabella.co.uk/product/outdoor-led-hurricane-lantern/,Outdoor LED Hurricane Lantern,,incabella-images\_site\2B86C02D-B992-47FD-8154-292F2FE7C354.jpeg
https://www.incabella.co.uk/product/outdoor-led-hurricane-lantern/,Outdoor LED Hurricane Lantern,,incabella-images\_site\29329CBA-9791-4C5A-9FA8-1596D8E787E6.jpeg
https://www.incabella.co.uk/product/outdoor-led-hurricane-lantern/,Outdoor LED Hurricane Lantern,,incabella-images\_site\29329CBA-9791-4C5A-9FA8-1596D8E787E6.jpeg
https://www.incabella.co.uk/product/outdoor-led-hurricane-lantern/,Outdoor LED Hurricane Lantern,,incabella-images\_site\A7EF519C-3D41-4840-81D8-93E282E1606F.jpeg
https://www.incabella.co.uk/product/outdoor-led-hurricane-lantern/,Outdoor LED Hurricane Lantern,,incabella-images\_site\A7EF519C-3D41-4840-81D8-93E282E1606F.jpeg
https://www.incabella.co.uk/product/outdoor-led-hurricane-lantern/,Outdoor LED Hurricane Lantern,,incabella-images\_site\IMG_3512.jpg
https://www.incabella.co.uk/product/outdoor-led-hurricane-lantern/,Outdoor LED Hurricane Lantern,,incabella-images\_site\IMG_3512-510x652@2x.jpg
https://www.incabella.co.uk/product/outdoor-led-hurricane-lantern/,Outdoor LED Hurricane Lantern,,incabella-images\_site\IMG_2614.jpg
https://www.incabella.co.uk/product/outdoor-led-hurricane-lantern/,Outdoor LED Hurricane Lantern,,incabella-images\_site\IMG_2614-510x652@2x.jpg
https://www.incabella.co.uk/product/outdoor-led-hurricane-lantern/,Outdoor LED Hurricane Lantern,,incabella-images\_site\IMG_7450.jpeg
https://www.incabella.co.uk/product/outdoor-led-hurricane-lantern/,Outdoor LED Hurricane Lantern,,incabella-images\_site\IMG_7450.jpeg
https://www.incabella.co.uk/product/outdoor-led-hurricane-lantern/,Outdoor LED Hurricane Lantern,,incabella-images\_site\IMG_1085.jpg
https://www.incabella.co.uk/product/outdoor-led-hurricane-lantern/,Outdoor LED Hurricane Lantern,,incabella-images\_site\IMG_1085-510x652@2x.jpg
https://www.incabella.co.uk/product/outdoor-led-hurricane-lantern/,Outdoor LED Hurricane Lantern,,incabella-images\_site\IncaBella_logo_02.png
https://www.incabella.co.uk/product/love-light-letters/,Love light up letters,,incabella-images\_site\IncaBella_logo_02.png
https://www.incabella.co.uk/product/love-light-letters/,Love light up letters,,incabella-images\_site\IMG_1970.jpg
https://www.incabella.co.uk/product/love-light-letters/,Love light up letters,,incabella-images\_site\IMG_1970.jpg
https://www.incabella.co.uk/product/love-light-letters/,Love light up letters,,incabella-images\_site\IMG_1970-510x652@2x.jpg
https://www.incabella.co.uk/product/love-light-letters/,Love light up letters,,incabella-images\_site\Image-3.jpg
https://www.incabella.co.uk/product/love-light-letters/,Love light up letters,,incabella-images\_site\Image-3.jpg
https://www.incabella.co.uk/product/love-light-letters/,Love light up letters,,incabella-images\_site\Image-3-510x652@2x.jpg
https://www.incabella.co.uk/product/love-light-letters/,Love light up letters,,incabella-images\product_love-light-letters\IMG_1941.jpg
https://www.incabella.co.uk/product/love-light-letters/,Love light up letters,,incabella-images\product_love-light-letters\IMG_1941.jpg
https://www.incabella.co.uk/product/love-light-letters/,Love light up letters,,incabella-images\product_love-light-letters\IMG_1941-510x652@2x.jpg
https://www.incabella.co.uk/product/love-light-letters/,Love light up letters,,incabella-images\product_love-light-letters\IMG_3544.jpg
https://www.incabella.co.uk/product/love-light-letters/,Love light up letters,,incabella-images\product_love-light-letters\IMG_3544.jpg
https://www.incabella.co.uk/product/love-light-letters/,Love light up letters,,incabella-images\product_love-light-letters\IMG_3544-510x652@2x.jpg
https://www.incabella.co.uk/product/love-light-letters/,Love light up letters,,incabella-images\product_love-light-letters\IMG_1937.jpg
https://www.incabella.co.uk/product/love-light-letters/,Love light up letters,,incabella-images\product_love-light-letters\IMG_1937.jpg
https://www.incabella.co.uk/product/love-light-letters/,Love light up letters,,incabella-images\product_love-light-letters\IMG_1937-510x652@2x.jpg
https://www.incabella.co.uk/product/love-light-letters/,Love light up letters,,incabella-images\_site\IMG_1970.jpg
https://www.incabella.co.uk/product/love-light-letters/,Love light up letters,,incabella-images\_site\IMG_1970-510x652@2x.jpg
https://www.incabella.co.uk/product/love-light-letters/,Love light up letters,,incabella-images\_site\Image-3.jpg
https://www.incabella.co.uk/product/love-light-letters/,Love light up letters,,incabella-images\_site\Image-3-510x652@2x.jpg
https://www.incabella.co.uk/product/love-light-letters/,Love light up letters,,incabella-images\product_love-light-letters\IMG_1941.jpg
https://www.incabella.co.uk/product/love-light-letters/,Love light up letters,,incabella-images\product_love-light-letters\IMG_1941-510x652@2x.jpg
https://www.incabella.co.uk/product/love-light-letters/,Love light up letters,,incabella-images\product_love-light-letters\IMG_3544.jpg
https://www.incabella.co.uk/product/love-light-letters/,Love light up letters,,incabella-images\product_love-light-letters\IMG_3544-510x652@2x.jpg
https://www.incabella.co.uk/product/love-light-letters/,Love light up letters,,incabella-images\product_love-light-letters\IMG_1937.jpg
https://www.incabella.co.uk/product/love-light-letters/,Love light up letters,,incabella-images\product_love-light-letters\IMG_1937-510x652@2x.jpg
https://www.incabella.co.uk/product/love-light-letters/,Love light up letters,,incabella-images\_site\Sparkling-Silver-T-Light-20000102-A_20765.jpeg
https://www.incabella.co.uk/product/love-light-letters/,Love light up letters,,incabella-images\_site\Sparkling-Silver-T-Light-20000102-A_20765.jpeg
https://www.incabella.co.uk/product/love-light-letters/,Love light up letters,,incabella-images\_site\Sparkling-Silver-T-Light-Holder-IMG_4275.jpeg
https://www.incabella.co.uk/product/love-light-letters/,Love light up letters,,incabella-images\_site\Sparkling-Silver-T-Light-Holder-IMG_4275.jpeg
https://www.incabella.co.uk/product/love-light-letters/,Love light up letters,,incabella-images\_site\IMG_1709.jpg
https://www.incabella.co.uk/product/love-light-letters/,Love light up letters,,incabella-images\_site\IMG_1709-510x652@2x.jpg
https://www.incabella.co.uk/product/love-light-letters/,Love light up letters,,incabella-images\_site\tlt-hld-wbells-h80mm-clr-gls.jpeg
https://www.incabella.co.uk/product/love-light-letters/,Love light up letters,,incabella-images\_site\tlt-hld-wbells-h80mm-clr-gls.jpeg
https://www.incabella.co.uk/product/love-light-letters/,Love light up letters,,incabella-images\_site\IMG_E1342.jpg
https://www.incabella.co.uk/product/love-light-letters/,Love light up letters,,incabella-images\_site\IMG_E1342.jpg
https://www.incabella.co.uk/product/love-light-letters/,Love light up letters,,incabella-images\_site\clear-glass-hurricane-lantern.jpeg
https://www.incabella.co.uk/product/love-light-letters/,Love light up letters,,incabella-images\_site\clear-glass-hurricane-lantern.jpeg
https://www.incabella.co.uk/product/love-light-letters/,Love light up letters,,incabella-images\_site\Sparkling-Silver-T-Light-20000102-A_20765.jpeg
https://www.incabella.co.uk/product/love-light-letters/,Love light up letters,,incabella-images\_site\Sparkling-Silver-T-Light-20000102-A_20765.jpeg
https://www.incabella.co.uk/product/love-light-letters/,Love light up letters,,incabella-images\_site\Sparkling-Silver-T-Light-Holder-IMG_4275.jpeg
https://www.incabella.co.uk/product/love-light-letters/,Love light up letters,,incabella-images\_site\Sparkling-Silver-T-Light-Holder-IMG_4275.jpeg
https://www.incabella.co.uk/product/love-light-letters/,Love light up letters,,incabella-images\_site\IMG_0946.jpeg
https://www.incabella.co.uk/product/love-light-letters/,Love light up letters,,incabella-images\_site\IMG_0946.jpeg
https://www.incabella.co.uk/product/love-light-letters/,Love light up letters,,incabella-images\_site\lantern-wrope-hndl-h250x180mm-gls-grey.jpeg
https://www.incabella.co.uk/product/love-light-letters/,Love light up letters,,incabella-images\_site\lantern-wrope-hndl-h250x180mm-gls-grey.jpeg
https://www.incabella.co.uk/product/love-light-letters/,Love light up letters,,incabella-images\_site\image10.jpeg
https://www.incabella.co.uk/product/love-light-letters/,Love light up letters,,incabella-images\_site\image10.jpeg
https://www.incabella.co.uk/product/love-light-letters/,Love light up letters,,incabella-images\_site\20473090a409721a3a4007908b32130e.jpg
https://www.incabella.co.uk/product/love-light-letters/,Love light up letters,,incabella-images\_site\20473090a409721a3a4007908b32130e.jpg
https://www.incabella.co.uk/product/love-light-letters/,Love light up letters,,incabella-images\_site\hanging-heart-tea-light-holder.jpeg
https://www.incabella.co.uk/product/love-light-letters/,Love light up letters,,incabella-images\_site\hanging-heart-tea-light-holder.jpeg
https://www.incabella.co.uk/product/love-light-letters/,Love light up letters,,incabella-images\_site\hanging-heart-tea-light-holder.jpeg
https://www.incabella.co.uk/product/love-light-letters/,Love light up letters,,incabella-images\_site\hanging-heart-tea-light-holder.jpeg
https://www.incabella.co.uk/product/love-light-letters/,Love light up letters,,incabella-images\_site\sana-storm-lantern.jpg
https://www.incabella.co.uk/product/love-light-letters/,Love light up letters,,incabella-images\_site\sana-storm-lantern.jpg
https://www.incabella.co.uk/product/love-light-letters/,Love light up letters,,incabella-images\_site\A-FS-S-FS-A-SANA-STORM-LANTERN-SQ-7.jpeg
https://www.incabella.co.uk/product/love-light-letters/,Love light up letters,,incabella-images\_site\A-FS-S-FS-A-SANA-STORM-LANTERN-SQ-7.jpeg
https://www.incabella.co.uk/product/love-light-letters/,Love light up letters,,incabella-images\_site\IMG_3750.jpg
https://www.incabella.co.uk/product/love-light-letters/,Love light up letters,,incabella-images\_site\IMG_3750.jpg
https://www.incabella.co.uk/product/love-light-letters/,Love light up letters,,incabella-images\_site\IMG_3812.jpg
https://www.incabella.co.uk/product/love-light-letters/,Love light up letters,,incabella-images\_site\IMG_3812.jpg
https://www.incabella.co.uk/product/love-light-letters/,Love light up letters,,incabella-images\_site\IMG_7453.jpeg
https://www.incabella.co.uk/product/love-light-letters/,Love light up letters,,incabella-images\_site\IMG_7453.jpeg
https://www.incabella.co.uk/product/love-light-letters/,Love light up letters,,incabella-images\_site\image7.jpeg
https://www.incabella.co.uk/product/love-light-letters/,Love light up letters,,incabella-images\_site\image7.jpeg
https://www.incabella.co.uk/product/love-light-letters/,Love light up letters,,incabella-images\_site\EL-ES-APR-2022-0435.jpg
https://www.incabella.co.uk/product/love-light-letters/,Love light up letters,,incabella-images\_site\EL-ES-APR-2022-0435.jpg
https://www.incabella.co.uk/product/love-light-letters/,Love light up letters,,incabella-images\_site\IMG_0520.jpeg
https://www.incabella.co.uk/product/love-light-letters/,Love light up letters,,incabella-images\_site\IMG_0520.jpeg
https://www.incabella.co.uk/product/love-light-letters/,Love light up letters,,incabella-images\_site\5d6ad4c0-13bc-479b-8b50-cfe64523502e.jpeg
https://www.incabella.co.uk/product/love-light-letters/,Love light up letters,,incabella-images\_site\5d6ad4c0-13bc-479b-8b50-cfe64523502e.jpeg
https://www.incabella.co.uk/product/love-light-letters/,Love light up letters,,incabella-images\_site\fullsizeoutput_5ff9.jpeg
https://www.incabella.co.uk/product/love-light-letters/,Love light up letters,,incabella-images\_site\fullsizeoutput_5ff9.jpeg
https://www.incabella.co.uk/product/love-light-letters/,Love light up letters,,incabella-images\_site\IMG_3120.jpg
https://www.incabella.co.uk/product/love-light-letters/,Love light up letters,,incabella-images\_site\IMG_3120-510x652@2x.jpg
https://www.incabella.co.uk/product/love-light-letters/,Love light up letters,,incabella-images\_site\IMG_3119.jpg
https://www.incabella.co.uk/product/love-light-letters/,Love light up letters,,incabella-images\_site\IMG_3119-510x652@2x.jpg
https://www.incabella.co.uk/product/love-light-letters/,Love light up letters,,incabella-images\_site\880A161C-0A42-4AD4-99AC-5E53B5188CE4.jpeg
https://www.incabella.co.uk/product/love-light-letters/,Love light up letters,,incabella-images\_site\880A161C-0A42-4AD4-99AC-5E53B5188CE4.jpeg
https://www.incabella.co.uk/product/love-light-letters/,Love light up letters,,incabella-images\_site\6A35E8F8-C756-4D74-A18D-9532A67C0D46.jpeg
https://www.incabella.co.uk/product/love-light-letters/,Love light up letters,,incabella-images\_site\6A35E8F8-C756-4D74-A18D-9532A67C0D46.jpeg
https://www.incabella.co.uk/product/love-light-letters/,Love light up letters,,incabella-images\_site\IMG_1158.jpg
https://www.incabella.co.uk/product/love-light-letters/,Love light up letters,,incabella-images\_site\IMG_1158-190x243@2x.jpg
https://www.incabella.co.uk/product/love-light-letters/,Love light up letters,,incabella-images\_site\IMG_3519.jpg
https://www.incabella.co.uk/product/love-light-letters/,Love light up letters,,incabella-images\_site\IMG_3519-510x652@2x.jpg
https://www.incabella.co.uk/product/love-light-letters/,Love light up letters,,incabella-images\_site\IMG_0442.jpg
https://www.incabella.co.uk/product/love-light-letters/,Love light up letters,,incabella-images\_site\IMG_0442.jpg
https://www.incabella.co.uk/product/love-light-letters/,Love light up letters,,incabella-images\_site\IMG_0454.jpg
https://www.incabella.co.uk/product/love-light-letters/,Love light up letters,,incabella-images\_site\IMG_0454.jpg
https://www.incabella.co.uk/product/love-light-letters/,Love light up letters,,incabella-images\_site\Image.jpg
https://www.incabella.co.uk/product/love-light-letters/,Love light up letters,,incabella-images\_site\Image.jpg
https://www.incabella.co.uk/product/love-light-letters/,Love light up letters,,incabella-images\_site\IMG_9301.jpg
https://www.incabella.co.uk/product/love-light-letters/,Love light up letters,,incabella-images\_site\IMG_9301-510x652@2x.jpg
https://www.incabella.co.uk/product/love-light-letters/,Love light up letters,,incabella-images\_site\IMG_7145.jpeg
https://www.incabella.co.uk/product/love-light-letters/,Love light up letters,,incabella-images\_site\IMG_7145.jpeg
https://www.incabella.co.uk/product/love-light-letters/,Love light up letters,,incabella-images\_site\IMG_7533.jpeg
https://www.incabella.co.uk/product/love-light-letters/,Love light up letters,,incabella-images\_site\IMG_7533.jpeg
https://www.incabella.co.uk/product/love-light-letters/,Love light up letters,,incabella-images\_site\IMG_8203-e1549817586734.jpg
https://www.incabella.co.uk/product/love-light-letters/,Love light up letters,,incabella-images\_site\IMG_8203-e1549817586734.jpg
https://www.incabella.co.uk/product/love-light-letters/,Love light up letters,,incabella-images\_site\IMG_8203-e1549817586734.jpg
https://www.incabella.co.uk/product/love-light-letters/,Love light up letters,,incabella-images\_site\IMG_8203-e1549817586734.jpg
https://www.incabella.co.uk/product/love-light-letters/,Love light up letters,,incabella-images\_site\25AB7D13-7599-412B-B88E-B43BB927A3F8.jpeg
https://www.incabella.co.uk/product/love-light-letters/,Love light up letters,,incabella-images\_site\25AB7D13-7599-412B-B88E-B43BB927A3F8.jpeg
https://www.incabella.co.uk/product/love-light-letters/,Love light up letters,,incabella-images\_site\IMG_4492.jpg
https://www.incabella.co.uk/product/love-light-letters/,Love light up letters,,incabella-images\_site\IMG_4492.jpg
https://www.incabella.co.uk/product/love-light-letters/,Love light up letters,,incabella-images\_site\IncaBella_logo_02.png
https://www.incabella.co.uk/product/clear-glass-hurricane-vase/,Clear Glass Hurricane Vase,,incabella-images\_site\IncaBella_logo_02.png
https://www.incabella.co.uk/product/clear-glass-hurricane-vase/,Clear Glass Hurricane Vase,,incabella-images\_site\IMG_E1342.jpg
https://www.incabella.co.uk/product/clear-glass-hurricane-vase/,Clear Glass Hurricane Vase,,incabella-images\_site\IMG_E1342.jpg
https://www.incabella.co.uk/product/clear-glass-hurricane-vase/,Clear Glass Hurricane Vase,,incabella-images\_site\IMG_E1342.jpg
https://www.incabella.co.uk/product/clear-glass-hurricane-vase/,Clear Glass Hurricane Vase,,incabella-images\_site\clear-glass-hurricane-lantern.jpeg
https://www.incabella.co.uk/product/clear-glass-hurricane-vase/,Clear Glass Hurricane Vase,,incabella-images\_site\clear-glass-hurricane-lantern.jpeg
https://www.incabella.co.uk/product/clear-glass-hurricane-vase/,Clear Glass Hurricane Vase,,incabella-images\_site\clear-glass-hurricane-lantern.jpeg
https://www.incabella.co.uk/product/clear-glass-hurricane-vase/,Clear Glass Hurricane Vase,,incabella-images\product_clear-glass-hurricane-vase\Jayne-Chris-wedding-for-Lucy-0001.jpg
https://www.incabella.co.uk/product/clear-glass-hurricane-vase/,Clear Glass Hurricane Vase,,incabella-images\product_clear-glass-hurricane-vase\Jayne-Chris-wedding-for-Lucy-0001.jpg
https://www.incabella.co.uk/product/clear-glass-hurricane-vase/,Clear Glass Hurricane Vase,,incabella-images\product_clear-glass-hurricane-vase\Jayne-Chris-wedding-for-Lucy-0001.jpg
https://www.incabella.co.uk/product/clear-glass-hurricane-vase/,Clear Glass Hurricane Vase,,incabella-images\product_clear-glass-hurricane-vase\Jayne-Chris-wedding-for-Lucy-0005.jpg
https://www.incabella.co.uk/product/clear-glass-hurricane-vase/,Clear Glass Hurricane Vase,,incabella-images\product_clear-glass-hurricane-vase\Jayne-Chris-wedding-for-Lucy-0005.jpg
https://www.incabella.co.uk/product/clear-glass-hurricane-vase/,Clear Glass Hurricane Vase,,incabella-images\product_clear-glass-hurricane-vase\Jayne-Chris-wedding-for-Lucy-0005.jpg
https://www.incabella.co.uk/product/clear-glass-hurricane-vase/,Clear Glass Hurricane Vase,,incabella-images\_site\IMG_E1342.jpg
https://www.incabella.co.uk/product/clear-glass-hurricane-vase/,Clear Glass Hurricane Vase,,incabella-images\_site\IMG_E1342.jpg
https://www.incabella.co.uk/product/clear-glass-hurricane-vase/,Clear Glass Hurricane Vase,,incabella-images\_site\clear-glass-hurricane-lantern.jpeg
https://www.incabella.co.uk/product/clear-glass-hurricane-vase/,Clear Glass Hurricane Vase,,incabella-images\_site\clear-glass-hurricane-lantern.jpeg
https://www.incabella.co.uk/product/clear-glass-hurricane-vase/,Clear Glass Hurricane Vase,,incabella-images\product_clear-glass-hurricane-vase\Jayne-Chris-wedding-for-Lucy-0001.jpg
https://www.incabella.co.uk/product/clear-glass-hurricane-vase/,Clear Glass Hurricane Vase,,incabella-images\product_clear-glass-hurricane-vase\Jayne-Chris-wedding-for-Lucy-0001.jpg
https://www.incabella.co.uk/product/clear-glass-hurricane-vase/,Clear Glass Hurricane Vase,,incabella-images\product_clear-glass-hurricane-vase\Jayne-Chris-wedding-for-Lucy-0005.jpg
https://www.incabella.co.uk/product/clear-glass-hurricane-vase/,Clear Glass Hurricane Vase,,incabella-images\product_clear-glass-hurricane-vase\Jayne-Chris-wedding-for-Lucy-0005.jpg
https://www.incabella.co.uk/product/clear-glass-hurricane-vase/,Clear Glass Hurricane Vase,,incabella-images\_site\image10.jpeg
https://www.incabella.co.uk/product/clear-glass-hurricane-vase/,Clear Glass Hurricane Vase,,incabella-images\_site\image10.jpeg
https://www.incabella.co.uk/product/clear-glass-hurricane-vase/,Clear Glass Hurricane Vase,,incabella-images\_site\20473090a409721a3a4007908b32130e.jpg
https://www.incabella.co.uk/product/clear-glass-hurricane-vase/,Clear Glass Hurricane Vase,,incabella-images\_site\20473090a409721a3a4007908b32130e.jpg
https://www.incabella.co.uk/product/clear-glass-hurricane-vase/,Clear Glass Hurricane Vase,,incabella-images\_site\sana-storm-lantern.jpg
https://www.incabella.co.uk/product/clear-glass-hurricane-vase/,Clear Glass Hurricane Vase,,incabella-images\_site\sana-storm-lantern.jpg
https://www.incabella.co.uk/product/clear-glass-hurricane-vase/,Clear Glass Hurricane Vase,,incabella-images\_site\A-FS-S-FS-A-SANA-STORM-LANTERN-SQ-7.jpeg
https://www.incabella.co.uk/product/clear-glass-hurricane-vase/,Clear Glass Hurricane Vase,,incabella-images\_site\A-FS-S-FS-A-SANA-STORM-LANTERN-SQ-7.jpeg
https://www.incabella.co.uk/product/clear-glass-hurricane-vase/,Clear Glass Hurricane Vase,,incabella-images\_site\Sparkling-Silver-T-Light-20000102-A_20765.jpeg
https://www.incabella.co.uk/product/clear-glass-hurricane-vase/,Clear Glass Hurricane Vase,,incabella-images\_site\Sparkling-Silver-T-Light-20000102-A_20765.jpeg
https://www.incabella.co.uk/product/clear-glass-hurricane-vase/,Clear Glass Hurricane Vase,,incabella-images\_site\Sparkling-Silver-T-Light-Holder-IMG_4275.jpeg
https://www.incabella.co.uk/product/clear-glass-hurricane-vase/,Clear Glass Hurricane Vase,,incabella-images\_site\Sparkling-Silver-T-Light-Holder-IMG_4275.jpeg
https://www.incabella.co.uk/product/clear-glass-hurricane-vase/,Clear Glass Hurricane Vase,,incabella-images\_site\Sparkling-Silver-T-Light-20000102-A_20765.jpeg
https://www.incabella.co.uk/product/clear-glass-hurricane-vase/,Clear Glass Hurricane Vase,,incabella-images\_site\Sparkling-Silver-T-Light-20000102-A_20765.jpeg
https://www.incabella.co.uk/product/clear-glass-hurricane-vase/,Clear Glass Hurricane Vase,,incabella-images\_site\Sparkling-Silver-T-Light-Holder-IMG_4275.jpeg
https://www.incabella.co.uk/product/clear-glass-hurricane-vase/,Clear Glass Hurricane Vase,,incabella-images\_site\Sparkling-Silver-T-Light-Holder-IMG_4275.jpeg
https://www.incabella.co.uk/product/clear-glass-hurricane-vase/,Clear Glass Hurricane Vase,,incabella-images\_site\hanging-heart-tea-light-holder.jpeg
https://www.incabella.co.uk/product/clear-glass-hurricane-vase/,Clear Glass Hurricane Vase,,incabella-images\_site\hanging-heart-tea-light-holder.jpeg
https://www.incabella.co.uk/product/clear-glass-hurricane-vase/,Clear Glass Hurricane Vase,,incabella-images\_site\hanging-heart-tea-light-holder.jpeg
https://www.incabella.co.uk/product/clear-glass-hurricane-vase/,Clear Glass Hurricane Vase,,incabella-images\_site\hanging-heart-tea-light-holder.jpeg
https://www.incabella.co.uk/product/clear-glass-hurricane-vase/,Clear Glass Hurricane Vase,,incabella-images\_site\IMG_1709.jpg
https://www.incabella.co.uk/product/clear-glass-hurricane-vase/,Clear Glass Hurricane Vase,,incabella-images\_site\IMG_1709-510x652@2x.jpg
https://www.incabella.co.uk/product/clear-glass-hurricane-vase/,Clear Glass Hurricane Vase,,incabella-images\_site\tlt-hld-wbells-h80mm-clr-gls.jpeg
https://www.incabella.co.uk/product/clear-glass-hurricane-vase/,Clear Glass Hurricane Vase,,incabella-images\_site\tlt-hld-wbells-h80mm-clr-gls.jpeg
https://www.incabella.co.uk/product/clear-glass-hurricane-vase/,Clear Glass Hurricane Vase,,incabella-images\_site\IMG_0946.jpeg
https://www.incabella.co.uk/product/clear-glass-hurricane-vase/,Clear Glass Hurricane Vase,,incabella-images\_site\IMG_0946.jpeg
https://www.incabella.co.uk/product/clear-glass-hurricane-vase/,Clear Glass Hurricane Vase,,incabella-images\_site\lantern-wrope-hndl-h250x180mm-gls-grey.jpeg
https://www.incabella.co.uk/product/clear-glass-hurricane-vase/,Clear Glass Hurricane Vase,,incabella-images\_site\lantern-wrope-hndl-h250x180mm-gls-grey.jpeg
https://www.incabella.co.uk/product/clear-glass-hurricane-vase/,Clear Glass Hurricane Vase,,incabella-images\_site\2B86C02D-B992-47FD-8154-292F2FE7C354.jpeg
https://www.incabella.co.uk/product/clear-glass-hurricane-vase/,Clear Glass Hurricane Vase,,incabella-images\_site\2B86C02D-B992-47FD-8154-292F2FE7C354.jpeg
https://www.incabella.co.uk/product/clear-glass-hurricane-vase/,Clear Glass Hurricane Vase,,incabella-images\_site\2B86C02D-B992-47FD-8154-292F2FE7C354.jpeg
https://www.incabella.co.uk/product/clear-glass-hurricane-vase/,Clear Glass Hurricane Vase,,incabella-images\_site\2B86C02D-B992-47FD-8154-292F2FE7C354.jpeg
https://www.incabella.co.uk/product/clear-glass-hurricane-vase/,Clear Glass Hurricane Vase,,incabella-images\_site\IMG_7450.jpeg
https://www.incabella.co.uk/product/clear-glass-hurricane-vase/,Clear Glass Hurricane Vase,,incabella-images\_site\IMG_7450.jpeg
https://www.incabella.co.uk/product/clear-glass-hurricane-vase/,Clear Glass Hurricane Vase,,incabella-images\_site\IMG_1085.jpg
https://www.incabella.co.uk/product/clear-glass-hurricane-vase/,Clear Glass Hurricane Vase,,incabella-images\_site\IMG_1085-510x652@2x.jpg
https://www.incabella.co.uk/product/clear-glass-hurricane-vase/,Clear Glass Hurricane Vase,,incabella-images\_site\IMG_1970.jpg
https://www.incabella.co.uk/product/clear-glass-hurricane-vase/,Clear Glass Hurricane Vase,,incabella-images\_site\IMG_1970-510x652@2x.jpg
https://www.incabella.co.uk/product/clear-glass-hurricane-vase/,Clear Glass Hurricane Vase,,incabella-images\_site\Image-3.jpg
https://www.incabella.co.uk/product/clear-glass-hurricane-vase/,Clear Glass Hurricane Vase,,incabella-images\_site\Image-3-510x652@2x.jpg
https://www.incabella.co.uk/product/clear-glass-hurricane-vase/,Clear Glass Hurricane Vase,,incabella-images\_site\IMG_4163.jpg
https://www.incabella.co.uk/product/clear-glass-hurricane-vase/,Clear Glass Hurricane Vase,,incabella-images\_site\IMG_4163.jpg
https://www.incabella.co.uk/product/clear-glass-hurricane-vase/,Clear Glass Hurricane Vase,,incabella-images\_site\IMG_4162-e1517836473472.jpg
https://www.incabella.co.uk/product/clear-glass-hurricane-vase/,Clear Glass Hurricane Vase,,incabella-images\_site\IMG_4162-e1517836473472.jpg
https://www.incabella.co.uk/product/clear-glass-hurricane-vase/,Clear Glass Hurricane Vase,,incabella-images\_site\IMG_3120.jpg
https://www.incabella.co.uk/product/clear-glass-hurricane-vase/,Clear Glass Hurricane Vase,,incabella-images\_site\IMG_3120-510x652@2x.jpg
https://www.incabella.co.uk/product/clear-glass-hurricane-vase/,Clear Glass Hurricane Vase,,incabella-images\_site\IMG_3119.jpg
https://www.incabella.co.uk/product/clear-glass-hurricane-vase/,Clear Glass Hurricane Vase,,incabella-images\_site\IMG_3119-510x652@2x.jpg
https://www.incabella.co.uk/product/clear-glass-hurricane-vase/,Clear Glass Hurricane Vase,,incabella-images\_site\IMG_1684.jpeg
https://www.incabella.co.uk/product/clear-glass-hurricane-vase/,Clear Glass Hurricane Vase,,incabella-images\_site\IMG_1684.jpeg
https://www.incabella.co.uk/product/clear-glass-hurricane-vase/,Clear Glass Hurricane Vase,,incabella-images\_site\621943C4-766A-4041-A514-A62C4C49CE51-1.jpeg
https://www.incabella.co.uk/product/clear-glass-hurricane-vase/,Clear Glass Hurricane Vase,,incabella-images\_site\621943C4-766A-4041-A514-A62C4C49CE51-1.jpeg
https://www.incabella.co.uk/product/clear-glass-hurricane-vase/,Clear Glass Hurricane Vase,,incabella-images\_site\29329CBA-9791-4C5A-9FA8-1596D8E787E6.jpeg
https://www.incabella.co.uk/product/clear-glass-hurricane-vase/,Clear Glass Hurricane Vase,,incabella-images\_site\29329CBA-9791-4C5A-9FA8-1596D8E787E6.jpeg
https://www.incabella.co.uk/product/clear-glass-hurricane-vase/,Clear Glass Hurricane Vase,,incabella-images\_site\A7EF519C-3D41-4840-81D8-93E282E1606F.jpeg
https://www.incabella.co.uk/product/clear-glass-hurricane-vase/,Clear Glass Hurricane Vase,,incabella-images\_site\A7EF519C-3D41-4840-81D8-93E282E1606F.jpeg
https://www.incabella.co.uk/product/clear-glass-hurricane-vase/,Clear Glass Hurricane Vase,,incabella-images\_site\IMG_3468.jpg
https://www.incabella.co.uk/product/clear-glass-hurricane-vase/,Clear Glass Hurricane Vase,,incabella-images\_site\IMG_3468-510x652@2x.jpg
https://www.incabella.co.uk/product/clear-glass-hurricane-vase/,Clear Glass Hurricane Vase,,incabella-images\_site\IMG_3464.jpg
https://www.incabella.co.uk/product/clear-glass-hurricane-vase/,Clear Glass Hurricane Vase,,incabella-images\_site\IMG_3464-510x652@2x.jpg
https://www.incabella.co.uk/product/clear-glass-hurricane-vase/,Clear Glass Hurricane Vase,,incabella-images\_site\EL-ES-APR-2022-0358.jpeg
https://www.incabella.co.uk/product/clear-glass-hurricane-vase/,Clear Glass Hurricane Vase,,incabella-images\_site\EL-ES-APR-2022-0358.jpeg
https://www.incabella.co.uk/product/clear-glass-hurricane-vase/,Clear Glass Hurricane Vase,,incabella-images\_site\31814EA0-7BDD-4917-9473-9F2F44BA7DBD.jpeg
https://www.incabella.co.uk/product/clear-glass-hurricane-vase/,Clear Glass Hurricane Vase,,incabella-images\_site\31814EA0-7BDD-4917-9473-9F2F44BA7DBD.jpeg
https://www.incabella.co.uk/product/clear-glass-hurricane-vase/,Clear Glass Hurricane Vase,,incabella-images\_site\Image.jpg
https://www.incabella.co.uk/product/clear-glass-hurricane-vase/,Clear Glass Hurricane Vase,,incabella-images\_site\Image.jpg
https://www.incabella.co.uk/product/clear-glass-hurricane-vase/,Clear Glass Hurricane Vase,,incabella-images\_site\IMG_9301.jpg
https://www.incabella.co.uk/product/clear-glass-hurricane-vase/,Clear Glass Hurricane Vase,,incabella-images\_site\IMG_9301-510x652@2x.jpg
https://www.incabella.co.uk/product/clear-glass-hurricane-vase/,Clear Glass Hurricane Vase,,incabella-images\_site\IMG_3512.jpg
https://www.incabella.co.uk/product/clear-glass-hurricane-vase/,Clear Glass Hurricane Vase,,incabella-images\_site\IMG_3512-510x652@2x.jpg
https://www.incabella.co.uk/product/clear-glass-hurricane-vase/,Clear Glass Hurricane Vase,,incabella-images\_site\IMG_2614.jpg
https://www.incabella.co.uk/product/clear-glass-hurricane-vase/,Clear Glass Hurricane Vase,,incabella-images\_site\IMG_2614-510x652@2x.jpg
https://www.incabella.co.uk/product/clear-glass-hurricane-vase/,Clear Glass Hurricane Vase,,incabella-images\_site\IMG_7140.jpeg
https://www.incabella.co.uk/product/clear-glass-hurricane-vase/,Clear Glass Hurricane Vase,,incabella-images\_site\IMG_7140.jpeg
https://www.incabella.co.uk/product/clear-glass-hurricane-vase/,Clear Glass Hurricane Vase,,incabella-images\_site\0ECE9A96-8D21-45B5-99FA-412A2590D4A7.jpeg
https://www.incabella.co.uk/product/clear-glass-hurricane-vase/,Clear Glass Hurricane Vase,,incabella-images\_site\0ECE9A96-8D21-45B5-99FA-412A2590D4A7.jpeg
https://www.incabella.co.uk/product/clear-glass-hurricane-vase/,Clear Glass Hurricane Vase,,incabella-images\_site\IncaBella_logo_02.png
https://www.incabella.co.uk/product/rustic-brass-votive/,Rustic Brass Votive,,incabella-images\_site\IncaBella_logo_02.png
https://www.incabella.co.uk/product/rustic-brass-votive/,Rustic Brass Votive,,incabella-images\product_rustic-brass-votive\IMG_7149-scaled.jpeg
https://www.incabella.co.uk/product/rustic-brass-votive/,Rustic Brass Votive,,incabella-images\_site\IMG_7149.jpeg
https://www.incabella.co.uk/product/rustic-brass-votive/,Rustic Brass Votive,,incabella-images\_site\IMG_7149.jpeg
https://www.incabella.co.uk/product/rustic-brass-votive/,Rustic Brass Votive,,incabella-images\_site\E57C0BFC-9306-42C5-8AE4-7F77EFE434AA.jpeg
https://www.incabella.co.uk/product/rustic-brass-votive/,Rustic Brass Votive,,incabella-images\_site\E57C0BFC-9306-42C5-8AE4-7F77EFE434AA.jpeg
https://www.incabella.co.uk/product/rustic-brass-votive/,Rustic Brass Votive,,incabella-images\_site\E57C0BFC-9306-42C5-8AE4-7F77EFE434AA.jpeg
https://www.incabella.co.uk/product/rustic-brass-votive/,Rustic Brass Votive,,incabella-images\_site\IMG_7149.jpeg
https://www.incabella.co.uk/product/rustic-brass-votive/,Rustic Brass Votive,,incabella-images\_site\IMG_7149.jpeg
https://www.incabella.co.uk/product/rustic-brass-votive/,Rustic Brass Votive,,incabella-images\_site\E57C0BFC-9306-42C5-8AE4-7F77EFE434AA.jpeg
https://www.incabella.co.uk/product/rustic-brass-votive/,Rustic Brass Votive,,incabella-images\_site\E57C0BFC-9306-42C5-8AE4-7F77EFE434AA.jpeg
https://www.incabella.co.uk/product/rustic-brass-votive/,Rustic Brass Votive,,incabella-images\_site\IMG_E1342.jpg
https://www.incabella.co.uk/product/rustic-brass-votive/,Rustic Brass Votive,,incabella-images\_site\IMG_E1342.jpg
https://www.incabella.co.uk/product/rustic-brass-votive/,Rustic Brass Votive,,incabella-images\_site\clear-glass-hurricane-lantern.jpeg
https://www.incabella.co.uk/product/rustic-brass-votive/,Rustic Brass Votive,,incabella-images\_site\clear-glass-hurricane-lantern.jpeg
https://www.incabella.co.uk/product/rustic-brass-votive/,Rustic Brass Votive,,incabella-images\_site\IMG_1709.jpg
https://www.incabella.co.uk/product/rustic-brass-votive/,Rustic Brass Votive,,incabella-images\_site\IMG_1709-510x652@2x.jpg
https://www.incabella.co.uk/product/rustic-brass-votive/,Rustic Brass Votive,,incabella-images\_site\tlt-hld-wbells-h80mm-clr-gls.jpeg
https://www.incabella.co.uk/product/rustic-brass-votive/,Rustic Brass Votive,,incabella-images\_site\tlt-hld-wbells-h80mm-clr-gls.jpeg
https://www.incabella.co.uk/product/rustic-brass-votive/,Rustic Brass Votive,,incabella-images\_site\IMG_0946.jpeg
https://www.incabella.co.uk/product/rustic-brass-votive/,Rustic Brass Votive,,incabella-images\_site\IMG_0946.jpeg
https://www.incabella.co.uk/product/rustic-brass-votive/,Rustic Brass Votive,,incabella-images\_site\lantern-wrope-hndl-h250x180mm-gls-grey.jpeg
https://www.incabella.co.uk/product/rustic-brass-votive/,Rustic Brass Votive,,incabella-images\_site\lantern-wrope-hndl-h250x180mm-gls-grey.jpeg
https://www.incabella.co.uk/product/rustic-brass-votive/,Rustic Brass Votive,,incabella-images\_site\image10.jpeg
https://www.incabella.co.uk/product/rustic-brass-votive/,Rustic Brass Votive,,incabella-images\_site\image10.jpeg
https://www.incabella.co.uk/product/rustic-brass-votive/,Rustic Brass Votive,,incabella-images\_site\20473090a409721a3a4007908b32130e.jpg
https://www.incabella.co.uk/product/rustic-brass-votive/,Rustic Brass Votive,,incabella-images\_site\20473090a409721a3a4007908b32130e.jpg
https://www.incabella.co.uk/product/rustic-brass-votive/,Rustic Brass Votive,,incabella-images\_site\sana-storm-lantern.jpg
https://www.incabella.co.uk/product/rustic-brass-votive/,Rustic Brass Votive,,incabella-images\_site\sana-storm-lantern.jpg
https://www.incabella.co.uk/product/rustic-brass-votive/,Rustic Brass Votive,,incabella-images\_site\A-FS-S-FS-A-SANA-STORM-LANTERN-SQ-7.jpeg
https://www.incabella.co.uk/product/rustic-brass-votive/,Rustic Brass Votive,,incabella-images\_site\A-FS-S-FS-A-SANA-STORM-LANTERN-SQ-7.jpeg
https://www.incabella.co.uk/product/rustic-brass-votive/,Rustic Brass Votive,,incabella-images\_site\EL-ES-APR-2022-0435.jpg
https://www.incabella.co.uk/product/rustic-brass-votive/,Rustic Brass Votive,,incabella-images\_site\EL-ES-APR-2022-0435.jpg
https://www.incabella.co.uk/product/rustic-brass-votive/,Rustic Brass Votive,,incabella-images\_site\IMG_0520.jpeg
https://www.incabella.co.uk/product/rustic-brass-votive/,Rustic Brass Votive,,incabella-images\_site\IMG_0520.jpeg
https://www.incabella.co.uk/product/rustic-brass-votive/,Rustic Brass Votive,,incabella-images\_site\Image.jpg
https://www.incabella.co.uk/product/rustic-brass-votive/,Rustic Brass Votive,,incabella-images\_site\Image.jpg
https://www.incabella.co.uk/product/rustic-brass-votive/,Rustic Brass Votive,,incabella-images\_site\IMG_9301.jpg
https://www.incabella.co.uk/product/rustic-brass-votive/,Rustic Brass Votive,,incabella-images\_site\IMG_9301-510x652@2x.jpg
https://www.incabella.co.uk/product/rustic-brass-votive/,Rustic Brass Votive,,incabella-images\_site\IMG_3512.jpg
https://www.incabella.co.uk/product/rustic-brass-votive/,Rustic Brass Votive,,incabella-images\_site\IMG_3512-510x652@2x.jpg
https://www.incabella.co.uk/product/rustic-brass-votive/,Rustic Brass Votive,,incabella-images\_site\IMG_2614.jpg
https://www.incabella.co.uk/product/rustic-brass-votive/,Rustic Brass Votive,,incabella-images\_site\IMG_2614-510x652@2x.jpg
https://www.incabella.co.uk/product/rustic-brass-votive/,Rustic Brass Votive,,incabella-images\_site\Amy-David-88.jpg
https://www.incabella.co.uk/product/rustic-brass-votive/,Rustic Brass Votive,,incabella-images\_site\Amy-David-88.jpg
https://www.incabella.co.uk/product/rustic-brass-votive/,Rustic Brass Votive,,incabella-images\_site\Jayne-Chris-wedding-for-Lucy-0004.jpg
https://www.incabella.co.uk/product/rustic-brass-votive/,Rustic Brass Votive,,incabella-images\_site\Jayne-Chris-wedding-for-Lucy-0004.jpg
https://www.incabella.co.uk/product/rustic-brass-votive/,Rustic Brass Votive,,incabella-images\_site\EL-ES-APR-2022-0358.jpeg
https://www.incabella.co.uk/product/rustic-brass-votive/,Rustic Brass Votive,,incabella-images\_site\EL-ES-APR-2022-0358.jpeg
https://www.incabella.co.uk/product/rustic-brass-votive/,Rustic Brass Votive,,incabella-images\_site\31814EA0-7BDD-4917-9473-9F2F44BA7DBD.jpeg
https://www.incabella.co.uk/product/rustic-brass-votive/,Rustic Brass Votive,,incabella-images\_site\31814EA0-7BDD-4917-9473-9F2F44BA7DBD.jpeg
https://www.incabella.co.uk/product/rustic-brass-votive/,Rustic Brass Votive,,incabella-images\_site\IMG_7450.jpeg
https://www.incabella.co.uk/product/rustic-brass-votive/,Rustic Brass Votive,,incabella-images\_site\IMG_7450.jpeg
https://www.incabella.co.uk/product/rustic-brass-votive/,Rustic Brass Votive,,incabella-images\_site\IMG_1085.jpg
https://www.incabella.co.uk/product/rustic-brass-votive/,Rustic Brass Votive,,incabella-images\_site\IMG_1085-510x652@2x.jpg
https://www.incabella.co.uk/product/rustic-brass-votive/,Rustic Brass Votive,,incabella-images\_site\IMG_4803.jpg
https://www.incabella.co.uk/product/rustic-brass-votive/,Rustic Brass Votive,,incabella-images\_site\IMG_4803-510x652@2x.jpg
https://www.incabella.co.uk/product/rustic-brass-votive/,Rustic Brass Votive,,incabella-images\_site\IMG_4803.jpg
https://www.incabella.co.uk/product/rustic-brass-votive/,Rustic Brass Votive,,incabella-images\_site\IMG_4803-510x652@2x.jpg
https://www.incabella.co.uk/product/rustic-brass-votive/,Rustic Brass Votive,,incabella-images\_site\IMG_8203-e1549817586734.jpg
https://www.incabella.co.uk/product/rustic-brass-votive/,Rustic Brass Votive,,incabella-images\_site\IMG_8203-e1549817586734.jpg
https://www.incabella.co.uk/product/rustic-brass-votive/,Rustic Brass Votive,,incabella-images\_site\IMG_8203-e1549817586734.jpg
https://www.incabella.co.uk/product/rustic-brass-votive/,Rustic Brass Votive,,incabella-images\_site\IMG_8203-e1549817586734.jpg
https://www.incabella.co.uk/product/rustic-brass-votive/,Rustic Brass Votive,,incabella-images\_site\IMG_1970.jpg
https://www.incabella.co.uk/product/rustic-brass-votive/,Rustic Brass Votive,,incabella-images\_site\IMG_1970-510x652@2x.jpg
https://www.incabella.co.uk/product/rustic-brass-votive/,Rustic Brass Votive,,incabella-images\_site\Image-3.jpg
https://www.incabella.co.uk/product/rustic-brass-votive/,Rustic Brass Votive,,incabella-images\_site\Image-3-510x652@2x.jpg
https://www.incabella.co.uk/product/rustic-brass-votive/,Rustic Brass Votive,,incabella-images\_site\english-country-bunting.jpg
https://www.incabella.co.uk/product/rustic-brass-votive/,Rustic Brass Votive,,incabella-images\_site\english-country-bunting-114x145@2x.jpg
https://www.incabella.co.uk/product/rustic-brass-votive/,Rustic Brass Votive,,incabella-images\_site\english-country-bunting.jpg
https://www.incabella.co.uk/product/rustic-brass-votive/,Rustic Brass Votive,,incabella-images\_site\english-country-bunting-114x145@2x.jpg
https://www.incabella.co.uk/product/rustic-brass-votive/,Rustic Brass Votive,,incabella-images\_site\Sparkling-Silver-T-Light-20000102-A_20765.jpeg
https://www.incabella.co.uk/product/rustic-brass-votive/,Rustic Brass Votive,,incabella-images\_site\Sparkling-Silver-T-Light-20000102-A_20765.jpeg
https://www.incabella.co.uk/product/rustic-brass-votive/,Rustic Brass Votive,,incabella-images\_site\Sparkling-Silver-T-Light-Holder-IMG_4275.jpeg
https://www.incabella.co.uk/product/rustic-brass-votive/,Rustic Brass Votive,,incabella-images\_site\Sparkling-Silver-T-Light-Holder-IMG_4275.jpeg
https://www.incabella.co.uk/product/rustic-brass-votive/,Rustic Brass Votive,,incabella-images\_site\IncaBella_logo_02.png
https://www.incabella.co.uk/product/ndiki-lantern/,Ndiki Lantern,,incabella-images\_site\IncaBella_logo_02.png
https://www.incabella.co.uk/product/ndiki-lantern/,Ndiki Lantern,,incabella-images\_site\29329CBA-9791-4C5A-9FA8-1596D8E787E6.jpeg
https://www.incabella.co.uk/product/ndiki-lantern/,Ndiki Lantern,,incabella-images\_site\29329CBA-9791-4C5A-9FA8-1596D8E787E6.jpeg
https://www.incabella.co.uk/product/ndiki-lantern/,Ndiki Lantern,,incabella-images\_site\29329CBA-9791-4C5A-9FA8-1596D8E787E6.jpeg
https://www.incabella.co.uk/product/ndiki-lantern/,Ndiki Lantern,,incabella-images\_site\A7EF519C-3D41-4840-81D8-93E282E1606F.jpeg
https://www.incabella.co.uk/product/ndiki-lantern/,Ndiki Lantern,,incabella-images\_site\A7EF519C-3D41-4840-81D8-93E282E1606F.jpeg
https://www.incabella.co.uk/product/ndiki-lantern/,Ndiki Lantern,,incabella-images\_site\A7EF519C-3D41-4840-81D8-93E282E1606F.jpeg
https://www.incabella.co.uk/product/ndiki-lantern/,Ndiki Lantern,,incabella-images\_site\29329CBA-9791-4C5A-9FA8-1596D8E787E6.jpeg
https://www.incabella.co.uk/product/ndiki-lantern/,Ndiki Lantern,,incabella-images\_site\29329CBA-9791-4C5A-9FA8-1596D8E787E6.jpeg
https://www.incabella.co.uk/product/ndiki-lantern/,Ndiki Lantern,,incabella-images\_site\A7EF519C-3D41-4840-81D8-93E282E1606F.jpeg
https://www.incabella.co.uk/product/ndiki-lantern/,Ndiki Lantern,,incabella-images\_site\A7EF519C-3D41-4840-81D8-93E282E1606F.jpeg
https://www.incabella.co.uk/product/ndiki-lantern/,Ndiki Lantern,,incabella-images\_site\Sparkling-Silver-T-Light-20000102-A_20765.jpeg
https://www.incabella.co.uk/product/ndiki-lantern/,Ndiki Lantern,,incabella-images\_site\Sparkling-Silver-T-Light-20000102-A_20765.jpeg
https://www.incabella.co.uk/product/ndiki-lantern/,Ndiki Lantern,,incabella-images\_site\Sparkling-Silver-T-Light-Holder-IMG_4275.jpeg
https://www.incabella.co.uk/product/ndiki-lantern/,Ndiki Lantern,,incabella-images\_site\Sparkling-Silver-T-Light-Holder-IMG_4275.jpeg
https://www.incabella.co.uk/product/ndiki-lantern/,Ndiki Lantern,,incabella-images\_site\Sparkling-Silver-T-Light-20000102-A_20765.jpeg
https://www.incabella.co.uk/product/ndiki-lantern/,Ndiki Lantern,,incabella-images\_site\Sparkling-Silver-T-Light-20000102-A_20765.jpeg
https://www.incabella.co.uk/product/ndiki-lantern/,Ndiki Lantern,,incabella-images\_site\Sparkling-Silver-T-Light-Holder-IMG_4275.jpeg
https://www.incabella.co.uk/product/ndiki-lantern/,Ndiki Lantern,,incabella-images\_site\Sparkling-Silver-T-Light-Holder-IMG_4275.jpeg
https://www.incabella.co.uk/product/ndiki-lantern/,Ndiki Lantern,,incabella-images\_site\hanging-heart-tea-light-holder.jpeg
https://www.incabella.co.uk/product/ndiki-lantern/,Ndiki Lantern,,incabella-images\_site\hanging-heart-tea-light-holder.jpeg
https://www.incabella.co.uk/product/ndiki-lantern/,Ndiki Lantern,,incabella-images\_site\hanging-heart-tea-light-holder.jpeg
https://www.incabella.co.uk/product/ndiki-lantern/,Ndiki Lantern,,incabella-images\_site\hanging-heart-tea-light-holder.jpeg
https://www.incabella.co.uk/product/ndiki-lantern/,Ndiki Lantern,,incabella-images\_site\IMG_1709.jpg
https://www.incabella.co.uk/product/ndiki-lantern/,Ndiki Lantern,,incabella-images\_site\IMG_1709-510x652@2x.jpg
https://www.incabella.co.uk/product/ndiki-lantern/,Ndiki Lantern,,incabella-images\_site\tlt-hld-wbells-h80mm-clr-gls.jpeg
https://www.incabella.co.uk/product/ndiki-lantern/,Ndiki Lantern,,incabella-images\_site\tlt-hld-wbells-h80mm-clr-gls.jpeg
https://www.incabella.co.uk/product/ndiki-lantern/,Ndiki Lantern,,incabella-images\_site\IMG_E1342.jpg
https://www.incabella.co.uk/product/ndiki-lantern/,Ndiki Lantern,,incabella-images\_site\IMG_E1342.jpg
https://www.incabella.co.uk/product/ndiki-lantern/,Ndiki Lantern,,incabella-images\_site\clear-glass-hurricane-lantern.jpeg
https://www.incabella.co.uk/product/ndiki-lantern/,Ndiki Lantern,,incabella-images\_site\clear-glass-hurricane-lantern.jpeg
https://www.incabella.co.uk/product/ndiki-lantern/,Ndiki Lantern,,incabella-images\_site\IMG_0946.jpeg
https://www.incabella.co.uk/product/ndiki-lantern/,Ndiki Lantern,,incabella-images\_site\IMG_0946.jpeg
https://www.incabella.co.uk/product/ndiki-lantern/,Ndiki Lantern,,incabella-images\_site\lantern-wrope-hndl-h250x180mm-gls-grey.jpeg
https://www.incabella.co.uk/product/ndiki-lantern/,Ndiki Lantern,,incabella-images\_site\lantern-wrope-hndl-h250x180mm-gls-grey.jpeg
https://www.incabella.co.uk/product/ndiki-lantern/,Ndiki Lantern,,incabella-images\_site\sana-storm-lantern.jpg
https://www.incabella.co.uk/product/ndiki-lantern/,Ndiki Lantern,,incabella-images\_site\sana-storm-lantern.jpg
https://www.incabella.co.uk/product/ndiki-lantern/,Ndiki Lantern,,incabella-images\_site\A-FS-S-FS-A-SANA-STORM-LANTERN-SQ-7.jpeg
https://www.incabella.co.uk/product/ndiki-lantern/,Ndiki Lantern,,incabella-images\_site\A-FS-S-FS-A-SANA-STORM-LANTERN-SQ-7.jpeg
https://www.incabella.co.uk/product/ndiki-lantern/,Ndiki Lantern,,incabella-images\_site\IMG_1970.jpg
https://www.incabella.co.uk/product/ndiki-lantern/,Ndiki Lantern,,incabella-images\_site\IMG_1970-510x652@2x.jpg
https://www.incabella.co.uk/product/ndiki-lantern/,Ndiki Lantern,,incabella-images\_site\Image-3.jpg
https://www.incabella.co.uk/product/ndiki-lantern/,Ndiki Lantern,,incabella-images\_site\Image-3-510x652@2x.jpg
https://www.incabella.co.uk/product/ndiki-lantern/,Ndiki Lantern,,incabella-images\_site\5d6ad4c0-13bc-479b-8b50-cfe64523502e.jpeg
https://www.incabella.co.uk/product/ndiki-lantern/,Ndiki Lantern,,incabella-images\_site\5d6ad4c0-13bc-479b-8b50-cfe64523502e.jpeg
https://www.incabella.co.uk/product/ndiki-lantern/,Ndiki Lantern,,incabella-images\_site\fullsizeoutput_5ff9.jpeg
https://www.incabella.co.uk/product/ndiki-lantern/,Ndiki Lantern,,incabella-images\_site\fullsizeoutput_5ff9.jpeg
https://www.incabella.co.uk/product/ndiki-lantern/,Ndiki Lantern,,incabella-images\_site\IMG_1158.jpg
https://www.incabella.co.uk/product/ndiki-lantern/,Ndiki Lantern,,incabella-images\_site\IMG_1158-190x243@2x.jpg
https://www.incabella.co.uk/product/ndiki-lantern/,Ndiki Lantern,,incabella-images\_site\IMG_3519.jpg
https://www.incabella.co.uk/product/ndiki-lantern/,Ndiki Lantern,,incabella-images\_site\IMG_3519-510x652@2x.jpg
https://www.incabella.co.uk/product/ndiki-lantern/,Ndiki Lantern,,incabella-images\_site\IMG_7149.jpeg
https://www.incabella.co.uk/product/ndiki-lantern/,Ndiki Lantern,,incabella-images\_site\IMG_7149.jpeg
https://www.incabella.co.uk/product/ndiki-lantern/,Ndiki Lantern,,incabella-images\_site\E57C0BFC-9306-42C5-8AE4-7F77EFE434AA.jpeg
https://www.incabella.co.uk/product/ndiki-lantern/,Ndiki Lantern,,incabella-images\_site\E57C0BFC-9306-42C5-8AE4-7F77EFE434AA.jpeg
https://www.incabella.co.uk/product/ndiki-lantern/,Ndiki Lantern,,incabella-images\_site\IMG_3468.jpg
https://www.incabella.co.uk/product/ndiki-lantern/,Ndiki Lantern,,incabella-images\_site\IMG_3468-510x652@2x.jpg
https://www.incabella.co.uk/product/ndiki-lantern/,Ndiki Lantern,,incabella-images\_site\IMG_3464.jpg
https://www.incabella.co.uk/product/ndiki-lantern/,Ndiki Lantern,,incabella-images\_site\IMG_3464-510x652@2x.jpg
https://www.incabella.co.uk/product/ndiki-lantern/,Ndiki Lantern,,incabella-images\_site\2B86C02D-B992-47FD-8154-292F2FE7C354.jpeg
https://www.incabella.co.uk/product/ndiki-lantern/,Ndiki Lantern,,incabella-images\_site\2B86C02D-B992-47FD-8154-292F2FE7C354.jpeg
https://www.incabella.co.uk/product/ndiki-lantern/,Ndiki Lantern,,incabella-images\_site\2B86C02D-B992-47FD-8154-292F2FE7C354.jpeg
https://www.incabella.co.uk/product/ndiki-lantern/,Ndiki Lantern,,incabella-images\_site\2B86C02D-B992-47FD-8154-292F2FE7C354.jpeg
https://www.incabella.co.uk/product/ndiki-lantern/,Ndiki Lantern,,incabella-images\_site\IMG_0545.jpeg
https://www.incabella.co.uk/product/ndiki-lantern/,Ndiki Lantern,,incabella-images\_site\IMG_0545.jpeg
https://www.incabella.co.uk/product/ndiki-lantern/,Ndiki Lantern,,incabella-images\_site\8327bd708a67d45dc7f6637f3e61ffa5.jpg
https://www.incabella.co.uk/product/ndiki-lantern/,Ndiki Lantern,,incabella-images\_site\8327bd708a67d45dc7f6637f3e61ffa5.jpg
https://www.incabella.co.uk/product/ndiki-lantern/,Ndiki Lantern,,incabella-images\_site\IMG_0442.jpg
https://www.incabella.co.uk/product/ndiki-lantern/,Ndiki Lantern,,incabella-images\_site\IMG_0442.jpg
https://www.incabella.co.uk/product/ndiki-lantern/,Ndiki Lantern,,incabella-images\_site\IMG_0454.jpg
https://www.incabella.co.uk/product/ndiki-lantern/,Ndiki Lantern,,incabella-images\_site\IMG_0454.jpg
https://www.incabella.co.uk/product/ndiki-lantern/,Ndiki Lantern,,incabella-images\_site\IMG_4163.jpg
https://www.incabella.co.uk/product/ndiki-lantern/,Ndiki Lantern,,incabella-images\_site\IMG_4163.jpg
https://www.incabella.co.uk/product/ndiki-lantern/,Ndiki Lantern,,incabella-images\_site\IMG_4162-e1517836473472.jpg
https://www.incabella.co.uk/product/ndiki-lantern/,Ndiki Lantern,,incabella-images\_site\IMG_4162-e1517836473472.jpg
https://www.incabella.co.uk/product/ndiki-lantern/,Ndiki Lantern,,incabella-images\_site\IMG_4803.jpg
https://www.incabella.co.uk/product/ndiki-lantern/,Ndiki Lantern,,incabella-images\_site\IMG_4803-510x652@2x.jpg
https://www.incabella.co.uk/product/ndiki-lantern/,Ndiki Lantern,,incabella-images\_site\IMG_4803.jpg
https://www.incabella.co.uk/product/ndiki-lantern/,Ndiki Lantern,,incabella-images\_site\IMG_4803-510x652@2x.jpg
https://www.incabella.co.uk/product/ndiki-lantern/,Ndiki Lantern,,incabella-images\_site\IMG_7953.jpeg
https://www.incabella.co.uk/product/ndiki-lantern/,Ndiki Lantern,,incabella-images\_site\IMG_7953.jpeg
https://www.incabella.co.uk/product/ndiki-lantern/,Ndiki Lantern,,incabella-images\_site\873F2BAE-D7E1-4031-9F1F-6913BD571894.jpeg
https://www.incabella.co.uk/product/ndiki-lantern/,Ndiki Lantern,,incabella-images\_site\873F2BAE-D7E1-4031-9F1F-6913BD571894.jpeg
https://www.incabella.co.uk/product/ndiki-lantern/,Ndiki Lantern,,incabella-images\_site\880A161C-0A42-4AD4-99AC-5E53B5188CE4.jpeg
https://www.incabella.co.uk/product/ndiki-lantern/,Ndiki Lantern,,incabella-images\_site\880A161C-0A42-4AD4-99AC-5E53B5188CE4.jpeg
https://www.incabella.co.uk/product/ndiki-lantern/,Ndiki Lantern,,incabella-images\_site\6A35E8F8-C756-4D74-A18D-9532A67C0D46.jpeg
https://www.incabella.co.uk/product/ndiki-lantern/,Ndiki Lantern,,incabella-images\_site\6A35E8F8-C756-4D74-A18D-9532A67C0D46.jpeg
https://www.incabella.co.uk/product/ndiki-lantern/,Ndiki Lantern,,incabella-images\_site\IncaBella_logo_02.png
https://www.incabella.co.uk/product/tall-cylinder-glass-vases/,Tall Cylinder Glass Vases,,incabella-images\_site\IncaBella_logo_02.png
https://www.incabella.co.uk/product/tall-cylinder-glass-vases/,Tall Cylinder Glass Vases,,incabella-images\_site\8327bd708a67d45dc7f6637f3e61ffa5.jpg
https://www.incabella.co.uk/product/tall-cylinder-glass-vases/,Tall Cylinder Glass Vases,,incabella-images\_site\8327bd708a67d45dc7f6637f3e61ffa5.jpg
https://www.incabella.co.uk/product/tall-cylinder-glass-vases/,Tall Cylinder Glass Vases,,incabella-images\_site\8327bd708a67d45dc7f6637f3e61ffa5.jpg
https://www.incabella.co.uk/product/tall-cylinder-glass-vases/,Tall Cylinder Glass Vases,,incabella-images\product_ground-floor-decoration-package\IMG_7955-scaled.jpeg
https://www.incabella.co.uk/product/tall-cylinder-glass-vases/,Tall Cylinder Glass Vases,,incabella-images\_site\IMG_7955.jpeg
https://www.incabella.co.uk/product/tall-cylinder-glass-vases/,Tall Cylinder Glass Vases,,incabella-images\_site\IMG_7955.jpeg
https://www.incabella.co.uk/product/tall-cylinder-glass-vases/,Tall Cylinder Glass Vases,,incabella-images\product_tall-cylinder-glass-vases\029-c-LawesPhotography-_DSC8791.jpeg
https://www.incabella.co.uk/product/tall-cylinder-glass-vases/,Tall Cylinder Glass Vases,,incabella-images\product_tall-cylinder-glass-vases\029-c-LawesPhotography-_DSC8791.jpeg
https://www.incabella.co.uk/product/tall-cylinder-glass-vases/,Tall Cylinder Glass Vases,,incabella-images\product_tall-cylinder-glass-vases\029-c-LawesPhotography-_DSC8791.jpeg
https://www.incabella.co.uk/product/tall-cylinder-glass-vases/,Tall Cylinder Glass Vases,,incabella-images\_site\8327bd708a67d45dc7f6637f3e61ffa5.jpg
https://www.incabella.co.uk/product/tall-cylinder-glass-vases/,Tall Cylinder Glass Vases,,incabella-images\_site\8327bd708a67d45dc7f6637f3e61ffa5.jpg
https://www.incabella.co.uk/product/tall-cylinder-glass-vases/,Tall Cylinder Glass Vases,,incabella-images\_site\IMG_7955.jpeg
https://www.incabella.co.uk/product/tall-cylinder-glass-vases/,Tall Cylinder Glass Vases,,incabella-images\_site\IMG_7955.jpeg
https://www.incabella.co.uk/product/tall-cylinder-glass-vases/,Tall Cylinder Glass Vases,,incabella-images\product_tall-cylinder-glass-vases\029-c-LawesPhotography-_DSC8791.jpeg
https://www.incabella.co.uk/product/tall-cylinder-glass-vases/,Tall Cylinder Glass Vases,,incabella-images\product_tall-cylinder-glass-vases\029-c-LawesPhotography-_DSC8791.jpeg
https://www.incabella.co.uk/product/tall-cylinder-glass-vases/,Tall Cylinder Glass Vases,,incabella-images\_site\hanging-heart-tea-light-holder.jpeg
https://www.incabella.co.uk/product/tall-cylinder-glass-vases/,Tall Cylinder Glass Vases,,incabella-images\_site\hanging-heart-tea-light-holder.jpeg
https://www.incabella.co.uk/product/tall-cylinder-glass-vases/,Tall Cylinder Glass Vases,,incabella-images\_site\hanging-heart-tea-light-holder.jpeg
https://www.incabella.co.uk/product/tall-cylinder-glass-vases/,Tall Cylinder Glass Vases,,incabella-images\_site\hanging-heart-tea-light-holder.jpeg
https://www.incabella.co.uk/product/tall-cylinder-glass-vases/,Tall Cylinder Glass Vases,,incabella-images\_site\IMG_E1342.jpg
https://www.incabella.co.uk/product/tall-cylinder-glass-vases/,Tall Cylinder Glass Vases,,incabella-images\_site\IMG_E1342.jpg
https://www.incabella.co.uk/product/tall-cylinder-glass-vases/,Tall Cylinder Glass Vases,,incabella-images\_site\clear-glass-hurricane-lantern.jpeg
https://www.incabella.co.uk/product/tall-cylinder-glass-vases/,Tall Cylinder Glass Vases,,incabella-images\_site\clear-glass-hurricane-lantern.jpeg
https://www.incabella.co.uk/product/tall-cylinder-glass-vases/,Tall Cylinder Glass Vases,,incabella-images\_site\sana-storm-lantern.jpg
https://www.incabella.co.uk/product/tall-cylinder-glass-vases/,Tall Cylinder Glass Vases,,incabella-images\_site\sana-storm-lantern.jpg
https://www.incabella.co.uk/product/tall-cylinder-glass-vases/,Tall Cylinder Glass Vases,,incabella-images\_site\A-FS-S-FS-A-SANA-STORM-LANTERN-SQ-7.jpeg
https://www.incabella.co.uk/product/tall-cylinder-glass-vases/,Tall Cylinder Glass Vases,,incabella-images\_site\A-FS-S-FS-A-SANA-STORM-LANTERN-SQ-7.jpeg
https://www.incabella.co.uk/product/tall-cylinder-glass-vases/,Tall Cylinder Glass Vases,,incabella-images\_site\IMG_0946.jpeg
https://www.incabella.co.uk/product/tall-cylinder-glass-vases/,Tall Cylinder Glass Vases,,incabella-images\_site\IMG_0946.jpeg
https://www.incabella.co.uk/product/tall-cylinder-glass-vases/,Tall Cylinder Glass Vases,,incabella-images\_site\lantern-wrope-hndl-h250x180mm-gls-grey.jpeg
https://www.incabella.co.uk/product/tall-cylinder-glass-vases/,Tall Cylinder Glass Vases,,incabella-images\_site\lantern-wrope-hndl-h250x180mm-gls-grey.jpeg
https://www.incabella.co.uk/product/tall-cylinder-glass-vases/,Tall Cylinder Glass Vases,,incabella-images\_site\Sparkling-Silver-T-Light-20000102-A_20765.jpeg
https://www.incabella.co.uk/product/tall-cylinder-glass-vases/,Tall Cylinder Glass Vases,,incabella-images\_site\Sparkling-Silver-T-Light-20000102-A_20765.jpeg
https://www.incabella.co.uk/product/tall-cylinder-glass-vases/,Tall Cylinder Glass Vases,,incabella-images\_site\Sparkling-Silver-T-Light-Holder-IMG_4275.jpeg
https://www.incabella.co.uk/product/tall-cylinder-glass-vases/,Tall Cylinder Glass Vases,,incabella-images\_site\Sparkling-Silver-T-Light-Holder-IMG_4275.jpeg
https://www.incabella.co.uk/product/tall-cylinder-glass-vases/,Tall Cylinder Glass Vases,,incabella-images\_site\Sparkling-Silver-T-Light-20000102-A_20765.jpeg
https://www.incabella.co.uk/product/tall-cylinder-glass-vases/,Tall Cylinder Glass Vases,,incabella-images\_site\Sparkling-Silver-T-Light-20000102-A_20765.jpeg
https://www.incabella.co.uk/product/tall-cylinder-glass-vases/,Tall Cylinder Glass Vases,,incabella-images\_site\Sparkling-Silver-T-Light-Holder-IMG_4275.jpeg
https://www.incabella.co.uk/product/tall-cylinder-glass-vases/,Tall Cylinder Glass Vases,,incabella-images\_site\Sparkling-Silver-T-Light-Holder-IMG_4275.jpeg
https://www.incabella.co.uk/product/tall-cylinder-glass-vases/,Tall Cylinder Glass Vases,,incabella-images\_site\IMG_1709.jpg
https://www.incabella.co.uk/product/tall-cylinder-glass-vases/,Tall Cylinder Glass Vases,,incabella-images\_site\IMG_1709-510x652@2x.jpg
https://www.incabella.co.uk/product/tall-cylinder-glass-vases/,Tall Cylinder Glass Vases,,incabella-images\_site\tlt-hld-wbells-h80mm-clr-gls.jpeg
https://www.incabella.co.uk/product/tall-cylinder-glass-vases/,Tall Cylinder Glass Vases,,incabella-images\_site\tlt-hld-wbells-h80mm-clr-gls.jpeg
https://www.incabella.co.uk/product/tall-cylinder-glass-vases/,Tall Cylinder Glass Vases,,incabella-images\_site\EL-ES-APR-2022-0358.jpeg
https://www.incabella.co.uk/product/tall-cylinder-glass-vases/,Tall Cylinder Glass Vases,,incabella-images\_site\EL-ES-APR-2022-0358.jpeg
https://www.incabella.co.uk/product/tall-cylinder-glass-vases/,Tall Cylinder Glass Vases,,incabella-images\_site\31814EA0-7BDD-4917-9473-9F2F44BA7DBD.jpeg
https://www.incabella.co.uk/product/tall-cylinder-glass-vases/,Tall Cylinder Glass Vases,,incabella-images\_site\31814EA0-7BDD-4917-9473-9F2F44BA7DBD.jpeg
https://www.incabella.co.uk/product/tall-cylinder-glass-vases/,Tall Cylinder Glass Vases,,incabella-images\_site\5d6ad4c0-13bc-479b-8b50-cfe64523502e.jpeg
https://www.incabella.co.uk/product/tall-cylinder-glass-vases/,Tall Cylinder Glass Vases,,incabella-images\_site\5d6ad4c0-13bc-479b-8b50-cfe64523502e.jpeg
https://www.incabella.co.uk/product/tall-cylinder-glass-vases/,Tall Cylinder Glass Vases,,incabella-images\_site\fullsizeoutput_5ff9.jpeg
https://www.incabella.co.uk/product/tall-cylinder-glass-vases/,Tall Cylinder Glass Vases,,incabella-images\_site\fullsizeoutput_5ff9.jpeg
https://www.incabella.co.uk/product/tall-cylinder-glass-vases/,Tall Cylinder Glass Vases,,incabella-images\_site\IMG_7450.jpeg
https://www.incabella.co.uk/product/tall-cylinder-glass-vases/,Tall Cylinder Glass Vases,,incabella-images\_site\IMG_7450.jpeg
https://www.incabella.co.uk/product/tall-cylinder-glass-vases/,Tall Cylinder Glass Vases,,incabella-images\_site\IMG_1085.jpg
https://www.incabella.co.uk/product/tall-cylinder-glass-vases/,Tall Cylinder Glass Vases,,incabella-images\_site\IMG_1085-510x652@2x.jpg
https://www.incabella.co.uk/product/tall-cylinder-glass-vases/,Tall Cylinder Glass Vases,,incabella-images\_site\IMG_7095.jpeg
https://www.incabella.co.uk/product/tall-cylinder-glass-vases/,Tall Cylinder Glass Vases,,incabella-images\_site\IMG_7095.jpeg
https://www.incabella.co.uk/product/tall-cylinder-glass-vases/,Tall Cylinder Glass Vases,,incabella-images\_site\6A9461D2-8C98-4412-BC65-4CDD37EF0A5D.jpeg
https://www.incabella.co.uk/product/tall-cylinder-glass-vases/,Tall Cylinder Glass Vases,,incabella-images\_site\6A9461D2-8C98-4412-BC65-4CDD37EF0A5D.jpeg
https://www.incabella.co.uk/product/tall-cylinder-glass-vases/,Tall Cylinder Glass Vases,,incabella-images\_site\25AB7D13-7599-412B-B88E-B43BB927A3F8.jpeg
https://www.incabella.co.uk/product/tall-cylinder-glass-vases/,Tall Cylinder Glass Vases,,incabella-images\_site\25AB7D13-7599-412B-B88E-B43BB927A3F8.jpeg
https://www.incabella.co.uk/product/tall-cylinder-glass-vases/,Tall Cylinder Glass Vases,,incabella-images\_site\IMG_4492.jpg
https://www.incabella.co.uk/product/tall-cylinder-glass-vases/,Tall Cylinder Glass Vases,,incabella-images\_site\IMG_4492.jpg
https://www.incabella.co.uk/product/tall-cylinder-glass-vases/,Tall Cylinder Glass Vases,,incabella-images\_site\fullsizeoutput_50c2.jpeg
https://www.incabella.co.uk/product/tall-cylinder-glass-vases/,Tall Cylinder Glass Vases,,incabella-images\_site\fullsizeoutput_50c2.jpeg
https://www.incabella.co.uk/product/tall-cylinder-glass-vases/,Tall Cylinder Glass Vases,,incabella-images\_site\IMG_6448-e1520889491374.jpg
https://www.incabella.co.uk/product/tall-cylinder-glass-vases/,Tall Cylinder Glass Vases,,incabella-images\_site\IMG_6448-e1520889491374.jpg
https://www.incabella.co.uk/product/tall-cylinder-glass-vases/,Tall Cylinder Glass Vases,,incabella-images\_site\IMG_4217-e1615561069483.jpg
https://www.incabella.co.uk/product/tall-cylinder-glass-vases/,Tall Cylinder Glass Vases,,incabella-images\_site\IMG_4217-e1615561069483.jpg
https://www.incabella.co.uk/product/tall-cylinder-glass-vases/,Tall Cylinder Glass Vases,,incabella-images\_site\IMG_5159-e1615638036380.jpg
https://www.incabella.co.uk/product/tall-cylinder-glass-vases/,Tall Cylinder Glass Vases,,incabella-images\_site\IMG_5159-e1615638036380.jpg
https://www.incabella.co.uk/product/tall-cylinder-glass-vases/,Tall Cylinder Glass Vases,,incabella-images\_site\IMG_4163.jpg
https://www.incabella.co.uk/product/tall-cylinder-glass-vases/,Tall Cylinder Glass Vases,,incabella-images\_site\IMG_4163.jpg
https://www.incabella.co.uk/product/tall-cylinder-glass-vases/,Tall Cylinder Glass Vases,,incabella-images\_site\IMG_4162-e1517836473472.jpg
https://www.incabella.co.uk/product/tall-cylinder-glass-vases/,Tall Cylinder Glass Vases,,incabella-images\_site\IMG_4162-e1517836473472.jpg
https://www.incabella.co.uk/product/tall-cylinder-glass-vases/,Tall Cylinder Glass Vases,,incabella-images\_site\IMG_1673.jpg
https://www.incabella.co.uk/product/tall-cylinder-glass-vases/,Tall Cylinder Glass Vases,,incabella-images\_site\IMG_1673-510x652@2x.jpg
https://www.incabella.co.uk/product/tall-cylinder-glass-vases/,Tall Cylinder Glass Vases,,incabella-images\_site\4600494.jpg
https://www.incabella.co.uk/product/tall-cylinder-glass-vases/,Tall Cylinder Glass Vases,,incabella-images\_site\4600494-114x145@2x.jpg
https://www.incabella.co.uk/product/tall-cylinder-glass-vases/,Tall Cylinder Glass Vases,,incabella-images\_site\IMG_3120.jpg
https://www.incabella.co.uk/product/tall-cylinder-glass-vases/,Tall Cylinder Glass Vases,,incabella-images\_site\IMG_3120-510x652@2x.jpg
https://www.incabella.co.uk/product/tall-cylinder-glass-vases/,Tall Cylinder Glass Vases,,incabella-images\_site\IMG_3119.jpg
https://www.incabella.co.uk/product/tall-cylinder-glass-vases/,Tall Cylinder Glass Vases,,incabella-images\_site\IMG_3119-510x652@2x.jpg
https://www.incabella.co.uk/product/tall-cylinder-glass-vases/,Tall Cylinder Glass Vases,,incabella-images\_site\image10.jpeg
https://www.incabella.co.uk/product/tall-cylinder-glass-vases/,Tall Cylinder Glass Vases,,incabella-images\_site\image10.jpeg
https://www.incabella.co.uk/product/tall-cylinder-glass-vases/,Tall Cylinder Glass Vases,,incabella-images\_site\20473090a409721a3a4007908b32130e.jpg
https://www.incabella.co.uk/product/tall-cylinder-glass-vases/,Tall Cylinder Glass Vases,,incabella-images\_site\20473090a409721a3a4007908b32130e.jpg
https://www.incabella.co.uk/product/tall-cylinder-glass-vases/,Tall Cylinder Glass Vases,,incabella-images\_site\IMG_7953.jpeg
https://www.incabella.co.uk/product/tall-cylinder-glass-vases/,Tall Cylinder Glass Vases,,incabella-images\_site\IMG_7953.jpeg
https://www.incabella.co.uk/product/tall-cylinder-glass-vases/,Tall Cylinder Glass Vases,,incabella-images\_site\873F2BAE-D7E1-4031-9F1F-6913BD571894.jpeg
https://www.incabella.co.uk/product/tall-cylinder-glass-vases/,Tall Cylinder Glass Vases,,incabella-images\_site\873F2BAE-D7E1-4031-9F1F-6913BD571894.jpeg
https://www.incabella.co.uk/product/tall-cylinder-glass-vases/,Tall Cylinder Glass Vases,,incabella-images\_site\IncaBella_logo_02.png
https://www.incabella.co.uk/product/hanging-tea-light/,Hanging Tea Light,,incabella-images\_site\IncaBella_logo_02.png
https://www.incabella.co.uk/product/hanging-tea-light/,Hanging Tea Light,,incabella-images\_site\IMG_1709.jpg
https://www.incabella.co.uk/product/hanging-tea-light/,Hanging Tea Light,,incabella-images\_site\IMG_1709.jpg
https://www.incabella.co.uk/product/hanging-tea-light/,Hanging Tea Light,,incabella-images\_site\IMG_1709-510x652@2x.jpg
https://www.incabella.co.uk/product/hanging-tea-light/,Hanging Tea Light,,incabella-images\_site\tlt-hld-wbells-h80mm-clr-gls.jpeg
https://www.incabella.co.uk/product/hanging-tea-light/,Hanging Tea Light,,incabella-images\_site\tlt-hld-wbells-h80mm-clr-gls.jpeg
https://www.incabella.co.uk/product/hanging-tea-light/,Hanging Tea Light,,incabella-images\_site\tlt-hld-wbells-h80mm-clr-gls.jpeg
https://www.incabella.co.uk/product/hanging-tea-light/,Hanging Tea Light,,incabella-images\product_hanging-tea-light\IMG_0934.jpeg
https://www.incabella.co.uk/product/hanging-tea-light/,Hanging Tea Light,,incabella-images\product_hanging-tea-light\IMG_0934.jpeg
https://www.incabella.co.uk/product/hanging-tea-light/,Hanging Tea Light,,incabella-images\product_hanging-tea-light\IMG_0934.jpeg
https://www.incabella.co.uk/product/hanging-tea-light/,Hanging Tea Light,,incabella-images\_site\IMG_1709.jpg
https://www.incabella.co.uk/product/hanging-tea-light/,Hanging Tea Light,,incabella-images\_site\IMG_1709-510x652@2x.jpg
https://www.incabella.co.uk/product/hanging-tea-light/,Hanging Tea Light,,incabella-images\_site\tlt-hld-wbells-h80mm-clr-gls.jpeg
https://www.incabella.co.uk/product/hanging-tea-light/,Hanging Tea Light,,incabella-images\_site\tlt-hld-wbells-h80mm-clr-gls.jpeg
https://www.incabella.co.uk/product/hanging-tea-light/,Hanging Tea Light,,incabella-images\product_hanging-tea-light\IMG_0934.jpeg
https://www.incabella.co.uk/product/hanging-tea-light/,Hanging Tea Light,,incabella-images\product_hanging-tea-light\IMG_0934.jpeg
https://www.incabella.co.uk/product/hanging-tea-light/,Hanging Tea Light,,incabella-images\_site\IMG_E1342.jpg
https://www.incabella.co.uk/product/hanging-tea-light/,Hanging Tea Light,,incabella-images\_site\IMG_E1342.jpg
https://www.incabella.co.uk/product/hanging-tea-light/,Hanging Tea Light,,incabella-images\_site\clear-glass-hurricane-lantern.jpeg
https://www.incabella.co.uk/product/hanging-tea-light/,Hanging Tea Light,,incabella-images\_site\clear-glass-hurricane-lantern.jpeg
https://www.incabella.co.uk/product/hanging-tea-light/,Hanging Tea Light,,incabella-images\_site\IMG_0946.jpeg
https://www.incabella.co.uk/product/hanging-tea-light/,Hanging Tea Light,,incabella-images\_site\IMG_0946.jpeg
https://www.incabella.co.uk/product/hanging-tea-light/,Hanging Tea Light,,incabella-images\_site\lantern-wrope-hndl-h250x180mm-gls-grey.jpeg
https://www.incabella.co.uk/product/hanging-tea-light/,Hanging Tea Light,,incabella-images\_site\lantern-wrope-hndl-h250x180mm-gls-grey.jpeg
https://www.incabella.co.uk/product/hanging-tea-light/,Hanging Tea Light,,incabella-images\_site\image10.jpeg
https://www.incabella.co.uk/product/hanging-tea-light/,Hanging Tea Light,,incabella-images\_site\image10.jpeg
https://www.incabella.co.uk/product/hanging-tea-light/,Hanging Tea Light,,incabella-images\_site\20473090a409721a3a4007908b32130e.jpg
https://www.incabella.co.uk/product/hanging-tea-light/,Hanging Tea Light,,incabella-images\_site\20473090a409721a3a4007908b32130e.jpg
https://www.incabella.co.uk/product/hanging-tea-light/,Hanging Tea Light,,incabella-images\_site\sana-storm-lantern.jpg
https://www.incabella.co.uk/product/hanging-tea-light/,Hanging Tea Light,,incabella-images\_site\sana-storm-lantern.jpg
https://www.incabella.co.uk/product/hanging-tea-light/,Hanging Tea Light,,incabella-images\_site\A-FS-S-FS-A-SANA-STORM-LANTERN-SQ-7.jpeg
https://www.incabella.co.uk/product/hanging-tea-light/,Hanging Tea Light,,incabella-images\_site\A-FS-S-FS-A-SANA-STORM-LANTERN-SQ-7.jpeg
https://www.incabella.co.uk/product/hanging-tea-light/,Hanging Tea Light,,incabella-images\_site\hanging-heart-tea-light-holder.jpeg
https://www.incabella.co.uk/product/hanging-tea-light/,Hanging Tea Light,,incabella-images\_site\hanging-heart-tea-light-holder.jpeg
https://www.incabella.co.uk/product/hanging-tea-light/,Hanging Tea Light,,incabella-images\_site\hanging-heart-tea-light-holder.jpeg
https://www.incabella.co.uk/product/hanging-tea-light/,Hanging Tea Light,,incabella-images\_site\hanging-heart-tea-light-holder.jpeg
https://www.incabella.co.uk/product/hanging-tea-light/,Hanging Tea Light,,incabella-images\_site\Sparkling-Silver-T-Light-20000102-A_20765.jpeg
https://www.incabella.co.uk/product/hanging-tea-light/,Hanging Tea Light,,incabella-images\_site\Sparkling-Silver-T-Light-20000102-A_20765.jpeg
https://www.incabella.co.uk/product/hanging-tea-light/,Hanging Tea Light,,incabella-images\_site\Sparkling-Silver-T-Light-Holder-IMG_4275.jpeg
https://www.incabella.co.uk/product/hanging-tea-light/,Hanging Tea Light,,incabella-images\_site\Sparkling-Silver-T-Light-Holder-IMG_4275.jpeg
https://www.incabella.co.uk/product/hanging-tea-light/,Hanging Tea Light,,incabella-images\_site\Sparkling-Silver-T-Light-20000102-A_20765.jpeg
https://www.incabella.co.uk/product/hanging-tea-light/,Hanging Tea Light,,incabella-images\_site\Sparkling-Silver-T-Light-20000102-A_20765.jpeg
https://www.incabella.co.uk/product/hanging-tea-light/,Hanging Tea Light,,incabella-images\_site\Sparkling-Silver-T-Light-Holder-IMG_4275.jpeg
https://www.incabella.co.uk/product/hanging-tea-light/,Hanging Tea Light,,incabella-images\_site\Sparkling-Silver-T-Light-Holder-IMG_4275.jpeg
https://www.incabella.co.uk/product/hanging-tea-light/,Hanging Tea Light,,incabella-images\_site\5d6ad4c0-13bc-479b-8b50-cfe64523502e.jpeg
https://www.incabella.co.uk/product/hanging-tea-light/,Hanging Tea Light,,incabella-images\_site\5d6ad4c0-13bc-479b-8b50-cfe64523502e.jpeg
https://www.incabella.co.uk/product/hanging-tea-light/,Hanging Tea Light,,incabella-images\_site\fullsizeoutput_5ff9.jpeg
https://www.incabella.co.uk/product/hanging-tea-light/,Hanging Tea Light,,incabella-images\_site\fullsizeoutput_5ff9.jpeg
https://www.incabella.co.uk/product/hanging-tea-light/,Hanging Tea Light,,incabella-images\_site\IMG_7149.jpeg
https://www.incabella.co.uk/product/hanging-tea-light/,Hanging Tea Light,,incabella-images\_site\IMG_7149.jpeg
https://www.incabella.co.uk/product/hanging-tea-light/,Hanging Tea Light,,incabella-images\_site\E57C0BFC-9306-42C5-8AE4-7F77EFE434AA.jpeg
https://www.incabella.co.uk/product/hanging-tea-light/,Hanging Tea Light,,incabella-images\_site\E57C0BFC-9306-42C5-8AE4-7F77EFE434AA.jpeg
https://www.incabella.co.uk/product/hanging-tea-light/,Hanging Tea Light,,incabella-images\_site\IMG_3120.jpg
https://www.incabella.co.uk/product/hanging-tea-light/,Hanging Tea Light,,incabella-images\_site\IMG_3120-510x652@2x.jpg
https://www.incabella.co.uk/product/hanging-tea-light/,Hanging Tea Light,,incabella-images\_site\IMG_3119.jpg
https://www.incabella.co.uk/product/hanging-tea-light/,Hanging Tea Light,,incabella-images\_site\IMG_3119-510x652@2x.jpg
https://www.incabella.co.uk/product/hanging-tea-light/,Hanging Tea Light,,incabella-images\_site\IMG_0545.jpeg
https://www.incabella.co.uk/product/hanging-tea-light/,Hanging Tea Light,,incabella-images\_site\IMG_0545.jpeg
https://www.incabella.co.uk/product/hanging-tea-light/,Hanging Tea Light,,incabella-images\_site\8327bd708a67d45dc7f6637f3e61ffa5.jpg
https://www.incabella.co.uk/product/hanging-tea-light/,Hanging Tea Light,,incabella-images\_site\8327bd708a67d45dc7f6637f3e61ffa5.jpg
https://www.incabella.co.uk/product/hanging-tea-light/,Hanging Tea Light,,incabella-images\_site\IMG_4163.jpg
https://www.incabella.co.uk/product/hanging-tea-light/,Hanging Tea Light,,incabella-images\_site\IMG_4163.jpg
https://www.incabella.co.uk/product/hanging-tea-light/,Hanging Tea Light,,incabella-images\_site\IMG_4162-e1517836473472.jpg
https://www.incabella.co.uk/product/hanging-tea-light/,Hanging Tea Light,,incabella-images\_site\IMG_4162-e1517836473472.jpg
https://www.incabella.co.uk/product/hanging-tea-light/,Hanging Tea Light,,incabella-images\_site\29329CBA-9791-4C5A-9FA8-1596D8E787E6.jpeg
https://www.incabella.co.uk/product/hanging-tea-light/,Hanging Tea Light,,incabella-images\_site\29329CBA-9791-4C5A-9FA8-1596D8E787E6.jpeg
https://www.incabella.co.uk/product/hanging-tea-light/,Hanging Tea Light,,incabella-images\_site\A7EF519C-3D41-4840-81D8-93E282E1606F.jpeg
https://www.incabella.co.uk/product/hanging-tea-light/,Hanging Tea Light,,incabella-images\_site\A7EF519C-3D41-4840-81D8-93E282E1606F.jpeg
https://www.incabella.co.uk/product/hanging-tea-light/,Hanging Tea Light,,incabella-images\_site\IMG_1684.jpeg
https://www.incabella.co.uk/product/hanging-tea-light/,Hanging Tea Light,,incabella-images\_site\IMG_1684.jpeg
https://www.incabella.co.uk/product/hanging-tea-light/,Hanging Tea Light,,incabella-images\_site\621943C4-766A-4041-A514-A62C4C49CE51-1.jpeg
https://www.incabella.co.uk/product/hanging-tea-light/,Hanging Tea Light,,incabella-images\_site\621943C4-766A-4041-A514-A62C4C49CE51-1.jpeg
https://www.incabella.co.uk/product/hanging-tea-light/,Hanging Tea Light,,incabella-images\_site\IMG_2205.jpg
https://www.incabella.co.uk/product/hanging-tea-light/,Hanging Tea Light,,incabella-images\_site\IMG_2205-510x652@2x.jpg
https://www.incabella.co.uk/product/hanging-tea-light/,Hanging Tea Light,,incabella-images\_site\IMG_2203.jpg
https://www.incabella.co.uk/product/hanging-tea-light/,Hanging Tea Light,,incabella-images\_site\IMG_2203-510x652@2x.jpg
https://www.incabella.co.uk/product/hanging-tea-light/,Hanging Tea Light,,incabella-images\_site\IMG_7450.jpeg
https://www.incabella.co.uk/product/hanging-tea-light/,Hanging Tea Light,,incabella-images\_site\IMG_7450.jpeg
https://www.incabella.co.uk/product/hanging-tea-light/,Hanging Tea Light,,incabella-images\_site\IMG_1085.jpg
https://www.incabella.co.uk/product/hanging-tea-light/,Hanging Tea Light,,incabella-images\_site\IMG_1085-510x652@2x.jpg
https://www.incabella.co.uk/product/hanging-tea-light/,Hanging Tea Light,,incabella-images\_site\IMG_3468.jpg
https://www.incabella.co.uk/product/hanging-tea-light/,Hanging Tea Light,,incabella-images\_site\IMG_3468-510x652@2x.jpg
https://www.incabella.co.uk/product/hanging-tea-light/,Hanging Tea Light,,incabella-images\_site\IMG_3464.jpg
https://www.incabella.co.uk/product/hanging-tea-light/,Hanging Tea Light,,incabella-images\_site\IMG_3464-510x652@2x.jpg
https://www.incabella.co.uk/product/hanging-tea-light/,Hanging Tea Light,,incabella-images\_site\IMG_1673.jpg
https://www.incabella.co.uk/product/hanging-tea-light/,Hanging Tea Light,,incabella-images\_site\IMG_1673-510x652@2x.jpg
https://www.incabella.co.uk/product/hanging-tea-light/,Hanging Tea Light,,incabella-images\_site\4600494.jpg
https://www.incabella.co.uk/product/hanging-tea-light/,Hanging Tea Light,,incabella-images\_site\4600494-114x145@2x.jpg
https://www.incabella.co.uk/product/hanging-tea-light/,Hanging Tea Light,,incabella-images\_site\IMG_7145.jpeg
https://www.incabella.co.uk/product/hanging-tea-light/,Hanging Tea Light,,incabella-images\_site\IMG_7145.jpeg
https://www.incabella.co.uk/product/hanging-tea-light/,Hanging Tea Light,,incabella-images\_site\IMG_7533.jpeg
https://www.incabella.co.uk/product/hanging-tea-light/,Hanging Tea Light,,incabella-images\_site\IMG_7533.jpeg
https://www.incabella.co.uk/product/hanging-tea-light/,Hanging Tea Light,,incabella-images\_site\IncaBella_logo_02.png
https://www.incabella.co.uk/product/wooden-display-step-ladder/,Wooden display step ladder,,incabella-images\_site\IncaBella_logo_02.png
https://www.incabella.co.uk/product/wooden-display-step-ladder/,Wooden display step ladder,,incabella-images\_site\IMG_1158.jpg
https://www.incabella.co.uk/product/wooden-display-step-ladder/,Wooden display step ladder,,incabella-images\_site\IMG_1158.jpg
https://www.incabella.co.uk/product/wooden-display-step-ladder/,Wooden display step ladder,,incabella-images\_site\IMG_1158.jpg
https://www.incabella.co.uk/product/wooden-display-step-ladder/,Wooden display step ladder,,incabella-images\_site\IMG_3519.jpg
https://www.incabella.co.uk/product/wooden-display-step-ladder/,Wooden display step ladder,,incabella-images\_site\IMG_3519.jpg
https://www.incabella.co.uk/product/wooden-display-step-ladder/,Wooden display step ladder,,incabella-images\_site\IMG_3519-510x652@2x.jpg
https://www.incabella.co.uk/product/wooden-display-step-ladder/,Wooden display step ladder,,incabella-images\product_wooden-display-step-ladder\IMG_3522.jpg
https://www.incabella.co.uk/product/wooden-display-step-ladder/,Wooden display step ladder,,incabella-images\product_wooden-display-step-ladder\IMG_3522.jpg
https://www.incabella.co.uk/product/wooden-display-step-ladder/,Wooden display step ladder,,incabella-images\product_wooden-display-step-ladder\IMG_3522-510x652@2x.jpg
https://www.incabella.co.uk/product/wooden-display-step-ladder/,Wooden display step ladder,,incabella-images\product_wooden-display-step-ladder\IMG_3527.jpg
https://www.incabella.co.uk/product/wooden-display-step-ladder/,Wooden display step ladder,,incabella-images\product_wooden-display-step-ladder\IMG_3527.jpg
https://www.incabella.co.uk/product/wooden-display-step-ladder/,Wooden display step ladder,,incabella-images\product_wooden-display-step-ladder\IMG_3527-510x652@2x.jpg
https://www.incabella.co.uk/product/wooden-display-step-ladder/,Wooden display step ladder,,incabella-images\product_wooden-display-step-ladder\IMG_3532.jpg
https://www.incabella.co.uk/product/wooden-display-step-ladder/,Wooden display step ladder,,incabella-images\product_wooden-display-step-ladder\IMG_3532.jpg
https://www.incabella.co.uk/product/wooden-display-step-ladder/,Wooden display step ladder,,incabella-images\product_wooden-display-step-ladder\IMG_3532-510x652@2x.jpg
https://www.incabella.co.uk/product/wooden-display-step-ladder/,Wooden display step ladder,,incabella-images\_site\IMG_1158.jpg
https://www.incabella.co.uk/product/wooden-display-step-ladder/,Wooden display step ladder,,incabella-images\_site\IMG_1158-190x243@2x.jpg
https://www.incabella.co.uk/product/wooden-display-step-ladder/,Wooden display step ladder,,incabella-images\_site\IMG_3519.jpg
https://www.incabella.co.uk/product/wooden-display-step-ladder/,Wooden display step ladder,,incabella-images\_site\IMG_3519-510x652@2x.jpg
https://www.incabella.co.uk/product/wooden-display-step-ladder/,Wooden display step ladder,,incabella-images\product_wooden-display-step-ladder\IMG_3522.jpg
https://www.incabella.co.uk/product/wooden-display-step-ladder/,Wooden display step ladder,,incabella-images\product_wooden-display-step-ladder\IMG_3522-510x652@2x.jpg
https://www.incabella.co.uk/product/wooden-display-step-ladder/,Wooden display step ladder,,incabella-images\product_wooden-display-step-ladder\IMG_3527.jpg
https://www.incabella.co.uk/product/wooden-display-step-ladder/,Wooden display step ladder,,incabella-images\product_wooden-display-step-ladder\IMG_3527-510x652@2x.jpg
https://www.incabella.co.uk/product/wooden-display-step-ladder/,Wooden display step ladder,,incabella-images\product_wooden-display-step-ladder\IMG_3532.jpg
https://www.incabella.co.uk/product/wooden-display-step-ladder/,Wooden display step ladder,,incabella-images\product_wooden-display-step-ladder\IMG_3532-510x652@2x.jpg
https://www.incabella.co.uk/product/wooden-display-step-ladder/,Wooden display step ladder,,incabella-images\_site\IMG_E1342.jpg
https://www.incabella.co.uk/product/wooden-display-step-ladder/,Wooden display step ladder,,incabella-images\_site\IMG_E1342.jpg
https://www.incabella.co.uk/product/wooden-display-step-ladder/,Wooden display step ladder,,incabella-images\_site\clear-glass-hurricane-lantern.jpeg
https://www.incabella.co.uk/product/wooden-display-step-ladder/,Wooden display step ladder,,incabella-images\_site\clear-glass-hurricane-lantern.jpeg
https://www.incabella.co.uk/product/wooden-display-step-ladder/,Wooden display step ladder,,incabella-images\_site\IMG_1709.jpg
https://www.incabella.co.uk/product/wooden-display-step-ladder/,Wooden display step ladder,,incabella-images\_site\IMG_1709-510x652@2x.jpg
https://www.incabella.co.uk/product/wooden-display-step-ladder/,Wooden display step ladder,,incabella-images\_site\tlt-hld-wbells-h80mm-clr-gls.jpeg
https://www.incabella.co.uk/product/wooden-display-step-ladder/,Wooden display step ladder,,incabella-images\_site\tlt-hld-wbells-h80mm-clr-gls.jpeg
https://www.incabella.co.uk/product/wooden-display-step-ladder/,Wooden display step ladder,,incabella-images\_site\Sparkling-Silver-T-Light-20000102-A_20765.jpeg
https://www.incabella.co.uk/product/wooden-display-step-ladder/,Wooden display step ladder,,incabella-images\_site\Sparkling-Silver-T-Light-20000102-A_20765.jpeg
https://www.incabella.co.uk/product/wooden-display-step-ladder/,Wooden display step ladder,,incabella-images\_site\Sparkling-Silver-T-Light-Holder-IMG_4275.jpeg
https://www.incabella.co.uk/product/wooden-display-step-ladder/,Wooden display step ladder,,incabella-images\_site\Sparkling-Silver-T-Light-Holder-IMG_4275.jpeg
https://www.incabella.co.uk/product/wooden-display-step-ladder/,Wooden display step ladder,,incabella-images\_site\hanging-heart-tea-light-holder.jpeg
https://www.incabella.co.uk/product/wooden-display-step-ladder/,Wooden display step ladder,,incabella-images\_site\hanging-heart-tea-light-holder.jpeg
https://www.incabella.co.uk/product/wooden-display-step-ladder/,Wooden display step ladder,,incabella-images\_site\hanging-heart-tea-light-holder.jpeg
https://www.incabella.co.uk/product/wooden-display-step-ladder/,Wooden display step ladder,,incabella-images\_site\hanging-heart-tea-light-holder.jpeg
https://www.incabella.co.uk/product/wooden-display-step-ladder/,Wooden display step ladder,,incabella-images\_site\IMG_0946.jpeg
https://www.incabella.co.uk/product/wooden-display-step-ladder/,Wooden display step ladder,,incabella-images\_site\IMG_0946.jpeg
https://www.incabella.co.uk/product/wooden-display-step-ladder/,Wooden display step ladder,,incabella-images\_site\lantern-wrope-hndl-h250x180mm-gls-grey.jpeg
https://www.incabella.co.uk/product/wooden-display-step-ladder/,Wooden display step ladder,,incabella-images\_site\lantern-wrope-hndl-h250x180mm-gls-grey.jpeg
https://www.incabella.co.uk/product/wooden-display-step-ladder/,Wooden display step ladder,,incabella-images\_site\sana-storm-lantern.jpg
https://www.incabella.co.uk/product/wooden-display-step-ladder/,Wooden display step ladder,,incabella-images\_site\sana-storm-lantern.jpg
https://www.incabella.co.uk/product/wooden-display-step-ladder/,Wooden display step ladder,,incabella-images\_site\A-FS-S-FS-A-SANA-STORM-LANTERN-SQ-7.jpeg
https://www.incabella.co.uk/product/wooden-display-step-ladder/,Wooden display step ladder,,incabella-images\_site\A-FS-S-FS-A-SANA-STORM-LANTERN-SQ-7.jpeg
https://www.incabella.co.uk/product/wooden-display-step-ladder/,Wooden display step ladder,,incabella-images\_site\image10.jpeg
https://www.incabella.co.uk/product/wooden-display-step-ladder/,Wooden display step ladder,,incabella-images\_site\image10.jpeg
https://www.incabella.co.uk/product/wooden-display-step-ladder/,Wooden display step ladder,,incabella-images\_site\20473090a409721a3a4007908b32130e.jpg
https://www.incabella.co.uk/product/wooden-display-step-ladder/,Wooden display step ladder,,incabella-images\_site\20473090a409721a3a4007908b32130e.jpg
https://www.incabella.co.uk/product/wooden-display-step-ladder/,Wooden display step ladder,,incabella-images\_site\Sparkling-Silver-T-Light-20000102-A_20765.jpeg
https://www.incabella.co.uk/product/wooden-display-step-ladder/,Wooden display step ladder,,incabella-images\_site\Sparkling-Silver-T-Light-20000102-A_20765.jpeg
https://www.incabella.co.uk/product/wooden-display-step-ladder/,Wooden display step ladder,,incabella-images\_site\Sparkling-Silver-T-Light-Holder-IMG_4275.jpeg
https://www.incabella.co.uk/product/wooden-display-step-ladder/,Wooden display step ladder,,incabella-images\_site\Sparkling-Silver-T-Light-Holder-IMG_4275.jpeg
https://www.incabella.co.uk/product/wooden-display-step-ladder/,Wooden display step ladder,,incabella-images\_site\Image.jpg
https://www.incabella.co.uk/product/wooden-display-step-ladder/,Wooden display step ladder,,incabella-images\_site\Image.jpg
https://www.incabella.co.uk/product/wooden-display-step-ladder/,Wooden display step ladder,,incabella-images\_site\IMG_9301.jpg
https://www.incabella.co.uk/product/wooden-display-step-ladder/,Wooden display step ladder,,incabella-images\_site\IMG_9301-510x652@2x.jpg
https://www.incabella.co.uk/product/wooden-display-step-ladder/,Wooden display step ladder,,incabella-images\_site\2B86C02D-B992-47FD-8154-292F2FE7C354.jpeg
https://www.incabella.co.uk/product/wooden-display-step-ladder/,Wooden display step ladder,,incabella-images\_site\2B86C02D-B992-47FD-8154-292F2FE7C354.jpeg
https://www.incabella.co.uk/product/wooden-display-step-ladder/,Wooden display step ladder,,incabella-images\_site\2B86C02D-B992-47FD-8154-292F2FE7C354.jpeg
https://www.incabella.co.uk/product/wooden-display-step-ladder/,Wooden display step ladder,,incabella-images\_site\2B86C02D-B992-47FD-8154-292F2FE7C354.jpeg
https://www.incabella.co.uk/product/wooden-display-step-ladder/,Wooden display step ladder,,incabella-images\_site\IMG_1970.jpg
https://www.incabella.co.uk/product/wooden-display-step-ladder/,Wooden display step ladder,,incabella-images\_site\IMG_1970-510x652@2x.jpg
https://www.incabella.co.uk/product/wooden-display-step-ladder/,Wooden display step ladder,,incabella-images\_site\Image-3.jpg
https://www.incabella.co.uk/product/wooden-display-step-ladder/,Wooden display step ladder,,incabella-images\_site\Image-3-510x652@2x.jpg
https://www.incabella.co.uk/product/wooden-display-step-ladder/,Wooden display step ladder,,incabella-images\_site\IMG_7140.jpeg
https://www.incabella.co.uk/product/wooden-display-step-ladder/,Wooden display step ladder,,incabella-images\_site\IMG_7140.jpeg
https://www.incabella.co.uk/product/wooden-display-step-ladder/,Wooden display step ladder,,incabella-images\_site\0ECE9A96-8D21-45B5-99FA-412A2590D4A7.jpeg
https://www.incabella.co.uk/product/wooden-display-step-ladder/,Wooden display step ladder,,incabella-images\_site\0ECE9A96-8D21-45B5-99FA-412A2590D4A7.jpeg
https://www.incabella.co.uk/product/wooden-display-step-ladder/,Wooden display step ladder,,incabella-images\_site\IMG_7095.jpeg
https://www.incabella.co.uk/product/wooden-display-step-ladder/,Wooden display step ladder,,incabella-images\_site\IMG_7095.jpeg
https://www.incabella.co.uk/product/wooden-display-step-ladder/,Wooden display step ladder,,incabella-images\_site\6A9461D2-8C98-4412-BC65-4CDD37EF0A5D.jpeg
https://www.incabella.co.uk/product/wooden-display-step-ladder/,Wooden display step ladder,,incabella-images\_site\6A9461D2-8C98-4412-BC65-4CDD37EF0A5D.jpeg
https://www.incabella.co.uk/product/wooden-display-step-ladder/,Wooden display step ladder,,incabella-images\_site\fullsizeoutput_50c2.jpeg
https://www.incabella.co.uk/product/wooden-display-step-ladder/,Wooden display step ladder,,incabella-images\_site\fullsizeoutput_50c2.jpeg
https://www.incabella.co.uk/product/wooden-display-step-ladder/,Wooden display step ladder,,incabella-images\_site\IMG_6448-e1520889491374.jpg
https://www.incabella.co.uk/product/wooden-display-step-ladder/,Wooden display step ladder,,incabella-images\_site\IMG_6448-e1520889491374.jpg
https://www.incabella.co.uk/product/wooden-display-step-ladder/,Wooden display step ladder,,incabella-images\_site\IMG_3750.jpg
https://www.incabella.co.uk/product/wooden-display-step-ladder/,Wooden display step ladder,,incabella-images\_site\IMG_3750.jpg
https://www.incabella.co.uk/product/wooden-display-step-ladder/,Wooden display step ladder,,incabella-images\_site\IMG_3812.jpg
https://www.incabella.co.uk/product/wooden-display-step-ladder/,Wooden display step ladder,,incabella-images\_site\IMG_3812.jpg
https://www.incabella.co.uk/product/wooden-display-step-ladder/,Wooden display step ladder,,incabella-images\_site\IMG_7953.jpeg
https://www.incabella.co.uk/product/wooden-display-step-ladder/,Wooden display step ladder,,incabella-images\_site\IMG_7953.jpeg
https://www.incabella.co.uk/product/wooden-display-step-ladder/,Wooden display step ladder,,incabella-images\_site\873F2BAE-D7E1-4031-9F1F-6913BD571894.jpeg
https://www.incabella.co.uk/product/wooden-display-step-ladder/,Wooden display step ladder,,incabella-images\_site\873F2BAE-D7E1-4031-9F1F-6913BD571894.jpeg
https://www.incabella.co.uk/product/wooden-display-step-ladder/,Wooden display step ladder,,incabella-images\_site\IMG_1673.jpg
https://www.incabella.co.uk/product/wooden-display-step-ladder/,Wooden display step ladder,,incabella-images\_site\IMG_1673-510x652@2x.jpg
https://www.incabella.co.uk/product/wooden-display-step-ladder/,Wooden display step ladder,,incabella-images\_site\4600494.jpg
https://www.incabella.co.uk/product/wooden-display-step-ladder/,Wooden display step ladder,,incabella-images\_site\4600494-114x145@2x.jpg
https://www.incabella.co.uk/product/wooden-display-step-ladder/,Wooden display step ladder,,incabella-images\_site\25AB7D13-7599-412B-B88E-B43BB927A3F8.jpeg
https://www.incabella.co.uk/product/wooden-display-step-ladder/,Wooden display step ladder,,incabella-images\_site\25AB7D13-7599-412B-B88E-B43BB927A3F8.jpeg
https://www.incabella.co.uk/product/wooden-display-step-ladder/,Wooden display step ladder,,incabella-images\_site\IMG_4492.jpg
https://www.incabella.co.uk/product/wooden-display-step-ladder/,Wooden display step ladder,,incabella-images\_site\IMG_4492.jpg
https://www.incabella.co.uk/product/wooden-display-step-ladder/,Wooden display step ladder,,incabella-images\_site\IMG_7450.jpeg
https://www.incabella.co.uk/product/wooden-display-step-ladder/,Wooden display step ladder,,incabella-images\_site\IMG_7450.jpeg
https://www.incabella.co.uk/product/wooden-display-step-ladder/,Wooden display step ladder,,incabella-images\_site\IMG_1085.jpg
https://www.incabella.co.uk/product/wooden-display-step-ladder/,Wooden display step ladder,,incabella-images\_site\IMG_1085-510x652@2x.jpg
https://www.incabella.co.uk/product/wooden-display-step-ladder/,Wooden display step ladder,,incabella-images\_site\IMG_8203-e1549817586734.jpg
https://www.incabella.co.uk/product/wooden-display-step-ladder/,Wooden display step ladder,,incabella-images\_site\IMG_8203-e1549817586734.jpg
https://www.incabella.co.uk/product/wooden-display-step-ladder/,Wooden display step ladder,,incabella-images\_site\IMG_8203-e1549817586734.jpg
https://www.incabella.co.uk/product/wooden-display-step-ladder/,Wooden display step ladder,,incabella-images\_site\IMG_8203-e1549817586734.jpg
https://www.incabella.co.uk/product/wooden-display-step-ladder/,Wooden display step ladder,,incabella-images\_site\IncaBella_logo_02.png
https://www.incabella.co.uk/product/tall-glass-dinner-candle-holder/,Tall Glass Dinner Candle Holder,,incabella-images\_site\IncaBella_logo_02.png
https://www.incabella.co.uk/product/tall-glass-dinner-candle-holder/,Tall Glass Dinner Candle Holder,,incabella-images\_site\b05315a3-fc65-4b83-b1a7-61741248a692.jpeg
https://www.incabella.co.uk/product/tall-glass-dinner-candle-holder/,Tall Glass Dinner Candle Holder,,incabella-images\_site\b05315a3-fc65-4b83-b1a7-61741248a692.jpeg
https://www.incabella.co.uk/product/tall-glass-dinner-candle-holder/,Tall Glass Dinner Candle Holder,,incabella-images\_site\b05315a3-fc65-4b83-b1a7-61741248a692.jpeg
https://www.incabella.co.uk/product/tall-glass-dinner-candle-holder/,Tall Glass Dinner Candle Holder,,incabella-images\product_tall-glass-dinner-candle-holder\IMG_9709-scaled.jpeg
https://www.incabella.co.uk/product/tall-glass-dinner-candle-holder/,Tall Glass Dinner Candle Holder,,incabella-images\_site\IMG_9709.jpeg
https://www.incabella.co.uk/product/tall-glass-dinner-candle-holder/,Tall Glass Dinner Candle Holder,,incabella-images\_site\IMG_9709.jpeg
https://www.incabella.co.uk/product/tall-glass-dinner-candle-holder/,Tall Glass Dinner Candle Holder,,incabella-images\product_tall-glass-dinner-candle-holder\IMG_6076-scaled.jpeg
https://www.incabella.co.uk/product/tall-glass-dinner-candle-holder/,Tall Glass Dinner Candle Holder,,incabella-images\product_tall-glass-dinner-candle-holder\IMG_6076.jpeg
https://www.incabella.co.uk/product/tall-glass-dinner-candle-holder/,Tall Glass Dinner Candle Holder,,incabella-images\product_tall-glass-dinner-candle-holder\IMG_6076.jpeg
https://www.incabella.co.uk/product/tall-glass-dinner-candle-holder/,Tall Glass Dinner Candle Holder,,incabella-images\_site\d1e581ab-a335-4b30-be13-e33d78466a50.jpeg
https://www.incabella.co.uk/product/tall-glass-dinner-candle-holder/,Tall Glass Dinner Candle Holder,,incabella-images\_site\d1e581ab-a335-4b30-be13-e33d78466a50.jpeg
https://www.incabella.co.uk/product/tall-glass-dinner-candle-holder/,Tall Glass Dinner Candle Holder,,incabella-images\_site\d1e581ab-a335-4b30-be13-e33d78466a50.jpeg
https://www.incabella.co.uk/product/tall-glass-dinner-candle-holder/,Tall Glass Dinner Candle Holder,,incabella-images\_site\b05315a3-fc65-4b83-b1a7-61741248a692.jpeg
https://www.incabella.co.uk/product/tall-glass-dinner-candle-holder/,Tall Glass Dinner Candle Holder,,incabella-images\_site\b05315a3-fc65-4b83-b1a7-61741248a692.jpeg
https://www.incabella.co.uk/product/tall-glass-dinner-candle-holder/,Tall Glass Dinner Candle Holder,,incabella-images\_site\IMG_9709.jpeg
https://www.incabella.co.uk/product/tall-glass-dinner-candle-holder/,Tall Glass Dinner Candle Holder,,incabella-images\_site\IMG_9709.jpeg
https://www.incabella.co.uk/product/tall-glass-dinner-candle-holder/,Tall Glass Dinner Candle Holder,,incabella-images\product_tall-glass-dinner-candle-holder\IMG_6076.jpeg
https://www.incabella.co.uk/product/tall-glass-dinner-candle-holder/,Tall Glass Dinner Candle Holder,,incabella-images\product_tall-glass-dinner-candle-holder\IMG_6076.jpeg
https://www.incabella.co.uk/product/tall-glass-dinner-candle-holder/,Tall Glass Dinner Candle Holder,,incabella-images\_site\d1e581ab-a335-4b30-be13-e33d78466a50.jpeg
https://www.incabella.co.uk/product/tall-glass-dinner-candle-holder/,Tall Glass Dinner Candle Holder,,incabella-images\_site\d1e581ab-a335-4b30-be13-e33d78466a50.jpeg
https://www.incabella.co.uk/product/tall-glass-dinner-candle-holder/,Tall Glass Dinner Candle Holder,,incabella-images\_site\hanging-heart-tea-light-holder.jpeg
https://www.incabella.co.uk/product/tall-glass-dinner-candle-holder/,Tall Glass Dinner Candle Holder,,incabella-images\_site\hanging-heart-tea-light-holder.jpeg
https://www.incabella.co.uk/product/tall-glass-dinner-candle-holder/,Tall Glass Dinner Candle Holder,,incabella-images\_site\hanging-heart-tea-light-holder.jpeg
https://www.incabella.co.uk/product/tall-glass-dinner-candle-holder/,Tall Glass Dinner Candle Holder,,incabella-images\_site\hanging-heart-tea-light-holder.jpeg
https://www.incabella.co.uk/product/tall-glass-dinner-candle-holder/,Tall Glass Dinner Candle Holder,,incabella-images\_site\Sparkling-Silver-T-Light-20000102-A_20765.jpeg
https://www.incabella.co.uk/product/tall-glass-dinner-candle-holder/,Tall Glass Dinner Candle Holder,,incabella-images\_site\Sparkling-Silver-T-Light-20000102-A_20765.jpeg
https://www.incabella.co.uk/product/tall-glass-dinner-candle-holder/,Tall Glass Dinner Candle Holder,,incabella-images\_site\Sparkling-Silver-T-Light-Holder-IMG_4275.jpeg
https://www.incabella.co.uk/product/tall-glass-dinner-candle-holder/,Tall Glass Dinner Candle Holder,,incabella-images\_site\Sparkling-Silver-T-Light-Holder-IMG_4275.jpeg
https://www.incabella.co.uk/product/tall-glass-dinner-candle-holder/,Tall Glass Dinner Candle Holder,,incabella-images\_site\IMG_1709.jpg
https://www.incabella.co.uk/product/tall-glass-dinner-candle-holder/,Tall Glass Dinner Candle Holder,,incabella-images\_site\IMG_1709-510x652@2x.jpg
https://www.incabella.co.uk/product/tall-glass-dinner-candle-holder/,Tall Glass Dinner Candle Holder,,incabella-images\_site\tlt-hld-wbells-h80mm-clr-gls.jpeg
https://www.incabella.co.uk/product/tall-glass-dinner-candle-holder/,Tall Glass Dinner Candle Holder,,incabella-images\_site\tlt-hld-wbells-h80mm-clr-gls.jpeg
https://www.incabella.co.uk/product/tall-glass-dinner-candle-holder/,Tall Glass Dinner Candle Holder,,incabella-images\_site\sana-storm-lantern.jpg
https://www.incabella.co.uk/product/tall-glass-dinner-candle-holder/,Tall Glass Dinner Candle Holder,,incabella-images\_site\sana-storm-lantern.jpg
https://www.incabella.co.uk/product/tall-glass-dinner-candle-holder/,Tall Glass Dinner Candle Holder,,incabella-images\_site\A-FS-S-FS-A-SANA-STORM-LANTERN-SQ-7.jpeg
https://www.incabella.co.uk/product/tall-glass-dinner-candle-holder/,Tall Glass Dinner Candle Holder,,incabella-images\_site\A-FS-S-FS-A-SANA-STORM-LANTERN-SQ-7.jpeg
https://www.incabella.co.uk/product/tall-glass-dinner-candle-holder/,Tall Glass Dinner Candle Holder,,incabella-images\_site\Sparkling-Silver-T-Light-20000102-A_20765.jpeg
https://www.incabella.co.uk/product/tall-glass-dinner-candle-holder/,Tall Glass Dinner Candle Holder,,incabella-images\_site\Sparkling-Silver-T-Light-20000102-A_20765.jpeg
https://www.incabella.co.uk/product/tall-glass-dinner-candle-holder/,Tall Glass Dinner Candle Holder,,incabella-images\_site\Sparkling-Silver-T-Light-Holder-IMG_4275.jpeg
https://www.incabella.co.uk/product/tall-glass-dinner-candle-holder/,Tall Glass Dinner Candle Holder,,incabella-images\_site\Sparkling-Silver-T-Light-Holder-IMG_4275.jpeg
https://www.incabella.co.uk/product/tall-glass-dinner-candle-holder/,Tall Glass Dinner Candle Holder,,incabella-images\_site\IMG_0946.jpeg
https://www.incabella.co.uk/product/tall-glass-dinner-candle-holder/,Tall Glass Dinner Candle Holder,,incabella-images\_site\IMG_0946.jpeg
https://www.incabella.co.uk/product/tall-glass-dinner-candle-holder/,Tall Glass Dinner Candle Holder,,incabella-images\_site\lantern-wrope-hndl-h250x180mm-gls-grey.jpeg
https://www.incabella.co.uk/product/tall-glass-dinner-candle-holder/,Tall Glass Dinner Candle Holder,,incabella-images\_site\lantern-wrope-hndl-h250x180mm-gls-grey.jpeg
https://www.incabella.co.uk/product/tall-glass-dinner-candle-holder/,Tall Glass Dinner Candle Holder,,incabella-images\_site\IMG_E1342.jpg
https://www.incabella.co.uk/product/tall-glass-dinner-candle-holder/,Tall Glass Dinner Candle Holder,,incabella-images\_site\IMG_E1342.jpg
https://www.incabella.co.uk/product/tall-glass-dinner-candle-holder/,Tall Glass Dinner Candle Holder,,incabella-images\_site\clear-glass-hurricane-lantern.jpeg
https://www.incabella.co.uk/product/tall-glass-dinner-candle-holder/,Tall Glass Dinner Candle Holder,,incabella-images\_site\clear-glass-hurricane-lantern.jpeg
https://www.incabella.co.uk/product/tall-glass-dinner-candle-holder/,Tall Glass Dinner Candle Holder,,incabella-images\_site\fullsizeoutput_50c2.jpeg
https://www.incabella.co.uk/product/tall-glass-dinner-candle-holder/,Tall Glass Dinner Candle Holder,,incabella-images\_site\fullsizeoutput_50c2.jpeg
https://www.incabella.co.uk/product/tall-glass-dinner-candle-holder/,Tall Glass Dinner Candle Holder,,incabella-images\_site\IMG_6448-e1520889491374.jpg
https://www.incabella.co.uk/product/tall-glass-dinner-candle-holder/,Tall Glass Dinner Candle Holder,,incabella-images\_site\IMG_6448-e1520889491374.jpg
https://www.incabella.co.uk/product/tall-glass-dinner-candle-holder/,Tall Glass Dinner Candle Holder,,incabella-images\_site\2B86C02D-B992-47FD-8154-292F2FE7C354.jpeg
https://www.incabella.co.uk/product/tall-glass-dinner-candle-holder/,Tall Glass Dinner Candle Holder,,incabella-images\_site\2B86C02D-B992-47FD-8154-292F2FE7C354.jpeg
https://www.incabella.co.uk/product/tall-glass-dinner-candle-holder/,Tall Glass Dinner Candle Holder,,incabella-images\_site\2B86C02D-B992-47FD-8154-292F2FE7C354.jpeg
https://www.incabella.co.uk/product/tall-glass-dinner-candle-holder/,Tall Glass Dinner Candle Holder,,incabella-images\_site\2B86C02D-B992-47FD-8154-292F2FE7C354.jpeg
https://www.incabella.co.uk/product/tall-glass-dinner-candle-holder/,Tall Glass Dinner Candle Holder,,incabella-images\_site\IMG_1684.jpeg
https://www.incabella.co.uk/product/tall-glass-dinner-candle-holder/,Tall Glass Dinner Candle Holder,,incabella-images\_site\IMG_1684.jpeg
https://www.incabella.co.uk/product/tall-glass-dinner-candle-holder/,Tall Glass Dinner Candle Holder,,incabella-images\_site\621943C4-766A-4041-A514-A62C4C49CE51-1.jpeg
https://www.incabella.co.uk/product/tall-glass-dinner-candle-holder/,Tall Glass Dinner Candle Holder,,incabella-images\_site\621943C4-766A-4041-A514-A62C4C49CE51-1.jpeg
https://www.incabella.co.uk/product/tall-glass-dinner-candle-holder/,Tall Glass Dinner Candle Holder,,incabella-images\_site\IMG_7453.jpeg
https://www.incabella.co.uk/product/tall-glass-dinner-candle-holder/,Tall Glass Dinner Candle Holder,,incabella-images\_site\IMG_7453.jpeg
https://www.incabella.co.uk/product/tall-glass-dinner-candle-holder/,Tall Glass Dinner Candle Holder,,incabella-images\_site\image7.jpeg
https://www.incabella.co.uk/product/tall-glass-dinner-candle-holder/,Tall Glass Dinner Candle Holder,,incabella-images\_site\image7.jpeg
https://www.incabella.co.uk/product/tall-glass-dinner-candle-holder/,Tall Glass Dinner Candle Holder,,incabella-images\_site\IMG_7140.jpeg
https://www.incabella.co.uk/product/tall-glass-dinner-candle-holder/,Tall Glass Dinner Candle Holder,,incabella-images\_site\IMG_7140.jpeg
https://www.incabella.co.uk/product/tall-glass-dinner-candle-holder/,Tall Glass Dinner Candle Holder,,incabella-images\_site\0ECE9A96-8D21-45B5-99FA-412A2590D4A7.jpeg
https://www.incabella.co.uk/product/tall-glass-dinner-candle-holder/,Tall Glass Dinner Candle Holder,,incabella-images\_site\0ECE9A96-8D21-45B5-99FA-412A2590D4A7.jpeg
https://www.incabella.co.uk/product/tall-glass-dinner-candle-holder/,Tall Glass Dinner Candle Holder,,incabella-images\_site\IMG_2205.jpg
https://www.incabella.co.uk/product/tall-glass-dinner-candle-holder/,Tall Glass Dinner Candle Holder,,incabella-images\_site\IMG_2205-510x652@2x.jpg
https://www.incabella.co.uk/product/tall-glass-dinner-candle-holder/,Tall Glass Dinner Candle Holder,,incabella-images\_site\IMG_2203.jpg
https://www.incabella.co.uk/product/tall-glass-dinner-candle-holder/,Tall Glass Dinner Candle Holder,,incabella-images\_site\IMG_2203-510x652@2x.jpg
https://www.incabella.co.uk/product/tall-glass-dinner-candle-holder/,Tall Glass Dinner Candle Holder,,incabella-images\_site\IMG_7149.jpeg
https://www.incabella.co.uk/product/tall-glass-dinner-candle-holder/,Tall Glass Dinner Candle Holder,,incabella-images\_site\IMG_7149.jpeg
https://www.incabella.co.uk/product/tall-glass-dinner-candle-holder/,Tall Glass Dinner Candle Holder,,incabella-images\_site\E57C0BFC-9306-42C5-8AE4-7F77EFE434AA.jpeg
https://www.incabella.co.uk/product/tall-glass-dinner-candle-holder/,Tall Glass Dinner Candle Holder,,incabella-images\_site\E57C0BFC-9306-42C5-8AE4-7F77EFE434AA.jpeg
https://www.incabella.co.uk/product/tall-glass-dinner-candle-holder/,Tall Glass Dinner Candle Holder,,incabella-images\_site\880A161C-0A42-4AD4-99AC-5E53B5188CE4.jpeg
https://www.incabella.co.uk/product/tall-glass-dinner-candle-holder/,Tall Glass Dinner Candle Holder,,incabella-images\_site\880A161C-0A42-4AD4-99AC-5E53B5188CE4.jpeg
https://www.incabella.co.uk/product/tall-glass-dinner-candle-holder/,Tall Glass Dinner Candle Holder,,incabella-images\_site\6A35E8F8-C756-4D74-A18D-9532A67C0D46.jpeg
https://www.incabella.co.uk/product/tall-glass-dinner-candle-holder/,Tall Glass Dinner Candle Holder,,incabella-images\_site\6A35E8F8-C756-4D74-A18D-9532A67C0D46.jpeg
https://www.incabella.co.uk/product/tall-glass-dinner-candle-holder/,Tall Glass Dinner Candle Holder,,incabella-images\_site\IMG_7953.jpeg
https://www.incabella.co.uk/product/tall-glass-dinner-candle-holder/,Tall Glass Dinner Candle Holder,,incabella-images\_site\IMG_7953.jpeg
https://www.incabella.co.uk/product/tall-glass-dinner-candle-holder/,Tall Glass Dinner Candle Holder,,incabella-images\_site\873F2BAE-D7E1-4031-9F1F-6913BD571894.jpeg
https://www.incabella.co.uk/product/tall-glass-dinner-candle-holder/,Tall Glass Dinner Candle Holder,,incabella-images\_site\873F2BAE-D7E1-4031-9F1F-6913BD571894.jpeg
https://www.incabella.co.uk/product/tall-glass-dinner-candle-holder/,Tall Glass Dinner Candle Holder,,incabella-images\_site\5d6ad4c0-13bc-479b-8b50-cfe64523502e.jpeg
https://www.incabella.co.uk/product/tall-glass-dinner-candle-holder/,Tall Glass Dinner Candle Holder,,incabella-images\_site\5d6ad4c0-13bc-479b-8b50-cfe64523502e.jpeg
https://www.incabella.co.uk/product/tall-glass-dinner-candle-holder/,Tall Glass Dinner Candle Holder,,incabella-images\_site\fullsizeoutput_5ff9.jpeg
https://www.incabella.co.uk/product/tall-glass-dinner-candle-holder/,Tall Glass Dinner Candle Holder,,incabella-images\_site\fullsizeoutput_5ff9.jpeg
https://www.incabella.co.uk/product/tall-glass-dinner-candle-holder/,Tall Glass Dinner Candle Holder,,incabella-images\_site\29329CBA-9791-4C5A-9FA8-1596D8E787E6.jpeg
https://www.incabella.co.uk/product/tall-glass-dinner-candle-holder/,Tall Glass Dinner Candle Holder,,incabella-images\_site\29329CBA-9791-4C5A-9FA8-1596D8E787E6.jpeg
https://www.incabella.co.uk/product/tall-glass-dinner-candle-holder/,Tall Glass Dinner Candle Holder,,incabella-images\_site\A7EF519C-3D41-4840-81D8-93E282E1606F.jpeg
https://www.incabella.co.uk/product/tall-glass-dinner-candle-holder/,Tall Glass Dinner Candle Holder,,incabella-images\_site\A7EF519C-3D41-4840-81D8-93E282E1606F.jpeg
https://www.incabella.co.uk/product/tall-glass-dinner-candle-holder/,Tall Glass Dinner Candle Holder,,incabella-images\_site\IMG_4803.jpg
https://www.incabella.co.uk/product/tall-glass-dinner-candle-holder/,Tall Glass Dinner Candle Holder,,incabella-images\_site\IMG_4803-510x652@2x.jpg
https://www.incabella.co.uk/product/tall-glass-dinner-candle-holder/,Tall Glass Dinner Candle Holder,,incabella-images\_site\IMG_4803.jpg
https://www.incabella.co.uk/product/tall-glass-dinner-candle-holder/,Tall Glass Dinner Candle Holder,,incabella-images\_site\IMG_4803-510x652@2x.jpg
https://www.incabella.co.uk/product/tall-glass-dinner-candle-holder/,Tall Glass Dinner Candle Holder,,incabella-images\_site\IncaBella_logo_02.png
https://www.incabella.co.uk/product/vintageapplecrates/,Vintage Apple Crates,,incabella-images\_site\IncaBella_logo_02.png
https://www.incabella.co.uk/product/vintageapplecrates/,Vintage Apple Crates,,incabella-images\_site\fullsizeoutput_50c2.jpeg
https://www.incabella.co.uk/product/vintageapplecrates/,Vintage Apple Crates,,incabella-images\_site\fullsizeoutput_50c2.jpeg
https://www.incabella.co.uk/product/vintageapplecrates/,Vintage Apple Crates,,incabella-images\_site\fullsizeoutput_50c2.jpeg
https://www.incabella.co.uk/product/vintageapplecrates/,Vintage Apple Crates,,incabella-images\_site\IMG_6448-e1520889491374.jpg
https://www.incabella.co.uk/product/vintageapplecrates/,Vintage Apple Crates,,incabella-images\_site\IMG_6448-e1520889491374.jpg
https://www.incabella.co.uk/product/vintageapplecrates/,Vintage Apple Crates,,incabella-images\_site\IMG_6448-e1520889491374.jpg
https://www.incabella.co.uk/product/vintageapplecrates/,Vintage Apple Crates,,incabella-images\product_vintageapplecrates\IMG_6422-e1520870549285.jpg
https://www.incabella.co.uk/product/vintageapplecrates/,Vintage Apple Crates,,incabella-images\product_vintageapplecrates\IMG_6422-e1520870549285.jpg
https://www.incabella.co.uk/product/vintageapplecrates/,Vintage Apple Crates,,incabella-images\product_vintageapplecrates\IMG_6422-e1520870549285.jpg
https://www.incabella.co.uk/product/vintageapplecrates/,Vintage Apple Crates,,incabella-images\product_vintageapplecrates\IMG_6449-e1520870582712.jpg
https://www.incabella.co.uk/product/vintageapplecrates/,Vintage Apple Crates,,incabella-images\product_vintageapplecrates\IMG_6449-e1520870582712.jpg
https://www.incabella.co.uk/product/vintageapplecrates/,Vintage Apple Crates,,incabella-images\product_vintageapplecrates\IMG_6449-e1520870582712.jpg
https://www.incabella.co.uk/product/vintageapplecrates/,Vintage Apple Crates,,incabella-images\product_vintageapplecrates\IMG_6268-e1520889556912.jpg
https://www.incabella.co.uk/product/vintageapplecrates/,Vintage Apple Crates,,incabella-images\product_vintageapplecrates\IMG_6268-e1520889556912.jpg
https://www.incabella.co.uk/product/vintageapplecrates/,Vintage Apple Crates,,incabella-images\product_vintageapplecrates\IMG_6268-e1520889556912.jpg
https://www.incabella.co.uk/product/vintageapplecrates/,Vintage Apple Crates,,incabella-images\_site\fullsizeoutput_50c2.jpeg
https://www.incabella.co.uk/product/vintageapplecrates/,Vintage Apple Crates,,incabella-images\_site\fullsizeoutput_50c2.jpeg
https://www.incabella.co.uk/product/vintageapplecrates/,Vintage Apple Crates,,incabella-images\_site\IMG_6448-e1520889491374.jpg
https://www.incabella.co.uk/product/vintageapplecrates/,Vintage Apple Crates,,incabella-images\_site\IMG_6448-e1520889491374.jpg
https://www.incabella.co.uk/product/vintageapplecrates/,Vintage Apple Crates,,incabella-images\product_vintageapplecrates\IMG_6422-e1520870549285.jpg
https://www.incabella.co.uk/product/vintageapplecrates/,Vintage Apple Crates,,incabella-images\product_vintageapplecrates\IMG_6422-e1520870549285.jpg
https://www.incabella.co.uk/product/vintageapplecrates/,Vintage Apple Crates,,incabella-images\product_vintageapplecrates\IMG_6449-e1520870582712.jpg
https://www.incabella.co.uk/product/vintageapplecrates/,Vintage Apple Crates,,incabella-images\product_vintageapplecrates\IMG_6449-e1520870582712.jpg
https://www.incabella.co.uk/product/vintageapplecrates/,Vintage Apple Crates,,incabella-images\product_vintageapplecrates\IMG_6268-e1520889556912.jpg
https://www.incabella.co.uk/product/vintageapplecrates/,Vintage Apple Crates,,incabella-images\product_vintageapplecrates\IMG_6268-e1520889556912.jpg
https://www.incabella.co.uk/product/vintageapplecrates/,Vintage Apple Crates,,incabella-images\_site\sana-storm-lantern.jpg
https://www.incabella.co.uk/product/vintageapplecrates/,Vintage Apple Crates,,incabella-images\_site\sana-storm-lantern.jpg
https://www.incabella.co.uk/product/vintageapplecrates/,Vintage Apple Crates,,incabella-images\_site\A-FS-S-FS-A-SANA-STORM-LANTERN-SQ-7.jpeg
https://www.incabella.co.uk/product/vintageapplecrates/,Vintage Apple Crates,,incabella-images\_site\A-FS-S-FS-A-SANA-STORM-LANTERN-SQ-7.jpeg
https://www.incabella.co.uk/product/vintageapplecrates/,Vintage Apple Crates,,incabella-images\_site\IMG_E1342.jpg
https://www.incabella.co.uk/product/vintageapplecrates/,Vintage Apple Crates,,incabella-images\_site\IMG_E1342.jpg
https://www.incabella.co.uk/product/vintageapplecrates/,Vintage Apple Crates,,incabella-images\_site\clear-glass-hurricane-lantern.jpeg
https://www.incabella.co.uk/product/vintageapplecrates/,Vintage Apple Crates,,incabella-images\_site\clear-glass-hurricane-lantern.jpeg
https://www.incabella.co.uk/product/vintageapplecrates/,Vintage Apple Crates,,incabella-images\_site\IMG_0946.jpeg
https://www.incabella.co.uk/product/vintageapplecrates/,Vintage Apple Crates,,incabella-images\_site\IMG_0946.jpeg
https://www.incabella.co.uk/product/vintageapplecrates/,Vintage Apple Crates,,incabella-images\_site\lantern-wrope-hndl-h250x180mm-gls-grey.jpeg
https://www.incabella.co.uk/product/vintageapplecrates/,Vintage Apple Crates,,incabella-images\_site\lantern-wrope-hndl-h250x180mm-gls-grey.jpeg
https://www.incabella.co.uk/product/vintageapplecrates/,Vintage Apple Crates,,incabella-images\_site\hanging-heart-tea-light-holder.jpeg
https://www.incabella.co.uk/product/vintageapplecrates/,Vintage Apple Crates,,incabella-images\_site\hanging-heart-tea-light-holder.jpeg
https://www.incabella.co.uk/product/vintageapplecrates/,Vintage Apple Crates,,incabella-images\_site\hanging-heart-tea-light-holder.jpeg
https://www.incabella.co.uk/product/vintageapplecrates/,Vintage Apple Crates,,incabella-images\_site\hanging-heart-tea-light-holder.jpeg
https://www.incabella.co.uk/product/vintageapplecrates/,Vintage Apple Crates,,incabella-images\_site\Sparkling-Silver-T-Light-20000102-A_20765.jpeg
https://www.incabella.co.uk/product/vintageapplecrates/,Vintage Apple Crates,,incabella-images\_site\Sparkling-Silver-T-Light-20000102-A_20765.jpeg
https://www.incabella.co.uk/product/vintageapplecrates/,Vintage Apple Crates,,incabella-images\_site\Sparkling-Silver-T-Light-Holder-IMG_4275.jpeg
https://www.incabella.co.uk/product/vintageapplecrates/,Vintage Apple Crates,,incabella-images\_site\Sparkling-Silver-T-Light-Holder-IMG_4275.jpeg
https://www.incabella.co.uk/product/vintageapplecrates/,Vintage Apple Crates,,incabella-images\_site\image10.jpeg
https://www.incabella.co.uk/product/vintageapplecrates/,Vintage Apple Crates,,incabella-images\_site\image10.jpeg
https://www.incabella.co.uk/product/vintageapplecrates/,Vintage Apple Crates,,incabella-images\_site\20473090a409721a3a4007908b32130e.jpg
https://www.incabella.co.uk/product/vintageapplecrates/,Vintage Apple Crates,,incabella-images\_site\20473090a409721a3a4007908b32130e.jpg
https://www.incabella.co.uk/product/vintageapplecrates/,Vintage Apple Crates,,incabella-images\_site\Sparkling-Silver-T-Light-20000102-A_20765.jpeg
https://www.incabella.co.uk/product/vintageapplecrates/,Vintage Apple Crates,,incabella-images\_site\Sparkling-Silver-T-Light-20000102-A_20765.jpeg
https://www.incabella.co.uk/product/vintageapplecrates/,Vintage Apple Crates,,incabella-images\_site\Sparkling-Silver-T-Light-Holder-IMG_4275.jpeg
https://www.incabella.co.uk/product/vintageapplecrates/,Vintage Apple Crates,,incabella-images\_site\Sparkling-Silver-T-Light-Holder-IMG_4275.jpeg
https://www.incabella.co.uk/product/vintageapplecrates/,Vintage Apple Crates,,incabella-images\_site\IMG_1709.jpg
https://www.incabella.co.uk/product/vintageapplecrates/,Vintage Apple Crates,,incabella-images\_site\IMG_1709-510x652@2x.jpg
https://www.incabella.co.uk/product/vintageapplecrates/,Vintage Apple Crates,,incabella-images\_site\tlt-hld-wbells-h80mm-clr-gls.jpeg
https://www.incabella.co.uk/product/vintageapplecrates/,Vintage Apple Crates,,incabella-images\_site\tlt-hld-wbells-h80mm-clr-gls.jpeg
https://www.incabella.co.uk/product/vintageapplecrates/,Vintage Apple Crates,,incabella-images\_site\IMG_7953.jpeg
https://www.incabella.co.uk/product/vintageapplecrates/,Vintage Apple Crates,,incabella-images\_site\IMG_7953.jpeg
https://www.incabella.co.uk/product/vintageapplecrates/,Vintage Apple Crates,,incabella-images\_site\873F2BAE-D7E1-4031-9F1F-6913BD571894.jpeg
https://www.incabella.co.uk/product/vintageapplecrates/,Vintage Apple Crates,,incabella-images\_site\873F2BAE-D7E1-4031-9F1F-6913BD571894.jpeg
https://www.incabella.co.uk/product/vintageapplecrates/,Vintage Apple Crates,,incabella-images\_site\IMG_7149.jpeg
https://www.incabella.co.uk/product/vintageapplecrates/,Vintage Apple Crates,,incabella-images\_site\IMG_7149.jpeg
https://www.incabella.co.uk/product/vintageapplecrates/,Vintage Apple Crates,,incabella-images\_site\E57C0BFC-9306-42C5-8AE4-7F77EFE434AA.jpeg
https://www.incabella.co.uk/product/vintageapplecrates/,Vintage Apple Crates,,incabella-images\_site\E57C0BFC-9306-42C5-8AE4-7F77EFE434AA.jpeg
https://www.incabella.co.uk/product/vintageapplecrates/,Vintage Apple Crates,,incabella-images\_site\Amy-David-88.jpg
https://www.incabella.co.uk/product/vintageapplecrates/,Vintage Apple Crates,,incabella-images\_site\Amy-David-88.jpg
https://www.incabella.co.uk/product/vintageapplecrates/,Vintage Apple Crates,,incabella-images\_site\Jayne-Chris-wedding-for-Lucy-0004.jpg
https://www.incabella.co.uk/product/vintageapplecrates/,Vintage Apple Crates,,incabella-images\_site\Jayne-Chris-wedding-for-Lucy-0004.jpg
https://www.incabella.co.uk/product/vintageapplecrates/,Vintage Apple Crates,,incabella-images\_site\IMG_4217-e1615561069483.jpg
https://www.incabella.co.uk/product/vintageapplecrates/,Vintage Apple Crates,,incabella-images\_site\IMG_4217-e1615561069483.jpg
https://www.incabella.co.uk/product/vintageapplecrates/,Vintage Apple Crates,,incabella-images\_site\IMG_5159-e1615638036380.jpg
https://www.incabella.co.uk/product/vintageapplecrates/,Vintage Apple Crates,,incabella-images\_site\IMG_5159-e1615638036380.jpg
https://www.incabella.co.uk/product/vintageapplecrates/,Vintage Apple Crates,,incabella-images\_site\IMG_7450.jpeg
https://www.incabella.co.uk/product/vintageapplecrates/,Vintage Apple Crates,,incabella-images\_site\IMG_7450.jpeg
https://www.incabella.co.uk/product/vintageapplecrates/,Vintage Apple Crates,,incabella-images\_site\IMG_1085.jpg
https://www.incabella.co.uk/product/vintageapplecrates/,Vintage Apple Crates,,incabella-images\_site\IMG_1085-510x652@2x.jpg
https://www.incabella.co.uk/product/vintageapplecrates/,Vintage Apple Crates,,incabella-images\_site\IMG_1684.jpeg
https://www.incabella.co.uk/product/vintageapplecrates/,Vintage Apple Crates,,incabella-images\_site\IMG_1684.jpeg
https://www.incabella.co.uk/product/vintageapplecrates/,Vintage Apple Crates,,incabella-images\_site\621943C4-766A-4041-A514-A62C4C49CE51-1.jpeg
https://www.incabella.co.uk/product/vintageapplecrates/,Vintage Apple Crates,,incabella-images\_site\621943C4-766A-4041-A514-A62C4C49CE51-1.jpeg
https://www.incabella.co.uk/product/vintageapplecrates/,Vintage Apple Crates,,incabella-images\_site\IMG_0545.jpeg
https://www.incabella.co.uk/product/vintageapplecrates/,Vintage Apple Crates,,incabella-images\_site\IMG_0545.jpeg
https://www.incabella.co.uk/product/vintageapplecrates/,Vintage Apple Crates,,incabella-images\_site\8327bd708a67d45dc7f6637f3e61ffa5.jpg
https://www.incabella.co.uk/product/vintageapplecrates/,Vintage Apple Crates,,incabella-images\_site\8327bd708a67d45dc7f6637f3e61ffa5.jpg
https://www.incabella.co.uk/product/vintageapplecrates/,Vintage Apple Crates,,incabella-images\_site\IMG_3468.jpg
https://www.incabella.co.uk/product/vintageapplecrates/,Vintage Apple Crates,,incabella-images\_site\IMG_3468-510x652@2x.jpg
https://www.incabella.co.uk/product/vintageapplecrates/,Vintage Apple Crates,,incabella-images\_site\IMG_3464.jpg
https://www.incabella.co.uk/product/vintageapplecrates/,Vintage Apple Crates,,incabella-images\_site\IMG_3464-510x652@2x.jpg
https://www.incabella.co.uk/product/vintageapplecrates/,Vintage Apple Crates,,incabella-images\_site\IMG_7453.jpeg
https://www.incabella.co.uk/product/vintageapplecrates/,Vintage Apple Crates,,incabella-images\_site\IMG_7453.jpeg
https://www.incabella.co.uk/product/vintageapplecrates/,Vintage Apple Crates,,incabella-images\_site\image7.jpeg
https://www.incabella.co.uk/product/vintageapplecrates/,Vintage Apple Crates,,incabella-images\_site\image7.jpeg
https://www.incabella.co.uk/product/vintageapplecrates/,Vintage Apple Crates,,incabella-images\_site\Image.jpg
https://www.incabella.co.uk/product/vintageapplecrates/,Vintage Apple Crates,,incabella-images\_site\Image.jpg
https://www.incabella.co.uk/product/vintageapplecrates/,Vintage Apple Crates,,incabella-images\_site\IMG_9301.jpg
https://www.incabella.co.uk/product/vintageapplecrates/,Vintage Apple Crates,,incabella-images\_site\IMG_9301-510x652@2x.jpg
https://www.incabella.co.uk/product/vintageapplecrates/,Vintage Apple Crates,,incabella-images\_site\IMG_1158.jpg
https://www.incabella.co.uk/product/vintageapplecrates/,Vintage Apple Crates,,incabella-images\_site\IMG_1158-190x243@2x.jpg
https://www.incabella.co.uk/product/vintageapplecrates/,Vintage Apple Crates,,incabella-images\_site\IMG_3519.jpg
https://www.incabella.co.uk/product/vintageapplecrates/,Vintage Apple Crates,,incabella-images\_site\IMG_3519-510x652@2x.jpg
https://www.incabella.co.uk/product/vintageapplecrates/,Vintage Apple Crates,,incabella-images\_site\29329CBA-9791-4C5A-9FA8-1596D8E787E6.jpeg
https://www.incabella.co.uk/product/vintageapplecrates/,Vintage Apple Crates,,incabella-images\_site\29329CBA-9791-4C5A-9FA8-1596D8E787E6.jpeg
https://www.incabella.co.uk/product/vintageapplecrates/,Vintage Apple Crates,,incabella-images\_site\A7EF519C-3D41-4840-81D8-93E282E1606F.jpeg
https://www.incabella.co.uk/product/vintageapplecrates/,Vintage Apple Crates,,incabella-images\_site\A7EF519C-3D41-4840-81D8-93E282E1606F.jpeg
https://www.incabella.co.uk/product/vintageapplecrates/,Vintage Apple Crates,,incabella-images\_site\IncaBella_logo_02.png
https://www.incabella.co.uk/product/hanging-heart-tea-light/,Hanging Heart Tea Light,,incabella-images\_site\IncaBella_logo_02.png
https://www.incabella.co.uk/product/hanging-heart-tea-light/,Hanging Heart Tea Light,,incabella-images\_site\hanging-heart-tea-light-holder.jpeg
https://www.incabella.co.uk/product/hanging-heart-tea-light/,Hanging Heart Tea Light,,incabella-images\_site\hanging-heart-tea-light-holder.jpeg
https://www.incabella.co.uk/product/hanging-heart-tea-light/,Hanging Heart Tea Light,,incabella-images\_site\hanging-heart-tea-light-holder.jpeg
https://www.incabella.co.uk/product/hanging-heart-tea-light/,Hanging Heart Tea Light,,incabella-images\_site\IMG_0946.jpeg
https://www.incabella.co.uk/product/hanging-heart-tea-light/,Hanging Heart Tea Light,,incabella-images\_site\IMG_0946.jpeg
https://www.incabella.co.uk/product/hanging-heart-tea-light/,Hanging Heart Tea Light,,incabella-images\_site\lantern-wrope-hndl-h250x180mm-gls-grey.jpeg
https://www.incabella.co.uk/product/hanging-heart-tea-light/,Hanging Heart Tea Light,,incabella-images\_site\lantern-wrope-hndl-h250x180mm-gls-grey.jpeg
https://www.incabella.co.uk/product/hanging-heart-tea-light/,Hanging Heart Tea Light,,incabella-images\_site\sana-storm-lantern.jpg
https://www.incabella.co.uk/product/hanging-heart-tea-light/,Hanging Heart Tea Light,,incabella-images\_site\sana-storm-lantern.jpg
https://www.incabella.co.uk/product/hanging-heart-tea-light/,Hanging Heart Tea Light,,incabella-images\_site\A-FS-S-FS-A-SANA-STORM-LANTERN-SQ-7.jpeg
https://www.incabella.co.uk/product/hanging-heart-tea-light/,Hanging Heart Tea Light,,incabella-images\_site\A-FS-S-FS-A-SANA-STORM-LANTERN-SQ-7.jpeg
https://www.incabella.co.uk/product/hanging-heart-tea-light/,Hanging Heart Tea Light,,incabella-images\_site\IMG_1709.jpg
https://www.incabella.co.uk/product/hanging-heart-tea-light/,Hanging Heart Tea Light,,incabella-images\_site\IMG_1709-510x652@2x.jpg
https://www.incabella.co.uk/product/hanging-heart-tea-light/,Hanging Heart Tea Light,,incabella-images\_site\tlt-hld-wbells-h80mm-clr-gls.jpeg
https://www.incabella.co.uk/product/hanging-heart-tea-light/,Hanging Heart Tea Light,,incabella-images\_site\tlt-hld-wbells-h80mm-clr-gls.jpeg
https://www.incabella.co.uk/product/hanging-heart-tea-light/,Hanging Heart Tea Light,,incabella-images\_site\Sparkling-Silver-T-Light-20000102-A_20765.jpeg
https://www.incabella.co.uk/product/hanging-heart-tea-light/,Hanging Heart Tea Light,,incabella-images\_site\Sparkling-Silver-T-Light-20000102-A_20765.jpeg
https://www.incabella.co.uk/product/hanging-heart-tea-light/,Hanging Heart Tea Light,,incabella-images\_site\Sparkling-Silver-T-Light-Holder-IMG_4275.jpeg
https://www.incabella.co.uk/product/hanging-heart-tea-light/,Hanging Heart Tea Light,,incabella-images\_site\Sparkling-Silver-T-Light-Holder-IMG_4275.jpeg
https://www.incabella.co.uk/product/hanging-heart-tea-light/,Hanging Heart Tea Light,,incabella-images\_site\image10.jpeg
https://www.incabella.co.uk/product/hanging-heart-tea-light/,Hanging Heart Tea Light,,incabella-images\_site\image10.jpeg
https://www.incabella.co.uk/product/hanging-heart-tea-light/,Hanging Heart Tea Light,,incabella-images\_site\20473090a409721a3a4007908b32130e.jpg
https://www.incabella.co.uk/product/hanging-heart-tea-light/,Hanging Heart Tea Light,,incabella-images\_site\20473090a409721a3a4007908b32130e.jpg
https://www.incabella.co.uk/product/hanging-heart-tea-light/,Hanging Heart Tea Light,,incabella-images\_site\IMG_E1342.jpg
https://www.incabella.co.uk/product/hanging-heart-tea-light/,Hanging Heart Tea Light,,incabella-images\_site\IMG_E1342.jpg
https://www.incabella.co.uk/product/hanging-heart-tea-light/,Hanging Heart Tea Light,,incabella-images\_site\clear-glass-hurricane-lantern.jpeg
https://www.incabella.co.uk/product/hanging-heart-tea-light/,Hanging Heart Tea Light,,incabella-images\_site\clear-glass-hurricane-lantern.jpeg
https://www.incabella.co.uk/product/hanging-heart-tea-light/,Hanging Heart Tea Light,,incabella-images\_site\Sparkling-Silver-T-Light-20000102-A_20765.jpeg
https://www.incabella.co.uk/product/hanging-heart-tea-light/,Hanging Heart Tea Light,,incabella-images\_site\Sparkling-Silver-T-Light-20000102-A_20765.jpeg
https://www.incabella.co.uk/product/hanging-heart-tea-light/,Hanging Heart Tea Light,,incabella-images\_site\Sparkling-Silver-T-Light-Holder-IMG_4275.jpeg
https://www.incabella.co.uk/product/hanging-heart-tea-light/,Hanging Heart Tea Light,,incabella-images\_site\Sparkling-Silver-T-Light-Holder-IMG_4275.jpeg
https://www.incabella.co.uk/product/hanging-heart-tea-light/,Hanging Heart Tea Light,,incabella-images\_site\IMG_7140.jpeg
https://www.incabella.co.uk/product/hanging-heart-tea-light/,Hanging Heart Tea Light,,incabella-images\_site\IMG_7140.jpeg
https://www.incabella.co.uk/product/hanging-heart-tea-light/,Hanging Heart Tea Light,,incabella-images\_site\0ECE9A96-8D21-45B5-99FA-412A2590D4A7.jpeg
https://www.incabella.co.uk/product/hanging-heart-tea-light/,Hanging Heart Tea Light,,incabella-images\_site\0ECE9A96-8D21-45B5-99FA-412A2590D4A7.jpeg
https://www.incabella.co.uk/product/hanging-heart-tea-light/,Hanging Heart Tea Light,,incabella-images\_site\2B86C02D-B992-47FD-8154-292F2FE7C354.jpeg
https://www.incabella.co.uk/product/hanging-heart-tea-light/,Hanging Heart Tea Light,,incabella-images\_site\2B86C02D-B992-47FD-8154-292F2FE7C354.jpeg
https://www.incabella.co.uk/product/hanging-heart-tea-light/,Hanging Heart Tea Light,,incabella-images\_site\2B86C02D-B992-47FD-8154-292F2FE7C354.jpeg
https://www.incabella.co.uk/product/hanging-heart-tea-light/,Hanging Heart Tea Light,,incabella-images\_site\2B86C02D-B992-47FD-8154-292F2FE7C354.jpeg
https://www.incabella.co.uk/product/hanging-heart-tea-light/,Hanging Heart Tea Light,,incabella-images\_site\english-country-bunting.jpg
https://www.incabella.co.uk/product/hanging-heart-tea-light/,Hanging Heart Tea Light,,incabella-images\_site\english-country-bunting-114x145@2x.jpg
https://www.incabella.co.uk/product/hanging-heart-tea-light/,Hanging Heart Tea Light,,incabella-images\_site\english-country-bunting.jpg
https://www.incabella.co.uk/product/hanging-heart-tea-light/,Hanging Heart Tea Light,,incabella-images\_site\english-country-bunting-114x145@2x.jpg
https://www.incabella.co.uk/product/hanging-heart-tea-light/,Hanging Heart Tea Light,,incabella-images\_site\Amy-David-88.jpg
https://www.incabella.co.uk/product/hanging-heart-tea-light/,Hanging Heart Tea Light,,incabella-images\_site\Amy-David-88.jpg
https://www.incabella.co.uk/product/hanging-heart-tea-light/,Hanging Heart Tea Light,,incabella-images\_site\Jayne-Chris-wedding-for-Lucy-0004.jpg
https://www.incabella.co.uk/product/hanging-heart-tea-light/,Hanging Heart Tea Light,,incabella-images\_site\Jayne-Chris-wedding-for-Lucy-0004.jpg
https://www.incabella.co.uk/product/hanging-heart-tea-light/,Hanging Heart Tea Light,,incabella-images\_site\IMG_3120.jpg
https://www.incabella.co.uk/product/hanging-heart-tea-light/,Hanging Heart Tea Light,,incabella-images\_site\IMG_3120-510x652@2x.jpg
https://www.incabella.co.uk/product/hanging-heart-tea-light/,Hanging Heart Tea Light,,incabella-images\_site\IMG_3119.jpg
https://www.incabella.co.uk/product/hanging-heart-tea-light/,Hanging Heart Tea Light,,incabella-images\_site\IMG_3119-510x652@2x.jpg
https://www.incabella.co.uk/product/hanging-heart-tea-light/,Hanging Heart Tea Light,,incabella-images\_site\IMG_4803.jpg
https://www.incabella.co.uk/product/hanging-heart-tea-light/,Hanging Heart Tea Light,,incabella-images\_site\IMG_4803-510x652@2x.jpg
https://www.incabella.co.uk/product/hanging-heart-tea-light/,Hanging Heart Tea Light,,incabella-images\_site\IMG_4803.jpg
https://www.incabella.co.uk/product/hanging-heart-tea-light/,Hanging Heart Tea Light,,incabella-images\_site\IMG_4803-510x652@2x.jpg
https://www.incabella.co.uk/product/hanging-heart-tea-light/,Hanging Heart Tea Light,,incabella-images\_site\IMG_1684.jpeg
https://www.incabella.co.uk/product/hanging-heart-tea-light/,Hanging Heart Tea Light,,incabella-images\_site\IMG_1684.jpeg
https://www.incabella.co.uk/product/hanging-heart-tea-light/,Hanging Heart Tea Light,,incabella-images\_site\621943C4-766A-4041-A514-A62C4C49CE51-1.jpeg
https://www.incabella.co.uk/product/hanging-heart-tea-light/,Hanging Heart Tea Light,,incabella-images\_site\621943C4-766A-4041-A514-A62C4C49CE51-1.jpeg
https://www.incabella.co.uk/product/hanging-heart-tea-light/,Hanging Heart Tea Light,,incabella-images\_site\IMG_7145.jpeg
https://www.incabella.co.uk/product/hanging-heart-tea-light/,Hanging Heart Tea Light,,incabella-images\_site\IMG_7145.jpeg
https://www.incabella.co.uk/product/hanging-heart-tea-light/,Hanging Heart Tea Light,,incabella-images\_site\IMG_7533.jpeg
https://www.incabella.co.uk/product/hanging-heart-tea-light/,Hanging Heart Tea Light,,incabella-images\_site\IMG_7533.jpeg
https://www.incabella.co.uk/product/hanging-heart-tea-light/,Hanging Heart Tea Light,,incabella-images\_site\IMG_2205.jpg
https://www.incabella.co.uk/product/hanging-heart-tea-light/,Hanging Heart Tea Light,,incabella-images\_site\IMG_2205-510x652@2x.jpg
https://www.incabella.co.uk/product/hanging-heart-tea-light/,Hanging Heart Tea Light,,incabella-images\_site\IMG_2203.jpg
https://www.incabella.co.uk/product/hanging-heart-tea-light/,Hanging Heart Tea Light,,incabella-images\_site\IMG_2203-510x652@2x.jpg
https://www.incabella.co.uk/product/hanging-heart-tea-light/,Hanging Heart Tea Light,,incabella-images\_site\IMG_8203-e1549817586734.jpg
https://www.incabella.co.uk/product/hanging-heart-tea-light/,Hanging Heart Tea Light,,incabella-images\_site\IMG_8203-e1549817586734.jpg
https://www.incabella.co.uk/product/hanging-heart-tea-light/,Hanging Heart Tea Light,,incabella-images\_site\IMG_8203-e1549817586734.jpg
https://www.incabella.co.uk/product/hanging-heart-tea-light/,Hanging Heart Tea Light,,incabella-images\_site\IMG_8203-e1549817586734.jpg
https://www.incabella.co.uk/product/hanging-heart-tea-light/,Hanging Heart Tea Light,,incabella-images\_site\IMG_1970.jpg
https://www.incabella.co.uk/product/hanging-heart-tea-light/,Hanging Heart Tea Light,,incabella-images\_site\IMG_1970-510x652@2x.jpg
https://www.incabella.co.uk/product/hanging-heart-tea-light/,Hanging Heart Tea Light,,incabella-images\_site\Image-3.jpg
https://www.incabella.co.uk/product/hanging-heart-tea-light/,Hanging Heart Tea Light,,incabella-images\_site\Image-3-510x652@2x.jpg
https://www.incabella.co.uk/product/hanging-heart-tea-light/,Hanging Heart Tea Light,,incabella-images\_site\880A161C-0A42-4AD4-99AC-5E53B5188CE4.jpeg
https://www.incabella.co.uk/product/hanging-heart-tea-light/,Hanging Heart Tea Light,,incabella-images\_site\880A161C-0A42-4AD4-99AC-5E53B5188CE4.jpeg
https://www.incabella.co.uk/product/hanging-heart-tea-light/,Hanging Heart Tea Light,,incabella-images\_site\6A35E8F8-C756-4D74-A18D-9532A67C0D46.jpeg
https://www.incabella.co.uk/product/hanging-heart-tea-light/,Hanging Heart Tea Light,,incabella-images\_site\6A35E8F8-C756-4D74-A18D-9532A67C0D46.jpeg
https://www.incabella.co.uk/product/hanging-heart-tea-light/,Hanging Heart Tea Light,,incabella-images\_site\IncaBella_logo_02.png
https://www.incabella.co.uk/product/extralargepottedolivetrees/,Large Potted Olive Trees,,incabella-images\_site\IncaBella_logo_02.png
https://www.incabella.co.uk/product/extralargepottedolivetrees/,Large Potted Olive Trees,,incabella-images\product_extralargepottedolivetrees\2B86C02D-B992-47FD-8154-292F2FE7C354-scaled.jpeg
https://www.incabella.co.uk/product/extralargepottedolivetrees/,Large Potted Olive Trees,,incabella-images\_site\2B86C02D-B992-47FD-8154-292F2FE7C354.jpeg
https://www.incabella.co.uk/product/extralargepottedolivetrees/,Large Potted Olive Trees,,incabella-images\_site\2B86C02D-B992-47FD-8154-292F2FE7C354.jpeg
https://www.incabella.co.uk/product/extralargepottedolivetrees/,Large Potted Olive Trees,,incabella-images\_site\Sparkling-Silver-T-Light-20000102-A_20765.jpeg
https://www.incabella.co.uk/product/extralargepottedolivetrees/,Large Potted Olive Trees,,incabella-images\_site\Sparkling-Silver-T-Light-20000102-A_20765.jpeg
https://www.incabella.co.uk/product/extralargepottedolivetrees/,Large Potted Olive Trees,,incabella-images\_site\Sparkling-Silver-T-Light-Holder-IMG_4275.jpeg
https://www.incabella.co.uk/product/extralargepottedolivetrees/,Large Potted Olive Trees,,incabella-images\_site\Sparkling-Silver-T-Light-Holder-IMG_4275.jpeg
https://www.incabella.co.uk/product/extralargepottedolivetrees/,Large Potted Olive Trees,,incabella-images\_site\sana-storm-lantern.jpg
https://www.incabella.co.uk/product/extralargepottedolivetrees/,Large Potted Olive Trees,,incabella-images\_site\sana-storm-lantern.jpg
https://www.incabella.co.uk/product/extralargepottedolivetrees/,Large Potted Olive Trees,,incabella-images\_site\A-FS-S-FS-A-SANA-STORM-LANTERN-SQ-7.jpeg
https://www.incabella.co.uk/product/extralargepottedolivetrees/,Large Potted Olive Trees,,incabella-images\_site\A-FS-S-FS-A-SANA-STORM-LANTERN-SQ-7.jpeg
https://www.incabella.co.uk/product/extralargepottedolivetrees/,Large Potted Olive Trees,,incabella-images\_site\Sparkling-Silver-T-Light-20000102-A_20765.jpeg
https://www.incabella.co.uk/product/extralargepottedolivetrees/,Large Potted Olive Trees,,incabella-images\_site\Sparkling-Silver-T-Light-20000102-A_20765.jpeg
https://www.incabella.co.uk/product/extralargepottedolivetrees/,Large Potted Olive Trees,,incabella-images\_site\Sparkling-Silver-T-Light-Holder-IMG_4275.jpeg
https://www.incabella.co.uk/product/extralargepottedolivetrees/,Large Potted Olive Trees,,incabella-images\_site\Sparkling-Silver-T-Light-Holder-IMG_4275.jpeg
https://www.incabella.co.uk/product/extralargepottedolivetrees/,Large Potted Olive Trees,,incabella-images\_site\IMG_1709.jpg
https://www.incabella.co.uk/product/extralargepottedolivetrees/,Large Potted Olive Trees,,incabella-images\_site\IMG_1709-510x652@2x.jpg
https://www.incabella.co.uk/product/extralargepottedolivetrees/,Large Potted Olive Trees,,incabella-images\_site\tlt-hld-wbells-h80mm-clr-gls.jpeg
https://www.incabella.co.uk/product/extralargepottedolivetrees/,Large Potted Olive Trees,,incabella-images\_site\tlt-hld-wbells-h80mm-clr-gls.jpeg
https://www.incabella.co.uk/product/extralargepottedolivetrees/,Large Potted Olive Trees,,incabella-images\_site\hanging-heart-tea-light-holder.jpeg
https://www.incabella.co.uk/product/extralargepottedolivetrees/,Large Potted Olive Trees,,incabella-images\_site\hanging-heart-tea-light-holder.jpeg
https://www.incabella.co.uk/product/extralargepottedolivetrees/,Large Potted Olive Trees,,incabella-images\_site\hanging-heart-tea-light-holder.jpeg
https://www.incabella.co.uk/product/extralargepottedolivetrees/,Large Potted Olive Trees,,incabella-images\_site\hanging-heart-tea-light-holder.jpeg
https://www.incabella.co.uk/product/extralargepottedolivetrees/,Large Potted Olive Trees,,incabella-images\_site\IMG_0946.jpeg
https://www.incabella.co.uk/product/extralargepottedolivetrees/,Large Potted Olive Trees,,incabella-images\_site\IMG_0946.jpeg
https://www.incabella.co.uk/product/extralargepottedolivetrees/,Large Potted Olive Trees,,incabella-images\_site\lantern-wrope-hndl-h250x180mm-gls-grey.jpeg
https://www.incabella.co.uk/product/extralargepottedolivetrees/,Large Potted Olive Trees,,incabella-images\_site\lantern-wrope-hndl-h250x180mm-gls-grey.jpeg
https://www.incabella.co.uk/product/extralargepottedolivetrees/,Large Potted Olive Trees,,incabella-images\_site\IMG_E1342.jpg
https://www.incabella.co.uk/product/extralargepottedolivetrees/,Large Potted Olive Trees,,incabella-images\_site\IMG_E1342.jpg
https://www.incabella.co.uk/product/extralargepottedolivetrees/,Large Potted Olive Trees,,incabella-images\_site\clear-glass-hurricane-lantern.jpeg
https://www.incabella.co.uk/product/extralargepottedolivetrees/,Large Potted Olive Trees,,incabella-images\_site\clear-glass-hurricane-lantern.jpeg
https://www.incabella.co.uk/product/extralargepottedolivetrees/,Large Potted Olive Trees,,incabella-images\_site\image10.jpeg
https://www.incabella.co.uk/product/extralargepottedolivetrees/,Large Potted Olive Trees,,incabella-images\_site\image10.jpeg
https://www.incabella.co.uk/product/extralargepottedolivetrees/,Large Potted Olive Trees,,incabella-images\_site\20473090a409721a3a4007908b32130e.jpg
https://www.incabella.co.uk/product/extralargepottedolivetrees/,Large Potted Olive Trees,,incabella-images\_site\20473090a409721a3a4007908b32130e.jpg
https://www.incabella.co.uk/product/extralargepottedolivetrees/,Large Potted Olive Trees,,incabella-images\_site\IMG_7140.jpeg
https://www.incabella.co.uk/product/extralargepottedolivetrees/,Large Potted Olive Trees,,incabella-images\_site\IMG_7140.jpeg
https://www.incabella.co.uk/product/extralargepottedolivetrees/,Large Potted Olive Trees,,incabella-images\_site\0ECE9A96-8D21-45B5-99FA-412A2590D4A7.jpeg
https://www.incabella.co.uk/product/extralargepottedolivetrees/,Large Potted Olive Trees,,incabella-images\_site\0ECE9A96-8D21-45B5-99FA-412A2590D4A7.jpeg
https://www.incabella.co.uk/product/extralargepottedolivetrees/,Large Potted Olive Trees,,incabella-images\_site\IMG_5842-e1517833177128.jpg
https://www.incabella.co.uk/product/extralargepottedolivetrees/,Large Potted Olive Trees,,incabella-images\_site\IMG_5842-e1517833177128.jpg
https://www.incabella.co.uk/product/extralargepottedolivetrees/,Large Potted Olive Trees,,incabella-images\_site\IMG_5841-e1517832558639.jpg
https://www.incabella.co.uk/product/extralargepottedolivetrees/,Large Potted Olive Trees,,incabella-images\_site\IMG_5841-e1517832558639.jpg
https://www.incabella.co.uk/product/extralargepottedolivetrees/,Large Potted Olive Trees,,incabella-images\_site\english-country-bunting.jpg
https://www.incabella.co.uk/product/extralargepottedolivetrees/,Large Potted Olive Trees,,incabella-images\_site\english-country-bunting-114x145@2x.jpg
https://www.incabella.co.uk/product/extralargepottedolivetrees/,Large Potted Olive Trees,,incabella-images\_site\english-country-bunting.jpg
https://www.incabella.co.uk/product/extralargepottedolivetrees/,Large Potted Olive Trees,,incabella-images\_site\english-country-bunting-114x145@2x.jpg
https://www.incabella.co.uk/product/extralargepottedolivetrees/,Large Potted Olive Trees,,incabella-images\_site\IMG_3039.jpg
https://www.incabella.co.uk/product/extralargepottedolivetrees/,Large Potted Olive Trees,,incabella-images\_site\IMG_3039-114x145@2x.jpg
https://www.incabella.co.uk/product/extralargepottedolivetrees/,Large Potted Olive Trees,,incabella-images\_site\IMG_3043.jpg
https://www.incabella.co.uk/product/extralargepottedolivetrees/,Large Potted Olive Trees,,incabella-images\_site\IMG_3043-190x243@2x.jpg
https://www.incabella.co.uk/product/extralargepottedolivetrees/,Large Potted Olive Trees,,incabella-images\_site\IMG_7450.jpeg
https://www.incabella.co.uk/product/extralargepottedolivetrees/,Large Potted Olive Trees,,incabella-images\_site\IMG_7450.jpeg
https://www.incabella.co.uk/product/extralargepottedolivetrees/,Large Potted Olive Trees,,incabella-images\_site\IMG_1085.jpg
https://www.incabella.co.uk/product/extralargepottedolivetrees/,Large Potted Olive Trees,,incabella-images\_site\IMG_1085-510x652@2x.jpg
https://www.incabella.co.uk/product/extralargepottedolivetrees/,Large Potted Olive Trees,,incabella-images\_site\5d6ad4c0-13bc-479b-8b50-cfe64523502e.jpeg
https://www.incabella.co.uk/product/extralargepottedolivetrees/,Large Potted Olive Trees,,incabella-images\_site\5d6ad4c0-13bc-479b-8b50-cfe64523502e.jpeg
https://www.incabella.co.uk/product/extralargepottedolivetrees/,Large Potted Olive Trees,,incabella-images\_site\fullsizeoutput_5ff9.jpeg
https://www.incabella.co.uk/product/extralargepottedolivetrees/,Large Potted Olive Trees,,incabella-images\_site\fullsizeoutput_5ff9.jpeg
https://www.incabella.co.uk/product/extralargepottedolivetrees/,Large Potted Olive Trees,,incabella-images\_site\29329CBA-9791-4C5A-9FA8-1596D8E787E6.jpeg
https://www.incabella.co.uk/product/extralargepottedolivetrees/,Large Potted Olive Trees,,incabella-images\_site\29329CBA-9791-4C5A-9FA8-1596D8E787E6.jpeg
https://www.incabella.co.uk/product/extralargepottedolivetrees/,Large Potted Olive Trees,,incabella-images\_site\A7EF519C-3D41-4840-81D8-93E282E1606F.jpeg
https://www.incabella.co.uk/product/extralargepottedolivetrees/,Large Potted Olive Trees,,incabella-images\_site\A7EF519C-3D41-4840-81D8-93E282E1606F.jpeg
https://www.incabella.co.uk/product/extralargepottedolivetrees/,Large Potted Olive Trees,,incabella-images\_site\IMG_4803.jpg
https://www.incabella.co.uk/product/extralargepottedolivetrees/,Large Potted Olive Trees,,incabella-images\_site\IMG_4803-510x652@2x.jpg
https://www.incabella.co.uk/product/extralargepottedolivetrees/,Large Potted Olive Trees,,incabella-images\_site\IMG_4803.jpg
https://www.incabella.co.uk/product/extralargepottedolivetrees/,Large Potted Olive Trees,,incabella-images\_site\IMG_4803-510x652@2x.jpg
https://www.incabella.co.uk/product/extralargepottedolivetrees/,Large Potted Olive Trees,,incabella-images\_site\fullsizeoutput_50c2.jpeg
https://www.incabella.co.uk/product/extralargepottedolivetrees/,Large Potted Olive Trees,,incabella-images\_site\fullsizeoutput_50c2.jpeg
https://www.incabella.co.uk/product/extralargepottedolivetrees/,Large Potted Olive Trees,,incabella-images\_site\IMG_6448-e1520889491374.jpg
https://www.incabella.co.uk/product/extralargepottedolivetrees/,Large Potted Olive Trees,,incabella-images\_site\IMG_6448-e1520889491374.jpg
https://www.incabella.co.uk/product/extralargepottedolivetrees/,Large Potted Olive Trees,,incabella-images\_site\EL-ES-APR-2022-0435.jpg
https://www.incabella.co.uk/product/extralargepottedolivetrees/,Large Potted Olive Trees,,incabella-images\_site\EL-ES-APR-2022-0435.jpg
https://www.incabella.co.uk/product/extralargepottedolivetrees/,Large Potted Olive Trees,,incabella-images\_site\IMG_0520.jpeg
https://www.incabella.co.uk/product/extralargepottedolivetrees/,Large Potted Olive Trees,,incabella-images\_site\IMG_0520.jpeg
https://www.incabella.co.uk/product/extralargepottedolivetrees/,Large Potted Olive Trees,,incabella-images\_site\IMG_1158.jpg
https://www.incabella.co.uk/product/extralargepottedolivetrees/,Large Potted Olive Trees,,incabella-images\_site\IMG_1158-190x243@2x.jpg
https://www.incabella.co.uk/product/extralargepottedolivetrees/,Large Potted Olive Trees,,incabella-images\_site\IMG_3519.jpg
https://www.incabella.co.uk/product/extralargepottedolivetrees/,Large Potted Olive Trees,,incabella-images\_site\IMG_3519-510x652@2x.jpg
https://www.incabella.co.uk/product/extralargepottedolivetrees/,Large Potted Olive Trees,,incabella-images\_site\IMG_1684.jpeg
https://www.incabella.co.uk/product/extralargepottedolivetrees/,Large Potted Olive Trees,,incabella-images\_site\IMG_1684.jpeg
https://www.incabella.co.uk/product/extralargepottedolivetrees/,Large Potted Olive Trees,,incabella-images\_site\621943C4-766A-4041-A514-A62C4C49CE51-1.jpeg
https://www.incabella.co.uk/product/extralargepottedolivetrees/,Large Potted Olive Trees,,incabella-images\_site\621943C4-766A-4041-A514-A62C4C49CE51-1.jpeg
https://www.incabella.co.uk/product/extralargepottedolivetrees/,Large Potted Olive Trees,,incabella-images\_site\IncaBella_logo_02.png
https://www.incabella.co.uk/product/mohani-lantern/,Mohani Lantern,,incabella-images\_site\IncaBella_logo_02.png
https://www.incabella.co.uk/product/mohani-lantern/,Mohani Lantern,,incabella-images\product_mohani-lantern\IMG_7140-scaled.jpeg
https://www.incabella.co.uk/product/mohani-lantern/,Mohani Lantern,,incabella-images\_site\IMG_7140.jpeg
https://www.incabella.co.uk/product/mohani-lantern/,Mohani Lantern,,incabella-images\_site\IMG_7140.jpeg
https://www.incabella.co.uk/product/mohani-lantern/,Mohani Lantern,,incabella-images\_site\0ECE9A96-8D21-45B5-99FA-412A2590D4A7.jpeg
https://www.incabella.co.uk/product/mohani-lantern/,Mohani Lantern,,incabella-images\_site\0ECE9A96-8D21-45B5-99FA-412A2590D4A7.jpeg
https://www.incabella.co.uk/product/mohani-lantern/,Mohani Lantern,,incabella-images\_site\0ECE9A96-8D21-45B5-99FA-412A2590D4A7.jpeg
https://www.incabella.co.uk/product/mohani-lantern/,Mohani Lantern,,incabella-images\product_mohani-lantern\EL-ES-APR-2022-0526-scaled.jpeg
https://www.incabella.co.uk/product/mohani-lantern/,Mohani Lantern,,incabella-images\product_mohani-lantern\EL-ES-APR-2022-0526.jpeg
https://www.incabella.co.uk/product/mohani-lantern/,Mohani Lantern,,incabella-images\product_mohani-lantern\EL-ES-APR-2022-0526.jpeg
https://www.incabella.co.uk/product/mohani-lantern/,Mohani Lantern,,incabella-images\_site\IMG_7140.jpeg
https://www.incabella.co.uk/product/mohani-lantern/,Mohani Lantern,,incabella-images\_site\IMG_7140.jpeg
https://www.incabella.co.uk/product/mohani-lantern/,Mohani Lantern,,incabella-images\_site\0ECE9A96-8D21-45B5-99FA-412A2590D4A7.jpeg
https://www.incabella.co.uk/product/mohani-lantern/,Mohani Lantern,,incabella-images\_site\0ECE9A96-8D21-45B5-99FA-412A2590D4A7.jpeg
https://www.incabella.co.uk/product/mohani-lantern/,Mohani Lantern,,incabella-images\product_mohani-lantern\EL-ES-APR-2022-0526.jpeg
https://www.incabella.co.uk/product/mohani-lantern/,Mohani Lantern,,incabella-images\product_mohani-lantern\EL-ES-APR-2022-0526.jpeg
https://www.incabella.co.uk/product/mohani-lantern/,Mohani Lantern,,incabella-images\_site\Sparkling-Silver-T-Light-20000102-A_20765.jpeg
https://www.incabella.co.uk/product/mohani-lantern/,Mohani Lantern,,incabella-images\_site\Sparkling-Silver-T-Light-20000102-A_20765.jpeg
https://www.incabella.co.uk/product/mohani-lantern/,Mohani Lantern,,incabella-images\_site\Sparkling-Silver-T-Light-Holder-IMG_4275.jpeg
https://www.incabella.co.uk/product/mohani-lantern/,Mohani Lantern,,incabella-images\_site\Sparkling-Silver-T-Light-Holder-IMG_4275.jpeg
https://www.incabella.co.uk/product/mohani-lantern/,Mohani Lantern,,incabella-images\_site\IMG_E1342.jpg
https://www.incabella.co.uk/product/mohani-lantern/,Mohani Lantern,,incabella-images\_site\IMG_E1342.jpg
https://www.incabella.co.uk/product/mohani-lantern/,Mohani Lantern,,incabella-images\_site\clear-glass-hurricane-lantern.jpeg
https://www.incabella.co.uk/product/mohani-lantern/,Mohani Lantern,,incabella-images\_site\clear-glass-hurricane-lantern.jpeg
https://www.incabella.co.uk/product/mohani-lantern/,Mohani Lantern,,incabella-images\_site\hanging-heart-tea-light-holder.jpeg
https://www.incabella.co.uk/product/mohani-lantern/,Mohani Lantern,,incabella-images\_site\hanging-heart-tea-light-holder.jpeg
https://www.incabella.co.uk/product/mohani-lantern/,Mohani Lantern,,incabella-images\_site\hanging-heart-tea-light-holder.jpeg
https://www.incabella.co.uk/product/mohani-lantern/,Mohani Lantern,,incabella-images\_site\hanging-heart-tea-light-holder.jpeg
https://www.incabella.co.uk/product/mohani-lantern/,Mohani Lantern,,incabella-images\_site\IMG_1709.jpg
https://www.incabella.co.uk/product/mohani-lantern/,Mohani Lantern,,incabella-images\_site\IMG_1709-510x652@2x.jpg
https://www.incabella.co.uk/product/mohani-lantern/,Mohani Lantern,,incabella-images\_site\tlt-hld-wbells-h80mm-clr-gls.jpeg
https://www.incabella.co.uk/product/mohani-lantern/,Mohani Lantern,,incabella-images\_site\tlt-hld-wbells-h80mm-clr-gls.jpeg
https://www.incabella.co.uk/product/mohani-lantern/,Mohani Lantern,,incabella-images\_site\Sparkling-Silver-T-Light-20000102-A_20765.jpeg
https://www.incabella.co.uk/product/mohani-lantern/,Mohani Lantern,,incabella-images\_site\Sparkling-Silver-T-Light-20000102-A_20765.jpeg
https://www.incabella.co.uk/product/mohani-lantern/,Mohani Lantern,,incabella-images\_site\Sparkling-Silver-T-Light-Holder-IMG_4275.jpeg
https://www.incabella.co.uk/product/mohani-lantern/,Mohani Lantern,,incabella-images\_site\Sparkling-Silver-T-Light-Holder-IMG_4275.jpeg
https://www.incabella.co.uk/product/mohani-lantern/,Mohani Lantern,,incabella-images\_site\sana-storm-lantern.jpg
https://www.incabella.co.uk/product/mohani-lantern/,Mohani Lantern,,incabella-images\_site\sana-storm-lantern.jpg
https://www.incabella.co.uk/product/mohani-lantern/,Mohani Lantern,,incabella-images\_site\A-FS-S-FS-A-SANA-STORM-LANTERN-SQ-7.jpeg
https://www.incabella.co.uk/product/mohani-lantern/,Mohani Lantern,,incabella-images\_site\A-FS-S-FS-A-SANA-STORM-LANTERN-SQ-7.jpeg
https://www.incabella.co.uk/product/mohani-lantern/,Mohani Lantern,,incabella-images\_site\IMG_0946.jpeg
https://www.incabella.co.uk/product/mohani-lantern/,Mohani Lantern,,incabella-images\_site\IMG_0946.jpeg
https://www.incabella.co.uk/product/mohani-lantern/,Mohani Lantern,,incabella-images\_site\lantern-wrope-hndl-h250x180mm-gls-grey.jpeg
https://www.incabella.co.uk/product/mohani-lantern/,Mohani Lantern,,incabella-images\_site\lantern-wrope-hndl-h250x180mm-gls-grey.jpeg
https://www.incabella.co.uk/product/mohani-lantern/,Mohani Lantern,,incabella-images\_site\EL-ES-APR-2022-0358.jpeg
https://www.incabella.co.uk/product/mohani-lantern/,Mohani Lantern,,incabella-images\_site\EL-ES-APR-2022-0358.jpeg
https://www.incabella.co.uk/product/mohani-lantern/,Mohani Lantern,,incabella-images\_site\31814EA0-7BDD-4917-9473-9F2F44BA7DBD.jpeg
https://www.incabella.co.uk/product/mohani-lantern/,Mohani Lantern,,incabella-images\_site\31814EA0-7BDD-4917-9473-9F2F44BA7DBD.jpeg
https://www.incabella.co.uk/product/mohani-lantern/,Mohani Lantern,,incabella-images\_site\fullsizeoutput_50c2.jpeg
https://www.incabella.co.uk/product/mohani-lantern/,Mohani Lantern,,incabella-images\_site\fullsizeoutput_50c2.jpeg
https://www.incabella.co.uk/product/mohani-lantern/,Mohani Lantern,,incabella-images\_site\IMG_6448-e1520889491374.jpg
https://www.incabella.co.uk/product/mohani-lantern/,Mohani Lantern,,incabella-images\_site\IMG_6448-e1520889491374.jpg
https://www.incabella.co.uk/product/mohani-lantern/,Mohani Lantern,,incabella-images\_site\IMG_1673.jpg
https://www.incabella.co.uk/product/mohani-lantern/,Mohani Lantern,,incabella-images\_site\IMG_1673-510x652@2x.jpg
https://www.incabella.co.uk/product/mohani-lantern/,Mohani Lantern,,incabella-images\_site\4600494.jpg
https://www.incabella.co.uk/product/mohani-lantern/,Mohani Lantern,,incabella-images\_site\4600494-114x145@2x.jpg
https://www.incabella.co.uk/product/mohani-lantern/,Mohani Lantern,,incabella-images\_site\english-country-bunting.jpg
https://www.incabella.co.uk/product/mohani-lantern/,Mohani Lantern,,incabella-images\_site\english-country-bunting-114x145@2x.jpg
https://www.incabella.co.uk/product/mohani-lantern/,Mohani Lantern,,incabella-images\_site\english-country-bunting.jpg
https://www.incabella.co.uk/product/mohani-lantern/,Mohani Lantern,,incabella-images\_site\english-country-bunting-114x145@2x.jpg
https://www.incabella.co.uk/product/mohani-lantern/,Mohani Lantern,,incabella-images\_site\2B86C02D-B992-47FD-8154-292F2FE7C354.jpeg
https://www.incabella.co.uk/product/mohani-lantern/,Mohani Lantern,,incabella-images\_site\2B86C02D-B992-47FD-8154-292F2FE7C354.jpeg
https://www.incabella.co.uk/product/mohani-lantern/,Mohani Lantern,,incabella-images\_site\2B86C02D-B992-47FD-8154-292F2FE7C354.jpeg
https://www.incabella.co.uk/product/mohani-lantern/,Mohani Lantern,,incabella-images\_site\2B86C02D-B992-47FD-8154-292F2FE7C354.jpeg
https://www.incabella.co.uk/product/mohani-lantern/,Mohani Lantern,,incabella-images\_site\IMG_3120.jpg
https://www.incabella.co.uk/product/mohani-lantern/,Mohani Lantern,,incabella-images\_site\IMG_3120-510x652@2x.jpg
https://www.incabella.co.uk/product/mohani-lantern/,Mohani Lantern,,incabella-images\_site\IMG_3119.jpg
https://www.incabella.co.uk/product/mohani-lantern/,Mohani Lantern,,incabella-images\_site\IMG_3119-510x652@2x.jpg
https://www.incabella.co.uk/product/mohani-lantern/,Mohani Lantern,,incabella-images\_site\IMG_1684.jpeg
https://www.incabella.co.uk/product/mohani-lantern/,Mohani Lantern,,incabella-images\_site\IMG_1684.jpeg
https://www.incabella.co.uk/product/mohani-lantern/,Mohani Lantern,,incabella-images\_site\621943C4-766A-4041-A514-A62C4C49CE51-1.jpeg
https://www.incabella.co.uk/product/mohani-lantern/,Mohani Lantern,,incabella-images\_site\621943C4-766A-4041-A514-A62C4C49CE51-1.jpeg
https://www.incabella.co.uk/product/mohani-lantern/,Mohani Lantern,,incabella-images\_site\image10.jpeg
https://www.incabella.co.uk/product/mohani-lantern/,Mohani Lantern,,incabella-images\_site\image10.jpeg
https://www.incabella.co.uk/product/mohani-lantern/,Mohani Lantern,,incabella-images\_site\20473090a409721a3a4007908b32130e.jpg
https://www.incabella.co.uk/product/mohani-lantern/,Mohani Lantern,,incabella-images\_site\20473090a409721a3a4007908b32130e.jpg
https://www.incabella.co.uk/product/mohani-lantern/,Mohani Lantern,,incabella-images\_site\IMG_1970.jpg
https://www.incabella.co.uk/product/mohani-lantern/,Mohani Lantern,,incabella-images\_site\IMG_1970-510x652@2x.jpg
https://www.incabella.co.uk/product/mohani-lantern/,Mohani Lantern,,incabella-images\_site\Image-3.jpg
https://www.incabella.co.uk/product/mohani-lantern/,Mohani Lantern,,incabella-images\_site\Image-3-510x652@2x.jpg
https://www.incabella.co.uk/product/mohani-lantern/,Mohani Lantern,,incabella-images\_site\IMG_1158.jpg
https://www.incabella.co.uk/product/mohani-lantern/,Mohani Lantern,,incabella-images\_site\IMG_1158-190x243@2x.jpg
https://www.incabella.co.uk/product/mohani-lantern/,Mohani Lantern,,incabella-images\_site\IMG_3519.jpg
https://www.incabella.co.uk/product/mohani-lantern/,Mohani Lantern,,incabella-images\_site\IMG_3519-510x652@2x.jpg
https://www.incabella.co.uk/product/mohani-lantern/,Mohani Lantern,,incabella-images\_site\880A161C-0A42-4AD4-99AC-5E53B5188CE4.jpeg
https://www.incabella.co.uk/product/mohani-lantern/,Mohani Lantern,,incabella-images\_site\880A161C-0A42-4AD4-99AC-5E53B5188CE4.jpeg
https://www.incabella.co.uk/product/mohani-lantern/,Mohani Lantern,,incabella-images\_site\6A35E8F8-C756-4D74-A18D-9532A67C0D46.jpeg
https://www.incabella.co.uk/product/mohani-lantern/,Mohani Lantern,,incabella-images\_site\6A35E8F8-C756-4D74-A18D-9532A67C0D46.jpeg
https://www.incabella.co.uk/product/mohani-lantern/,Mohani Lantern,,incabella-images\_site\Amy-David-88.jpg
https://www.incabella.co.uk/product/mohani-lantern/,Mohani Lantern,,incabella-images\_site\Amy-David-88.jpg
https://www.incabella.co.uk/product/mohani-lantern/,Mohani Lantern,,incabella-images\_site\Jayne-Chris-wedding-for-Lucy-0004.jpg
https://www.incabella.co.uk/product/mohani-lantern/,Mohani Lantern,,incabella-images\_site\Jayne-Chris-wedding-for-Lucy-0004.jpg
https://www.incabella.co.uk/product/mohani-lantern/,Mohani Lantern,,incabella-images\_site\IncaBella_logo_02.png
https://www.incabella.co.uk/product/large-white-washed-lantern/,Large white washed lantern,,incabella-images\_site\IncaBella_logo_02.png
https://www.incabella.co.uk/product/large-white-washed-lantern/,Large white washed lantern,,incabella-images\product_large-white-washed-lantern\Amy-David-88-scaled.jpg
https://www.incabella.co.uk/product/large-white-washed-lantern/,Large white washed lantern,,incabella-images\_site\Amy-David-88.jpg
https://www.incabella.co.uk/product/large-white-washed-lantern/,Large white washed lantern,,incabella-images\_site\Amy-David-88.jpg
https://www.incabella.co.uk/product/large-white-washed-lantern/,Large white washed lantern,,incabella-images\_site\Jayne-Chris-wedding-for-Lucy-0004.jpg
https://www.incabella.co.uk/product/large-white-washed-lantern/,Large white washed lantern,,incabella-images\_site\Jayne-Chris-wedding-for-Lucy-0004.jpg
https://www.incabella.co.uk/product/large-white-washed-lantern/,Large white washed lantern,,incabella-images\_site\Jayne-Chris-wedding-for-Lucy-0004.jpg
https://www.incabella.co.uk/product/large-white-washed-lantern/,Large white washed lantern,,incabella-images\product_large-white-washed-lantern\017-c-LawesPhotography-_DSC8605.jpeg
https://www.incabella.co.uk/product/large-white-washed-lantern/,Large white washed lantern,,incabella-images\product_large-white-washed-lantern\017-c-LawesPhotography-_DSC8605.jpeg
https://www.incabella.co.uk/product/large-white-washed-lantern/,Large white washed lantern,,incabella-images\product_large-white-washed-lantern\017-c-LawesPhotography-_DSC8605.jpeg
https://www.incabella.co.uk/product/large-white-washed-lantern/,Large white washed lantern,,incabella-images\_site\Amy-David-88.jpg
https://www.incabella.co.uk/product/large-white-washed-lantern/,Large white washed lantern,,incabella-images\_site\Amy-David-88.jpg
https://www.incabella.co.uk/product/large-white-washed-lantern/,Large white washed lantern,,incabella-images\_site\Jayne-Chris-wedding-for-Lucy-0004.jpg
https://www.incabella.co.uk/product/large-white-washed-lantern/,Large white washed lantern,,incabella-images\_site\Jayne-Chris-wedding-for-Lucy-0004.jpg
https://www.incabella.co.uk/product/large-white-washed-lantern/,Large white washed lantern,,incabella-images\product_large-white-washed-lantern\017-c-LawesPhotography-_DSC8605.jpeg
https://www.incabella.co.uk/product/large-white-washed-lantern/,Large white washed lantern,,incabella-images\product_large-white-washed-lantern\017-c-LawesPhotography-_DSC8605.jpeg
https://www.incabella.co.uk/product/large-white-washed-lantern/,Large white washed lantern,,incabella-images\_site\IMG_0946.jpeg
https://www.incabella.co.uk/product/large-white-washed-lantern/,Large white washed lantern,,incabella-images\_site\IMG_0946.jpeg
https://www.incabella.co.uk/product/large-white-washed-lantern/,Large white washed lantern,,incabella-images\_site\lantern-wrope-hndl-h250x180mm-gls-grey.jpeg
https://www.incabella.co.uk/product/large-white-washed-lantern/,Large white washed lantern,,incabella-images\_site\lantern-wrope-hndl-h250x180mm-gls-grey.jpeg
https://www.incabella.co.uk/product/large-white-washed-lantern/,Large white washed lantern,,incabella-images\_site\image10.jpeg
https://www.incabella.co.uk/product/large-white-washed-lantern/,Large white washed lantern,,incabella-images\_site\image10.jpeg
https://www.incabella.co.uk/product/large-white-washed-lantern/,Large white washed lantern,,incabella-images\_site\20473090a409721a3a4007908b32130e.jpg
https://www.incabella.co.uk/product/large-white-washed-lantern/,Large white washed lantern,,incabella-images\_site\20473090a409721a3a4007908b32130e.jpg
https://www.incabella.co.uk/product/large-white-washed-lantern/,Large white washed lantern,,incabella-images\_site\Sparkling-Silver-T-Light-20000102-A_20765.jpeg
https://www.incabella.co.uk/product/large-white-washed-lantern/,Large white washed lantern,,incabella-images\_site\Sparkling-Silver-T-Light-20000102-A_20765.jpeg
https://www.incabella.co.uk/product/large-white-washed-lantern/,Large white washed lantern,,incabella-images\_site\Sparkling-Silver-T-Light-Holder-IMG_4275.jpeg
https://www.incabella.co.uk/product/large-white-washed-lantern/,Large white washed lantern,,incabella-images\_site\Sparkling-Silver-T-Light-Holder-IMG_4275.jpeg
https://www.incabella.co.uk/product/large-white-washed-lantern/,Large white washed lantern,,incabella-images\_site\Sparkling-Silver-T-Light-20000102-A_20765.jpeg
https://www.incabella.co.uk/product/large-white-washed-lantern/,Large white washed lantern,,incabella-images\_site\Sparkling-Silver-T-Light-20000102-A_20765.jpeg
https://www.incabella.co.uk/product/large-white-washed-lantern/,Large white washed lantern,,incabella-images\_site\Sparkling-Silver-T-Light-Holder-IMG_4275.jpeg
https://www.incabella.co.uk/product/large-white-washed-lantern/,Large white washed lantern,,incabella-images\_site\Sparkling-Silver-T-Light-Holder-IMG_4275.jpeg
https://www.incabella.co.uk/product/large-white-washed-lantern/,Large white washed lantern,,incabella-images\_site\IMG_E1342.jpg
https://www.incabella.co.uk/product/large-white-washed-lantern/,Large white washed lantern,,incabella-images\_site\IMG_E1342.jpg
https://www.incabella.co.uk/product/large-white-washed-lantern/,Large white washed lantern,,incabella-images\_site\clear-glass-hurricane-lantern.jpeg
https://www.incabella.co.uk/product/large-white-washed-lantern/,Large white washed lantern,,incabella-images\_site\clear-glass-hurricane-lantern.jpeg
https://www.incabella.co.uk/product/large-white-washed-lantern/,Large white washed lantern,,incabella-images\_site\IMG_1709.jpg
https://www.incabella.co.uk/product/large-white-washed-lantern/,Large white washed lantern,,incabella-images\_site\IMG_1709-510x652@2x.jpg
https://www.incabella.co.uk/product/large-white-washed-lantern/,Large white washed lantern,,incabella-images\_site\tlt-hld-wbells-h80mm-clr-gls.jpeg
https://www.incabella.co.uk/product/large-white-washed-lantern/,Large white washed lantern,,incabella-images\_site\tlt-hld-wbells-h80mm-clr-gls.jpeg
https://www.incabella.co.uk/product/large-white-washed-lantern/,Large white washed lantern,,incabella-images\_site\880A161C-0A42-4AD4-99AC-5E53B5188CE4.jpeg
https://www.incabella.co.uk/product/large-white-washed-lantern/,Large white washed lantern,,incabella-images\_site\880A161C-0A42-4AD4-99AC-5E53B5188CE4.jpeg
https://www.incabella.co.uk/product/large-white-washed-lantern/,Large white washed lantern,,incabella-images\_site\6A35E8F8-C756-4D74-A18D-9532A67C0D46.jpeg
https://www.incabella.co.uk/product/large-white-washed-lantern/,Large white washed lantern,,incabella-images\_site\6A35E8F8-C756-4D74-A18D-9532A67C0D46.jpeg
https://www.incabella.co.uk/product/large-white-washed-lantern/,Large white washed lantern,,incabella-images\_site\IMG_7095.jpeg
https://www.incabella.co.uk/product/large-white-washed-lantern/,Large white washed lantern,,incabella-images\_site\IMG_7095.jpeg
https://www.incabella.co.uk/product/large-white-washed-lantern/,Large white washed lantern,,incabella-images\_site\6A9461D2-8C98-4412-BC65-4CDD37EF0A5D.jpeg
https://www.incabella.co.uk/product/large-white-washed-lantern/,Large white washed lantern,,incabella-images\_site\6A9461D2-8C98-4412-BC65-4CDD37EF0A5D.jpeg
https://www.incabella.co.uk/product/large-white-washed-lantern/,Large white washed lantern,,incabella-images\_site\IMG_1673.jpg
https://www.incabella.co.uk/product/large-white-washed-lantern/,Large white washed lantern,,incabella-images\_site\IMG_1673-510x652@2x.jpg
https://www.incabella.co.uk/product/large-white-washed-lantern/,Large white washed lantern,,incabella-images\_site\4600494.jpg
https://www.incabella.co.uk/product/large-white-washed-lantern/,Large white washed lantern,,incabella-images\_site\4600494-114x145@2x.jpg
https://www.incabella.co.uk/product/large-white-washed-lantern/,Large white washed lantern,,incabella-images\_site\EL-ES-APR-2022-0358.jpeg
https://www.incabella.co.uk/product/large-white-washed-lantern/,Large white washed lantern,,incabella-images\_site\EL-ES-APR-2022-0358.jpeg
https://www.incabella.co.uk/product/large-white-washed-lantern/,Large white washed lantern,,incabella-images\_site\31814EA0-7BDD-4917-9473-9F2F44BA7DBD.jpeg
https://www.incabella.co.uk/product/large-white-washed-lantern/,Large white washed lantern,,incabella-images\_site\31814EA0-7BDD-4917-9473-9F2F44BA7DBD.jpeg
https://www.incabella.co.uk/product/large-white-washed-lantern/,Large white washed lantern,,incabella-images\_site\Image.jpg
https://www.incabella.co.uk/product/large-white-washed-lantern/,Large white washed lantern,,incabella-images\_site\Image.jpg
https://www.incabella.co.uk/product/large-white-washed-lantern/,Large white washed lantern,,incabella-images\_site\IMG_9301.jpg
https://www.incabella.co.uk/product/large-white-washed-lantern/,Large white washed lantern,,incabella-images\_site\IMG_9301-510x652@2x.jpg
https://www.incabella.co.uk/product/large-white-washed-lantern/,Large white washed lantern,,incabella-images\_site\IMG_4803.jpg
https://www.incabella.co.uk/product/large-white-washed-lantern/,Large white washed lantern,,incabella-images\_site\IMG_4803-510x652@2x.jpg
https://www.incabella.co.uk/product/large-white-washed-lantern/,Large white washed lantern,,incabella-images\_site\IMG_4803.jpg
https://www.incabella.co.uk/product/large-white-washed-lantern/,Large white washed lantern,,incabella-images\_site\IMG_4803-510x652@2x.jpg
https://www.incabella.co.uk/product/large-white-washed-lantern/,Large white washed lantern,,incabella-images\_site\IMG_1158.jpg
https://www.incabella.co.uk/product/large-white-washed-lantern/,Large white washed lantern,,incabella-images\_site\IMG_1158-190x243@2x.jpg
https://www.incabella.co.uk/product/large-white-washed-lantern/,Large white washed lantern,,incabella-images\_site\IMG_3519.jpg
https://www.incabella.co.uk/product/large-white-washed-lantern/,Large white washed lantern,,incabella-images\_site\IMG_3519-510x652@2x.jpg
https://www.incabella.co.uk/product/large-white-washed-lantern/,Large white washed lantern,,incabella-images\_site\IMG_3120.jpg
https://www.incabella.co.uk/product/large-white-washed-lantern/,Large white washed lantern,,incabella-images\_site\IMG_3120-510x652@2x.jpg
https://www.incabella.co.uk/product/large-white-washed-lantern/,Large white washed lantern,,incabella-images\_site\IMG_3119.jpg
https://www.incabella.co.uk/product/large-white-washed-lantern/,Large white washed lantern,,incabella-images\_site\IMG_3119-510x652@2x.jpg
https://www.incabella.co.uk/product/large-white-washed-lantern/,Large white washed lantern,,incabella-images\_site\IMG_7149.jpeg
https://www.incabella.co.uk/product/large-white-washed-lantern/,Large white washed lantern,,incabella-images\_site\IMG_7149.jpeg
https://www.incabella.co.uk/product/large-white-washed-lantern/,Large white washed lantern,,incabella-images\_site\E57C0BFC-9306-42C5-8AE4-7F77EFE434AA.jpeg
https://www.incabella.co.uk/product/large-white-washed-lantern/,Large white washed lantern,,incabella-images\_site\E57C0BFC-9306-42C5-8AE4-7F77EFE434AA.jpeg
https://www.incabella.co.uk/product/large-white-washed-lantern/,Large white washed lantern,,incabella-images\_site\IMG_4163.jpg
https://www.incabella.co.uk/product/large-white-washed-lantern/,Large white washed lantern,,incabella-images\_site\IMG_4163.jpg
https://www.incabella.co.uk/product/large-white-washed-lantern/,Large white washed lantern,,incabella-images\_site\IMG_4162-e1517836473472.jpg
https://www.incabella.co.uk/product/large-white-washed-lantern/,Large white washed lantern,,incabella-images\_site\IMG_4162-e1517836473472.jpg
https://www.incabella.co.uk/product/large-white-washed-lantern/,Large white washed lantern,,incabella-images\_site\hanging-heart-tea-light-holder.jpeg
https://www.incabella.co.uk/product/large-white-washed-lantern/,Large white washed lantern,,incabella-images\_site\hanging-heart-tea-light-holder.jpeg
https://www.incabella.co.uk/product/large-white-washed-lantern/,Large white washed lantern,,incabella-images\_site\hanging-heart-tea-light-holder.jpeg
https://www.incabella.co.uk/product/large-white-washed-lantern/,Large white washed lantern,,incabella-images\_site\hanging-heart-tea-light-holder.jpeg
https://www.incabella.co.uk/product/large-white-washed-lantern/,Large white washed lantern,,incabella-images\_site\IMG_1684.jpeg
https://www.incabella.co.uk/product/large-white-washed-lantern/,Large white washed lantern,,incabella-images\_site\IMG_1684.jpeg
https://www.incabella.co.uk/product/large-white-washed-lantern/,Large white washed lantern,,incabella-images\_site\621943C4-766A-4041-A514-A62C4C49CE51-1.jpeg
https://www.incabella.co.uk/product/large-white-washed-lantern/,Large white washed lantern,,incabella-images\_site\621943C4-766A-4041-A514-A62C4C49CE51-1.jpeg
https://www.incabella.co.uk/product/large-white-washed-lantern/,Large white washed lantern,,incabella-images\_site\IncaBella_logo_02.png
https://www.incabella.co.uk/product/rope-lantern/,Rope Lantern,,incabella-images\_site\IncaBella_logo_02.png
https://www.incabella.co.uk/product/rope-lantern/,Rope Lantern,,incabella-images\_site\IMG_0946.jpeg
https://www.incabella.co.uk/product/rope-lantern/,Rope Lantern,,incabella-images\_site\IMG_0946.jpeg
https://www.incabella.co.uk/product/rope-lantern/,Rope Lantern,,incabella-images\_site\IMG_0946.jpeg
https://www.incabella.co.uk/product/rope-lantern/,Rope Lantern,,incabella-images\_site\lantern-wrope-hndl-h250x180mm-gls-grey.jpeg
https://www.incabella.co.uk/product/rope-lantern/,Rope Lantern,,incabella-images\_site\lantern-wrope-hndl-h250x180mm-gls-grey.jpeg
https://www.incabella.co.uk/product/rope-lantern/,Rope Lantern,,incabella-images\_site\lantern-wrope-hndl-h250x180mm-gls-grey.jpeg
https://www.incabella.co.uk/product/rope-lantern/,Rope Lantern,,incabella-images\_site\IMG_0946.jpeg
https://www.incabella.co.uk/product/rope-lantern/,Rope Lantern,,incabella-images\_site\IMG_0946.jpeg
https://www.incabella.co.uk/product/rope-lantern/,Rope Lantern,,incabella-images\_site\lantern-wrope-hndl-h250x180mm-gls-grey.jpeg
https://www.incabella.co.uk/product/rope-lantern/,Rope Lantern,,incabella-images\_site\lantern-wrope-hndl-h250x180mm-gls-grey.jpeg
https://www.incabella.co.uk/product/rope-lantern/,Rope Lantern,,incabella-images\_site\hanging-heart-tea-light-holder.jpeg
https://www.incabella.co.uk/product/rope-lantern/,Rope Lantern,,incabella-images\_site\hanging-heart-tea-light-holder.jpeg
https://www.incabella.co.uk/product/rope-lantern/,Rope Lantern,,incabella-images\_site\hanging-heart-tea-light-holder.jpeg
https://www.incabella.co.uk/product/rope-lantern/,Rope Lantern,,incabella-images\_site\hanging-heart-tea-light-holder.jpeg
https://www.incabella.co.uk/product/rope-lantern/,Rope Lantern,,incabella-images\_site\sana-storm-lantern.jpg
https://www.incabella.co.uk/product/rope-lantern/,Rope Lantern,,incabella-images\_site\sana-storm-lantern.jpg
https://www.incabella.co.uk/product/rope-lantern/,Rope Lantern,,incabella-images\_site\A-FS-S-FS-A-SANA-STORM-LANTERN-SQ-7.jpeg
https://www.incabella.co.uk/product/rope-lantern/,Rope Lantern,,incabella-images\_site\A-FS-S-FS-A-SANA-STORM-LANTERN-SQ-7.jpeg
https://www.incabella.co.uk/product/rope-lantern/,Rope Lantern,,incabella-images\_site\Sparkling-Silver-T-Light-20000102-A_20765.jpeg
https://www.incabella.co.uk/product/rope-lantern/,Rope Lantern,,incabella-images\_site\Sparkling-Silver-T-Light-20000102-A_20765.jpeg
https://www.incabella.co.uk/product/rope-lantern/,Rope Lantern,,incabella-images\_site\Sparkling-Silver-T-Light-Holder-IMG_4275.jpeg
https://www.incabella.co.uk/product/rope-lantern/,Rope Lantern,,incabella-images\_site\Sparkling-Silver-T-Light-Holder-IMG_4275.jpeg
https://www.incabella.co.uk/product/rope-lantern/,Rope Lantern,,incabella-images\_site\IMG_1709.jpg
https://www.incabella.co.uk/product/rope-lantern/,Rope Lantern,,incabella-images\_site\IMG_1709-510x652@2x.jpg
https://www.incabella.co.uk/product/rope-lantern/,Rope Lantern,,incabella-images\_site\tlt-hld-wbells-h80mm-clr-gls.jpeg
https://www.incabella.co.uk/product/rope-lantern/,Rope Lantern,,incabella-images\_site\tlt-hld-wbells-h80mm-clr-gls.jpeg
https://www.incabella.co.uk/product/rope-lantern/,Rope Lantern,,incabella-images\_site\IMG_E1342.jpg
https://www.incabella.co.uk/product/rope-lantern/,Rope Lantern,,incabella-images\_site\IMG_E1342.jpg
https://www.incabella.co.uk/product/rope-lantern/,Rope Lantern,,incabella-images\_site\clear-glass-hurricane-lantern.jpeg
https://www.incabella.co.uk/product/rope-lantern/,Rope Lantern,,incabella-images\_site\clear-glass-hurricane-lantern.jpeg
https://www.incabella.co.uk/product/rope-lantern/,Rope Lantern,,incabella-images\_site\Sparkling-Silver-T-Light-20000102-A_20765.jpeg
https://www.incabella.co.uk/product/rope-lantern/,Rope Lantern,,incabella-images\_site\Sparkling-Silver-T-Light-20000102-A_20765.jpeg
https://www.incabella.co.uk/product/rope-lantern/,Rope Lantern,,incabella-images\_site\Sparkling-Silver-T-Light-Holder-IMG_4275.jpeg
https://www.incabella.co.uk/product/rope-lantern/,Rope Lantern,,incabella-images\_site\Sparkling-Silver-T-Light-Holder-IMG_4275.jpeg
https://www.incabella.co.uk/product/rope-lantern/,Rope Lantern,,incabella-images\_site\image10.jpeg
https://www.incabella.co.uk/product/rope-lantern/,Rope Lantern,,incabella-images\_site\image10.jpeg
https://www.incabella.co.uk/product/rope-lantern/,Rope Lantern,,incabella-images\_site\20473090a409721a3a4007908b32130e.jpg
https://www.incabella.co.uk/product/rope-lantern/,Rope Lantern,,incabella-images\_site\20473090a409721a3a4007908b32130e.jpg
https://www.incabella.co.uk/product/rope-lantern/,Rope Lantern,,incabella-images\_site\IMG_7145.jpeg
https://www.incabella.co.uk/product/rope-lantern/,Rope Lantern,,incabella-images\_site\IMG_7145.jpeg
https://www.incabella.co.uk/product/rope-lantern/,Rope Lantern,,incabella-images\_site\IMG_7533.jpeg
https://www.incabella.co.uk/product/rope-lantern/,Rope Lantern,,incabella-images\_site\IMG_7533.jpeg
https://www.incabella.co.uk/product/rope-lantern/,Rope Lantern,,incabella-images\_site\IMG_2205.jpg
https://www.incabella.co.uk/product/rope-lantern/,Rope Lantern,,incabella-images\_site\IMG_2205-510x652@2x.jpg
https://www.incabella.co.uk/product/rope-lantern/,Rope Lantern,,incabella-images\_site\IMG_2203.jpg
https://www.incabella.co.uk/product/rope-lantern/,Rope Lantern,,incabella-images\_site\IMG_2203-510x652@2x.jpg
https://www.incabella.co.uk/product/rope-lantern/,Rope Lantern,,incabella-images\_site\IMG_7453.jpeg
https://www.incabella.co.uk/product/rope-lantern/,Rope Lantern,,incabella-images\_site\IMG_7453.jpeg
https://www.incabella.co.uk/product/rope-lantern/,Rope Lantern,,incabella-images\_site\image7.jpeg
https://www.incabella.co.uk/product/rope-lantern/,Rope Lantern,,incabella-images\_site\image7.jpeg
https://www.incabella.co.uk/product/rope-lantern/,Rope Lantern,,incabella-images\_site\29329CBA-9791-4C5A-9FA8-1596D8E787E6.jpeg
https://www.incabella.co.uk/product/rope-lantern/,Rope Lantern,,incabella-images\_site\29329CBA-9791-4C5A-9FA8-1596D8E787E6.jpeg
https://www.incabella.co.uk/product/rope-lantern/,Rope Lantern,,incabella-images\_site\A7EF519C-3D41-4840-81D8-93E282E1606F.jpeg
https://www.incabella.co.uk/product/rope-lantern/,Rope Lantern,,incabella-images\_site\A7EF519C-3D41-4840-81D8-93E282E1606F.jpeg
https://www.incabella.co.uk/product/rope-lantern/,Rope Lantern,,incabella-images\_site\IMG_7140.jpeg
https://www.incabella.co.uk/product/rope-lantern/,Rope Lantern,,incabella-images\_site\IMG_7140.jpeg
https://www.incabella.co.uk/product/rope-lantern/,Rope Lantern,,incabella-images\_site\0ECE9A96-8D21-45B5-99FA-412A2590D4A7.jpeg
https://www.incabella.co.uk/product/rope-lantern/,Rope Lantern,,incabella-images\_site\0ECE9A96-8D21-45B5-99FA-412A2590D4A7.jpeg
https://www.incabella.co.uk/product/rope-lantern/,Rope Lantern,,incabella-images\_site\IMG_7095.jpeg
https://www.incabella.co.uk/product/rope-lantern/,Rope Lantern,,incabella-images\_site\IMG_7095.jpeg
https://www.incabella.co.uk/product/rope-lantern/,Rope Lantern,,incabella-images\_site\6A9461D2-8C98-4412-BC65-4CDD37EF0A5D.jpeg
https://www.incabella.co.uk/product/rope-lantern/,Rope Lantern,,incabella-images\_site\6A9461D2-8C98-4412-BC65-4CDD37EF0A5D.jpeg
https://www.incabella.co.uk/product/rope-lantern/,Rope Lantern,,incabella-images\_site\25AB7D13-7599-412B-B88E-B43BB927A3F8.jpeg
https://www.incabella.co.uk/product/rope-lantern/,Rope Lantern,,incabella-images\_site\25AB7D13-7599-412B-B88E-B43BB927A3F8.jpeg
https://www.incabella.co.uk/product/rope-lantern/,Rope Lantern,,incabella-images\_site\IMG_4492.jpg
https://www.incabella.co.uk/product/rope-lantern/,Rope Lantern,,incabella-images\_site\IMG_4492.jpg
https://www.incabella.co.uk/product/rope-lantern/,Rope Lantern,,incabella-images\_site\IMG_4217-e1615561069483.jpg
https://www.incabella.co.uk/product/rope-lantern/,Rope Lantern,,incabella-images\_site\IMG_4217-e1615561069483.jpg
https://www.incabella.co.uk/product/rope-lantern/,Rope Lantern,,incabella-images\_site\IMG_5159-e1615638036380.jpg
https://www.incabella.co.uk/product/rope-lantern/,Rope Lantern,,incabella-images\_site\IMG_5159-e1615638036380.jpg
https://www.incabella.co.uk/product/rope-lantern/,Rope Lantern,,incabella-images\_site\EL-ES-APR-2022-0435.jpg
https://www.incabella.co.uk/product/rope-lantern/,Rope Lantern,,incabella-images\_site\EL-ES-APR-2022-0435.jpg
https://www.incabella.co.uk/product/rope-lantern/,Rope Lantern,,incabella-images\_site\IMG_0520.jpeg
https://www.incabella.co.uk/product/rope-lantern/,Rope Lantern,,incabella-images\_site\IMG_0520.jpeg
https://www.incabella.co.uk/product/rope-lantern/,Rope Lantern,,incabella-images\_site\IMG_1673.jpg
https://www.incabella.co.uk/product/rope-lantern/,Rope Lantern,,incabella-images\_site\IMG_1673-510x652@2x.jpg
https://www.incabella.co.uk/product/rope-lantern/,Rope Lantern,,incabella-images\_site\4600494.jpg
https://www.incabella.co.uk/product/rope-lantern/,Rope Lantern,,incabella-images\_site\4600494-114x145@2x.jpg
https://www.incabella.co.uk/product/rope-lantern/,Rope Lantern,,incabella-images\_site\fullsizeoutput_50c2.jpeg
https://www.incabella.co.uk/product/rope-lantern/,Rope Lantern,,incabella-images\_site\fullsizeoutput_50c2.jpeg
https://www.incabella.co.uk/product/rope-lantern/,Rope Lantern,,incabella-images\_site\IMG_6448-e1520889491374.jpg
https://www.incabella.co.uk/product/rope-lantern/,Rope Lantern,,incabella-images\_site\IMG_6448-e1520889491374.jpg
https://www.incabella.co.uk/product/rope-lantern/,Rope Lantern,,incabella-images\_site\Amy-David-88.jpg
https://www.incabella.co.uk/product/rope-lantern/,Rope Lantern,,incabella-images\_site\Amy-David-88.jpg
https://www.incabella.co.uk/product/rope-lantern/,Rope Lantern,,incabella-images\_site\Jayne-Chris-wedding-for-Lucy-0004.jpg
https://www.incabella.co.uk/product/rope-lantern/,Rope Lantern,,incabella-images\_site\Jayne-Chris-wedding-for-Lucy-0004.jpg
https://www.incabella.co.uk/product/rope-lantern/,Rope Lantern,,incabella-images\_site\IncaBella_logo_02.png
https://www.incabella.co.uk/product/sana-storm-lantern-small/,Sana Storm Lantern – Small,,incabella-images\_site\IncaBella_logo_02.png
https://www.incabella.co.uk/product/sana-storm-lantern-small/,Sana Storm Lantern – Small,,incabella-images\_site\sana-storm-lantern.jpg
https://www.incabella.co.uk/product/sana-storm-lantern-small/,Sana Storm Lantern – Small,,incabella-images\_site\sana-storm-lantern.jpg
https://www.incabella.co.uk/product/sana-storm-lantern-small/,Sana Storm Lantern – Small,,incabella-images\_site\sana-storm-lantern.jpg
https://www.incabella.co.uk/product/sana-storm-lantern-small/,Sana Storm Lantern – Small,,incabella-images\_site\A-FS-S-FS-A-SANA-STORM-LANTERN-SQ-7.jpeg
https://www.incabella.co.uk/product/sana-storm-lantern-small/,Sana Storm Lantern – Small,,incabella-images\_site\A-FS-S-FS-A-SANA-STORM-LANTERN-SQ-7.jpeg
https://www.incabella.co.uk/product/sana-storm-lantern-small/,Sana Storm Lantern – Small,,incabella-images\_site\A-FS-S-FS-A-SANA-STORM-LANTERN-SQ-7.jpeg
https://www.incabella.co.uk/product/sana-storm-lantern-small/,Sana Storm Lantern – Small,,incabella-images\product_sana-storm-lantern-small\IMG_1689.jpg
https://www.incabella.co.uk/product/sana-storm-lantern-small/,Sana Storm Lantern – Small,,incabella-images\product_sana-storm-lantern-small\IMG_1689.jpg
https://www.incabella.co.uk/product/sana-storm-lantern-small/,Sana Storm Lantern – Small,,incabella-images\product_sana-storm-lantern-small\IMG_1689-510x652@2x.jpg
https://www.incabella.co.uk/product/sana-storm-lantern-small/,Sana Storm Lantern – Small,,incabella-images\_site\sana-storm-lantern.jpg
https://www.incabella.co.uk/product/sana-storm-lantern-small/,Sana Storm Lantern – Small,,incabella-images\_site\sana-storm-lantern.jpg
https://www.incabella.co.uk/product/sana-storm-lantern-small/,Sana Storm Lantern – Small,,incabella-images\_site\A-FS-S-FS-A-SANA-STORM-LANTERN-SQ-7.jpeg
https://www.incabella.co.uk/product/sana-storm-lantern-small/,Sana Storm Lantern – Small,,incabella-images\_site\A-FS-S-FS-A-SANA-STORM-LANTERN-SQ-7.jpeg
https://www.incabella.co.uk/product/sana-storm-lantern-small/,Sana Storm Lantern – Small,,incabella-images\product_sana-storm-lantern-small\IMG_1689.jpg
https://www.incabella.co.uk/product/sana-storm-lantern-small/,Sana Storm Lantern – Small,,incabella-images\product_sana-storm-lantern-small\IMG_1689-510x652@2x.jpg
https://www.incabella.co.uk/product/sana-storm-lantern-small/,Sana Storm Lantern – Small,,incabella-images\_site\IMG_1709.jpg
https://www.incabella.co.uk/product/sana-storm-lantern-small/,Sana Storm Lantern – Small,,incabella-images\_site\IMG_1709-510x652@2x.jpg
https://www.incabella.co.uk/product/sana-storm-lantern-small/,Sana Storm Lantern – Small,,incabella-images\_site\tlt-hld-wbells-h80mm-clr-gls.jpeg
https://www.incabella.co.uk/product/sana-storm-lantern-small/,Sana Storm Lantern – Small,,incabella-images\_site\tlt-hld-wbells-h80mm-clr-gls.jpeg
https://www.incabella.co.uk/product/sana-storm-lantern-small/,Sana Storm Lantern – Small,,incabella-images\_site\IMG_0946.jpeg
https://www.incabella.co.uk/product/sana-storm-lantern-small/,Sana Storm Lantern – Small,,incabella-images\_site\IMG_0946.jpeg
https://www.incabella.co.uk/product/sana-storm-lantern-small/,Sana Storm Lantern – Small,,incabella-images\_site\lantern-wrope-hndl-h250x180mm-gls-grey.jpeg
https://www.incabella.co.uk/product/sana-storm-lantern-small/,Sana Storm Lantern – Small,,incabella-images\_site\lantern-wrope-hndl-h250x180mm-gls-grey.jpeg
https://www.incabella.co.uk/product/sana-storm-lantern-small/,Sana Storm Lantern – Small,,incabella-images\_site\IMG_E1342.jpg
https://www.incabella.co.uk/product/sana-storm-lantern-small/,Sana Storm Lantern – Small,,incabella-images\_site\IMG_E1342.jpg
https://www.incabella.co.uk/product/sana-storm-lantern-small/,Sana Storm Lantern – Small,,incabella-images\_site\clear-glass-hurricane-lantern.jpeg
https://www.incabella.co.uk/product/sana-storm-lantern-small/,Sana Storm Lantern – Small,,incabella-images\_site\clear-glass-hurricane-lantern.jpeg
https://www.incabella.co.uk/product/sana-storm-lantern-small/,Sana Storm Lantern – Small,,incabella-images\_site\image10.jpeg
https://www.incabella.co.uk/product/sana-storm-lantern-small/,Sana Storm Lantern – Small,,incabella-images\_site\image10.jpeg
https://www.incabella.co.uk/product/sana-storm-lantern-small/,Sana Storm Lantern – Small,,incabella-images\_site\20473090a409721a3a4007908b32130e.jpg
https://www.incabella.co.uk/product/sana-storm-lantern-small/,Sana Storm Lantern – Small,,incabella-images\_site\20473090a409721a3a4007908b32130e.jpg
https://www.incabella.co.uk/product/sana-storm-lantern-small/,Sana Storm Lantern – Small,,incabella-images\_site\fullsizeoutput_50c2.jpeg
https://www.incabella.co.uk/product/sana-storm-lantern-small/,Sana Storm Lantern – Small,,incabella-images\_site\fullsizeoutput_50c2.jpeg
https://www.incabella.co.uk/product/sana-storm-lantern-small/,Sana Storm Lantern – Small,,incabella-images\_site\IMG_6448-e1520889491374.jpg
https://www.incabella.co.uk/product/sana-storm-lantern-small/,Sana Storm Lantern – Small,,incabella-images\_site\IMG_6448-e1520889491374.jpg
https://www.incabella.co.uk/product/sana-storm-lantern-small/,Sana Storm Lantern – Small,,incabella-images\_site\IMG_1970.jpg
https://www.incabella.co.uk/product/sana-storm-lantern-small/,Sana Storm Lantern – Small,,incabella-images\_site\IMG_1970-510x652@2x.jpg
https://www.incabella.co.uk/product/sana-storm-lantern-small/,Sana Storm Lantern – Small,,incabella-images\_site\Image-3.jpg
https://www.incabella.co.uk/product/sana-storm-lantern-small/,Sana Storm Lantern – Small,,incabella-images\_site\Image-3-510x652@2x.jpg
https://www.incabella.co.uk/product/sana-storm-lantern-small/,Sana Storm Lantern – Small,,incabella-images\_site\IMG_0545.jpeg
https://www.incabella.co.uk/product/sana-storm-lantern-small/,Sana Storm Lantern – Small,,incabella-images\_site\IMG_0545.jpeg
https://www.incabella.co.uk/product/sana-storm-lantern-small/,Sana Storm Lantern – Small,,incabella-images\_site\8327bd708a67d45dc7f6637f3e61ffa5.jpg
https://www.incabella.co.uk/product/sana-storm-lantern-small/,Sana Storm Lantern – Small,,incabella-images\_site\8327bd708a67d45dc7f6637f3e61ffa5.jpg
https://www.incabella.co.uk/product/sana-storm-lantern-small/,Sana Storm Lantern – Small,,incabella-images\_site\IMG_4217-e1615561069483.jpg
https://www.incabella.co.uk/product/sana-storm-lantern-small/,Sana Storm Lantern – Small,,incabella-images\_site\IMG_4217-e1615561069483.jpg
https://www.incabella.co.uk/product/sana-storm-lantern-small/,Sana Storm Lantern – Small,,incabella-images\_site\IMG_5159-e1615638036380.jpg
https://www.incabella.co.uk/product/sana-storm-lantern-small/,Sana Storm Lantern – Small,,incabella-images\_site\IMG_5159-e1615638036380.jpg
https://www.incabella.co.uk/product/sana-storm-lantern-small/,Sana Storm Lantern – Small,,incabella-images\_site\Sparkling-Silver-T-Light-20000102-A_20765.jpeg
https://www.incabella.co.uk/product/sana-storm-lantern-small/,Sana Storm Lantern – Small,,incabella-images\_site\Sparkling-Silver-T-Light-20000102-A_20765.jpeg
https://www.incabella.co.uk/product/sana-storm-lantern-small/,Sana Storm Lantern – Small,,incabella-images\_site\Sparkling-Silver-T-Light-Holder-IMG_4275.jpeg
https://www.incabella.co.uk/product/sana-storm-lantern-small/,Sana Storm Lantern – Small,,incabella-images\_site\Sparkling-Silver-T-Light-Holder-IMG_4275.jpeg
https://www.incabella.co.uk/product/sana-storm-lantern-small/,Sana Storm Lantern – Small,,incabella-images\_site\IMG_7140.jpeg
https://www.incabella.co.uk/product/sana-storm-lantern-small/,Sana Storm Lantern – Small,,incabella-images\_site\IMG_7140.jpeg
https://www.incabella.co.uk/product/sana-storm-lantern-small/,Sana Storm Lantern – Small,,incabella-images\_site\0ECE9A96-8D21-45B5-99FA-412A2590D4A7.jpeg
https://www.incabella.co.uk/product/sana-storm-lantern-small/,Sana Storm Lantern – Small,,incabella-images\_site\0ECE9A96-8D21-45B5-99FA-412A2590D4A7.jpeg
https://www.incabella.co.uk/product/sana-storm-lantern-small/,Sana Storm Lantern – Small,,incabella-images\_site\5d6ad4c0-13bc-479b-8b50-cfe64523502e.jpeg
https://www.incabella.co.uk/product/sana-storm-lantern-small/,Sana Storm Lantern – Small,,incabella-images\_site\5d6ad4c0-13bc-479b-8b50-cfe64523502e.jpeg
https://www.incabella.co.uk/product/sana-storm-lantern-small/,Sana Storm Lantern – Small,,incabella-images\_site\fullsizeoutput_5ff9.jpeg
https://www.incabella.co.uk/product/sana-storm-lantern-small/,Sana Storm Lantern – Small,,incabella-images\_site\fullsizeoutput_5ff9.jpeg
https://www.incabella.co.uk/product/sana-storm-lantern-small/,Sana Storm Lantern – Small,,incabella-images\_site\2B86C02D-B992-47FD-8154-292F2FE7C354.jpeg
https://www.incabella.co.uk/product/sana-storm-lantern-small/,Sana Storm Lantern – Small,,incabella-images\_site\2B86C02D-B992-47FD-8154-292F2FE7C354.jpeg
https://www.incabella.co.uk/product/sana-storm-lantern-small/,Sana Storm Lantern – Small,,incabella-images\_site\2B86C02D-B992-47FD-8154-292F2FE7C354.jpeg
https://www.incabella.co.uk/product/sana-storm-lantern-small/,Sana Storm Lantern – Small,,incabella-images\_site\2B86C02D-B992-47FD-8154-292F2FE7C354.jpeg
https://www.incabella.co.uk/product/sana-storm-lantern-small/,Sana Storm Lantern – Small,,incabella-images\_site\hanging-heart-tea-light-holder.jpeg
https://www.incabella.co.uk/product/sana-storm-lantern-small/,Sana Storm Lantern – Small,,incabella-images\_site\hanging-heart-tea-light-holder.jpeg
https://www.incabella.co.uk/product/sana-storm-lantern-small/,Sana Storm Lantern – Small,,incabella-images\_site\hanging-heart-tea-light-holder.jpeg
https://www.incabella.co.uk/product/sana-storm-lantern-small/,Sana Storm Lantern – Small,,incabella-images\_site\hanging-heart-tea-light-holder.jpeg
https://www.incabella.co.uk/product/sana-storm-lantern-small/,Sana Storm Lantern – Small,,incabella-images\_site\IMG_3468.jpg
https://www.incabella.co.uk/product/sana-storm-lantern-small/,Sana Storm Lantern – Small,,incabella-images\_site\IMG_3468-510x652@2x.jpg
https://www.incabella.co.uk/product/sana-storm-lantern-small/,Sana Storm Lantern – Small,,incabella-images\_site\IMG_3464.jpg
https://www.incabella.co.uk/product/sana-storm-lantern-small/,Sana Storm Lantern – Small,,incabella-images\_site\IMG_3464-510x652@2x.jpg
https://www.incabella.co.uk/product/sana-storm-lantern-small/,Sana Storm Lantern – Small,,incabella-images\_site\Amy-David-88.jpg
https://www.incabella.co.uk/product/sana-storm-lantern-small/,Sana Storm Lantern – Small,,incabella-images\_site\Amy-David-88.jpg
https://www.incabella.co.uk/product/sana-storm-lantern-small/,Sana Storm Lantern – Small,,incabella-images\_site\Jayne-Chris-wedding-for-Lucy-0004.jpg
https://www.incabella.co.uk/product/sana-storm-lantern-small/,Sana Storm Lantern – Small,,incabella-images\_site\Jayne-Chris-wedding-for-Lucy-0004.jpg
https://www.incabella.co.uk/product/sana-storm-lantern-small/,Sana Storm Lantern – Small,,incabella-images\_site\IMG_1684.jpeg
https://www.incabella.co.uk/product/sana-storm-lantern-small/,Sana Storm Lantern – Small,,incabella-images\_site\IMG_1684.jpeg
https://www.incabella.co.uk/product/sana-storm-lantern-small/,Sana Storm Lantern – Small,,incabella-images\_site\621943C4-766A-4041-A514-A62C4C49CE51-1.jpeg
https://www.incabella.co.uk/product/sana-storm-lantern-small/,Sana Storm Lantern – Small,,incabella-images\_site\621943C4-766A-4041-A514-A62C4C49CE51-1.jpeg
https://www.incabella.co.uk/product/sana-storm-lantern-small/,Sana Storm Lantern – Small,,incabella-images\_site\IncaBella_logo_02.png
https://www.incabella.co.uk/product/displayblackboard/,Rustic Display Blackboard,,incabella-images\_site\IncaBella_logo_02.png
https://www.incabella.co.uk/product/displayblackboard/,Rustic Display Blackboard,,incabella-images\_site\IMG_4163.jpg
https://www.incabella.co.uk/product/displayblackboard/,Rustic Display Blackboard,,incabella-images\_site\IMG_4163.jpg
https://www.incabella.co.uk/product/displayblackboard/,Rustic Display Blackboard,,incabella-images\_site\IMG_4163.jpg
https://www.incabella.co.uk/product/displayblackboard/,Rustic Display Blackboard,,incabella-images\_site\IMG_4162-e1517836473472.jpg
https://www.incabella.co.uk/product/displayblackboard/,Rustic Display Blackboard,,incabella-images\_site\IMG_4162-e1517836473472.jpg
https://www.incabella.co.uk/product/displayblackboard/,Rustic Display Blackboard,,incabella-images\_site\IMG_4162-e1517836473472.jpg
https://www.incabella.co.uk/product/displayblackboard/,Rustic Display Blackboard,,incabella-images\product_displayblackboard\IMG_3848-e1517836585282.jpg
https://www.incabella.co.uk/product/displayblackboard/,Rustic Display Blackboard,,incabella-images\product_displayblackboard\IMG_3848-e1517836585282.jpg
https://www.incabella.co.uk/product/displayblackboard/,Rustic Display Blackboard,,incabella-images\product_displayblackboard\IMG_3848-e1517836585282.jpg
https://www.incabella.co.uk/product/displayblackboard/,Rustic Display Blackboard,,incabella-images\_site\IMG_4163.jpg
https://www.incabella.co.uk/product/displayblackboard/,Rustic Display Blackboard,,incabella-images\_site\IMG_4163.jpg
https://www.incabella.co.uk/product/displayblackboard/,Rustic Display Blackboard,,incabella-images\_site\IMG_4162-e1517836473472.jpg
https://www.incabella.co.uk/product/displayblackboard/,Rustic Display Blackboard,,incabella-images\_site\IMG_4162-e1517836473472.jpg
https://www.incabella.co.uk/product/displayblackboard/,Rustic Display Blackboard,,incabella-images\product_displayblackboard\IMG_3848-e1517836585282.jpg
https://www.incabella.co.uk/product/displayblackboard/,Rustic Display Blackboard,,incabella-images\product_displayblackboard\IMG_3848-e1517836585282.jpg
https://www.incabella.co.uk/product/displayblackboard/,Rustic Display Blackboard,,incabella-images\_site\hanging-heart-tea-light-holder.jpeg
https://www.incabella.co.uk/product/displayblackboard/,Rustic Display Blackboard,,incabella-images\_site\hanging-heart-tea-light-holder.jpeg
https://www.incabella.co.uk/product/displayblackboard/,Rustic Display Blackboard,,incabella-images\_site\hanging-heart-tea-light-holder.jpeg
https://www.incabella.co.uk/product/displayblackboard/,Rustic Display Blackboard,,incabella-images\_site\hanging-heart-tea-light-holder.jpeg
https://www.incabella.co.uk/product/displayblackboard/,Rustic Display Blackboard,,incabella-images\_site\Sparkling-Silver-T-Light-20000102-A_20765.jpeg
https://www.incabella.co.uk/product/displayblackboard/,Rustic Display Blackboard,,incabella-images\_site\Sparkling-Silver-T-Light-20000102-A_20765.jpeg
https://www.incabella.co.uk/product/displayblackboard/,Rustic Display Blackboard,,incabella-images\_site\Sparkling-Silver-T-Light-Holder-IMG_4275.jpeg
https://www.incabella.co.uk/product/displayblackboard/,Rustic Display Blackboard,,incabella-images\_site\Sparkling-Silver-T-Light-Holder-IMG_4275.jpeg
https://www.incabella.co.uk/product/displayblackboard/,Rustic Display Blackboard,,incabella-images\_site\Sparkling-Silver-T-Light-20000102-A_20765.jpeg
https://www.incabella.co.uk/product/displayblackboard/,Rustic Display Blackboard,,incabella-images\_site\Sparkling-Silver-T-Light-20000102-A_20765.jpeg
https://www.incabella.co.uk/product/displayblackboard/,Rustic Display Blackboard,,incabella-images\_site\Sparkling-Silver-T-Light-Holder-IMG_4275.jpeg
https://www.incabella.co.uk/product/displayblackboard/,Rustic Display Blackboard,,incabella-images\_site\Sparkling-Silver-T-Light-Holder-IMG_4275.jpeg
https://www.incabella.co.uk/product/displayblackboard/,Rustic Display Blackboard,,incabella-images\_site\IMG_1709.jpg
https://www.incabella.co.uk/product/displayblackboard/,Rustic Display Blackboard,,incabella-images\_site\IMG_1709-510x652@2x.jpg
https://www.incabella.co.uk/product/displayblackboard/,Rustic Display Blackboard,,incabella-images\_site\tlt-hld-wbells-h80mm-clr-gls.jpeg
https://www.incabella.co.uk/product/displayblackboard/,Rustic Display Blackboard,,incabella-images\_site\tlt-hld-wbells-h80mm-clr-gls.jpeg
https://www.incabella.co.uk/product/displayblackboard/,Rustic Display Blackboard,,incabella-images\_site\sana-storm-lantern.jpg
https://www.incabella.co.uk/product/displayblackboard/,Rustic Display Blackboard,,incabella-images\_site\sana-storm-lantern.jpg
https://www.incabella.co.uk/product/displayblackboard/,Rustic Display Blackboard,,incabella-images\_site\A-FS-S-FS-A-SANA-STORM-LANTERN-SQ-7.jpeg
https://www.incabella.co.uk/product/displayblackboard/,Rustic Display Blackboard,,incabella-images\_site\A-FS-S-FS-A-SANA-STORM-LANTERN-SQ-7.jpeg
https://www.incabella.co.uk/product/displayblackboard/,Rustic Display Blackboard,,incabella-images\_site\image10.jpeg
https://www.incabella.co.uk/product/displayblackboard/,Rustic Display Blackboard,,incabella-images\_site\image10.jpeg
https://www.incabella.co.uk/product/displayblackboard/,Rustic Display Blackboard,,incabella-images\_site\20473090a409721a3a4007908b32130e.jpg
https://www.incabella.co.uk/product/displayblackboard/,Rustic Display Blackboard,,incabella-images\_site\20473090a409721a3a4007908b32130e.jpg
https://www.incabella.co.uk/product/displayblackboard/,Rustic Display Blackboard,,incabella-images\_site\IMG_0946.jpeg
https://www.incabella.co.uk/product/displayblackboard/,Rustic Display Blackboard,,incabella-images\_site\IMG_0946.jpeg
https://www.incabella.co.uk/product/displayblackboard/,Rustic Display Blackboard,,incabella-images\_site\lantern-wrope-hndl-h250x180mm-gls-grey.jpeg
https://www.incabella.co.uk/product/displayblackboard/,Rustic Display Blackboard,,incabella-images\_site\lantern-wrope-hndl-h250x180mm-gls-grey.jpeg
https://www.incabella.co.uk/product/displayblackboard/,Rustic Display Blackboard,,incabella-images\_site\IMG_E1342.jpg
https://www.incabella.co.uk/product/displayblackboard/,Rustic Display Blackboard,,incabella-images\_site\IMG_E1342.jpg
https://www.incabella.co.uk/product/displayblackboard/,Rustic Display Blackboard,,incabella-images\_site\clear-glass-hurricane-lantern.jpeg
https://www.incabella.co.uk/product/displayblackboard/,Rustic Display Blackboard,,incabella-images\_site\clear-glass-hurricane-lantern.jpeg
https://www.incabella.co.uk/product/displayblackboard/,Rustic Display Blackboard,,incabella-images\_site\IMG_1673.jpg
https://www.incabella.co.uk/product/displayblackboard/,Rustic Display Blackboard,,incabella-images\_site\IMG_1673-510x652@2x.jpg
https://www.incabella.co.uk/product/displayblackboard/,Rustic Display Blackboard,,incabella-images\_site\4600494.jpg
https://www.incabella.co.uk/product/displayblackboard/,Rustic Display Blackboard,,incabella-images\_site\4600494-114x145@2x.jpg
https://www.incabella.co.uk/product/displayblackboard/,Rustic Display Blackboard,,incabella-images\_site\IMG_1684.jpeg
https://www.incabella.co.uk/product/displayblackboard/,Rustic Display Blackboard,,incabella-images\_site\IMG_1684.jpeg
https://www.incabella.co.uk/product/displayblackboard/,Rustic Display Blackboard,,incabella-images\_site\621943C4-766A-4041-A514-A62C4C49CE51-1.jpeg
https://www.incabella.co.uk/product/displayblackboard/,Rustic Display Blackboard,,incabella-images\_site\621943C4-766A-4041-A514-A62C4C49CE51-1.jpeg
https://www.incabella.co.uk/product/displayblackboard/,Rustic Display Blackboard,,incabella-images\_site\IMG_3468.jpg
https://www.incabella.co.uk/product/displayblackboard/,Rustic Display Blackboard,,incabella-images\_site\IMG_3468-510x652@2x.jpg
https://www.incabella.co.uk/product/displayblackboard/,Rustic Display Blackboard,,incabella-images\_site\IMG_3464.jpg
https://www.incabella.co.uk/product/displayblackboard/,Rustic Display Blackboard,,incabella-images\_site\IMG_3464-510x652@2x.jpg
https://www.incabella.co.uk/product/displayblackboard/,Rustic Display Blackboard,,incabella-images\_site\IMG_7095.jpeg
https://www.incabella.co.uk/product/displayblackboard/,Rustic Display Blackboard,,incabella-images\_site\IMG_7095.jpeg
https://www.incabella.co.uk/product/displayblackboard/,Rustic Display Blackboard,,incabella-images\_site\6A9461D2-8C98-4412-BC65-4CDD37EF0A5D.jpeg
https://www.incabella.co.uk/product/displayblackboard/,Rustic Display Blackboard,,incabella-images\_site\6A9461D2-8C98-4412-BC65-4CDD37EF0A5D.jpeg
https://www.incabella.co.uk/product/displayblackboard/,Rustic Display Blackboard,,incabella-images\_site\IMG_7953.jpeg
https://www.incabella.co.uk/product/displayblackboard/,Rustic Display Blackboard,,incabella-images\_site\IMG_7953.jpeg
https://www.incabella.co.uk/product/displayblackboard/,Rustic Display Blackboard,,incabella-images\_site\873F2BAE-D7E1-4031-9F1F-6913BD571894.jpeg
https://www.incabella.co.uk/product/displayblackboard/,Rustic Display Blackboard,,incabella-images\_site\873F2BAE-D7E1-4031-9F1F-6913BD571894.jpeg
https://www.incabella.co.uk/product/displayblackboard/,Rustic Display Blackboard,,incabella-images\_site\IMG_7140.jpeg
https://www.incabella.co.uk/product/displayblackboard/,Rustic Display Blackboard,,incabella-images\_site\IMG_7140.jpeg
https://www.incabella.co.uk/product/displayblackboard/,Rustic Display Blackboard,,incabella-images\_site\0ECE9A96-8D21-45B5-99FA-412A2590D4A7.jpeg
https://www.incabella.co.uk/product/displayblackboard/,Rustic Display Blackboard,,incabella-images\_site\0ECE9A96-8D21-45B5-99FA-412A2590D4A7.jpeg
https://www.incabella.co.uk/product/displayblackboard/,Rustic Display Blackboard,,incabella-images\_site\Amy-David-88.jpg
https://www.incabella.co.uk/product/displayblackboard/,Rustic Display Blackboard,,incabella-images\_site\Amy-David-88.jpg
https://www.incabella.co.uk/product/displayblackboard/,Rustic Display Blackboard,,incabella-images\_site\Jayne-Chris-wedding-for-Lucy-0004.jpg
https://www.incabella.co.uk/product/displayblackboard/,Rustic Display Blackboard,,incabella-images\_site\Jayne-Chris-wedding-for-Lucy-0004.jpg
https://www.incabella.co.uk/product/displayblackboard/,Rustic Display Blackboard,,incabella-images\_site\IMG_4803.jpg
https://www.incabella.co.uk/product/displayblackboard/,Rustic Display Blackboard,,incabella-images\_site\IMG_4803-510x652@2x.jpg
https://www.incabella.co.uk/product/displayblackboard/,Rustic Display Blackboard,,incabella-images\_site\IMG_4803.jpg
https://www.incabella.co.uk/product/displayblackboard/,Rustic Display Blackboard,,incabella-images\_site\IMG_4803-510x652@2x.jpg
https://www.incabella.co.uk/product/displayblackboard/,Rustic Display Blackboard,,incabella-images\_site\2B86C02D-B992-47FD-8154-292F2FE7C354.jpeg
https://www.incabella.co.uk/product/displayblackboard/,Rustic Display Blackboard,,incabella-images\_site\2B86C02D-B992-47FD-8154-292F2FE7C354.jpeg
https://www.incabella.co.uk/product/displayblackboard/,Rustic Display Blackboard,,incabella-images\_site\2B86C02D-B992-47FD-8154-292F2FE7C354.jpeg
https://www.incabella.co.uk/product/displayblackboard/,Rustic Display Blackboard,,incabella-images\_site\2B86C02D-B992-47FD-8154-292F2FE7C354.jpeg
https://www.incabella.co.uk/product/displayblackboard/,Rustic Display Blackboard,,incabella-images\_site\5d6ad4c0-13bc-479b-8b50-cfe64523502e.jpeg
https://www.incabella.co.uk/product/displayblackboard/,Rustic Display Blackboard,,incabella-images\_site\5d6ad4c0-13bc-479b-8b50-cfe64523502e.jpeg
https://www.incabella.co.uk/product/displayblackboard/,Rustic Display Blackboard,,incabella-images\_site\fullsizeoutput_5ff9.jpeg
https://www.incabella.co.uk/product/displayblackboard/,Rustic Display Blackboard,,incabella-images\_site\fullsizeoutput_5ff9.jpeg
https://www.incabella.co.uk/product/displayblackboard/,Rustic Display Blackboard,,incabella-images\_site\IMG_2205.jpg
https://www.incabella.co.uk/product/displayblackboard/,Rustic Display Blackboard,,incabella-images\_site\IMG_2205-510x652@2x.jpg
https://www.incabella.co.uk/product/displayblackboard/,Rustic Display Blackboard,,incabella-images\_site\IMG_2203.jpg
https://www.incabella.co.uk/product/displayblackboard/,Rustic Display Blackboard,,incabella-images\_site\IMG_2203-510x652@2x.jpg
https://www.incabella.co.uk/product/displayblackboard/,Rustic Display Blackboard,,incabella-images\_site\IMG_7453.jpeg
https://www.incabella.co.uk/product/displayblackboard/,Rustic Display Blackboard,,incabella-images\_site\IMG_7453.jpeg
https://www.incabella.co.uk/product/displayblackboard/,Rustic Display Blackboard,,incabella-images\_site\image7.jpeg
https://www.incabella.co.uk/product/displayblackboard/,Rustic Display Blackboard,,incabella-images\_site\image7.jpeg
https://www.incabella.co.uk/product/displayblackboard/,Rustic Display Blackboard,,incabella-images\_site\IncaBella_logo_02.png
https://www.incabella.co.uk/product/sparkling-silver-t-light-small/,Sparkling Silver T-Light – Small,,incabella-images\_site\IncaBella_logo_02.png
https://www.incabella.co.uk/product/sparkling-silver-t-light-small/,Sparkling Silver T-Light – Small,,incabella-images\_site\Sparkling-Silver-T-Light-20000102-A_20765.jpeg
https://www.incabella.co.uk/product/sparkling-silver-t-light-small/,Sparkling Silver T-Light – Small,,incabella-images\_site\Sparkling-Silver-T-Light-20000102-A_20765.jpeg
https://www.incabella.co.uk/product/sparkling-silver-t-light-small/,Sparkling Silver T-Light – Small,,incabella-images\_site\Sparkling-Silver-T-Light-20000102-A_20765.jpeg
https://www.incabella.co.uk/product/sparkling-silver-t-light-small/,Sparkling Silver T-Light – Small,,incabella-images\_site\Sparkling-Silver-T-Light-Holder-IMG_4275.jpeg
https://www.incabella.co.uk/product/sparkling-silver-t-light-small/,Sparkling Silver T-Light – Small,,incabella-images\_site\Sparkling-Silver-T-Light-Holder-IMG_4275.jpeg
https://www.incabella.co.uk/product/sparkling-silver-t-light-small/,Sparkling Silver T-Light – Small,,incabella-images\_site\Sparkling-Silver-T-Light-Holder-IMG_4275.jpeg
https://www.incabella.co.uk/product/sparkling-silver-t-light-small/,Sparkling Silver T-Light – Small,,incabella-images\product_sparkling-silver-t-light-small\IMG_16771.jpg
https://www.incabella.co.uk/product/sparkling-silver-t-light-small/,Sparkling Silver T-Light – Small,,incabella-images\product_sparkling-silver-t-light-small\IMG_16771.jpg
https://www.incabella.co.uk/product/sparkling-silver-t-light-small/,Sparkling Silver T-Light – Small,,incabella-images\product_sparkling-silver-t-light-small\IMG_16771-510x652@2x.jpg
https://www.incabella.co.uk/product/sparkling-silver-t-light-small/,Sparkling Silver T-Light – Small,,incabella-images\_site\Sparkling-Silver-T-Light-20000102-A_20765.jpeg
https://www.incabella.co.uk/product/sparkling-silver-t-light-small/,Sparkling Silver T-Light – Small,,incabella-images\_site\Sparkling-Silver-T-Light-20000102-A_20765.jpeg
https://www.incabella.co.uk/product/sparkling-silver-t-light-small/,Sparkling Silver T-Light – Small,,incabella-images\_site\Sparkling-Silver-T-Light-Holder-IMG_4275.jpeg
https://www.incabella.co.uk/product/sparkling-silver-t-light-small/,Sparkling Silver T-Light – Small,,incabella-images\_site\Sparkling-Silver-T-Light-Holder-IMG_4275.jpeg
https://www.incabella.co.uk/product/sparkling-silver-t-light-small/,Sparkling Silver T-Light – Small,,incabella-images\product_sparkling-silver-t-light-small\IMG_16771.jpg
https://www.incabella.co.uk/product/sparkling-silver-t-light-small/,Sparkling Silver T-Light – Small,,incabella-images\product_sparkling-silver-t-light-small\IMG_16771-510x652@2x.jpg
https://www.incabella.co.uk/product/sparkling-silver-t-light-small/,Sparkling Silver T-Light – Small,,incabella-images\_site\IMG_E1342.jpg
https://www.incabella.co.uk/product/sparkling-silver-t-light-small/,Sparkling Silver T-Light – Small,,incabella-images\_site\IMG_E1342.jpg
https://www.incabella.co.uk/product/sparkling-silver-t-light-small/,Sparkling Silver T-Light – Small,,incabella-images\_site\clear-glass-hurricane-lantern.jpeg
https://www.incabella.co.uk/product/sparkling-silver-t-light-small/,Sparkling Silver T-Light – Small,,incabella-images\_site\clear-glass-hurricane-lantern.jpeg
https://www.incabella.co.uk/product/sparkling-silver-t-light-small/,Sparkling Silver T-Light – Small,,incabella-images\_site\IMG_0946.jpeg
https://www.incabella.co.uk/product/sparkling-silver-t-light-small/,Sparkling Silver T-Light – Small,,incabella-images\_site\IMG_0946.jpeg
https://www.incabella.co.uk/product/sparkling-silver-t-light-small/,Sparkling Silver T-Light – Small,,incabella-images\_site\lantern-wrope-hndl-h250x180mm-gls-grey.jpeg
https://www.incabella.co.uk/product/sparkling-silver-t-light-small/,Sparkling Silver T-Light – Small,,incabella-images\_site\lantern-wrope-hndl-h250x180mm-gls-grey.jpeg
https://www.incabella.co.uk/product/sparkling-silver-t-light-small/,Sparkling Silver T-Light – Small,,incabella-images\_site\image10.jpeg
https://www.incabella.co.uk/product/sparkling-silver-t-light-small/,Sparkling Silver T-Light – Small,,incabella-images\_site\image10.jpeg
https://www.incabella.co.uk/product/sparkling-silver-t-light-small/,Sparkling Silver T-Light – Small,,incabella-images\_site\20473090a409721a3a4007908b32130e.jpg
https://www.incabella.co.uk/product/sparkling-silver-t-light-small/,Sparkling Silver T-Light – Small,,incabella-images\_site\20473090a409721a3a4007908b32130e.jpg
https://www.incabella.co.uk/product/sparkling-silver-t-light-small/,Sparkling Silver T-Light – Small,,incabella-images\_site\IMG_1709.jpg
https://www.incabella.co.uk/product/sparkling-silver-t-light-small/,Sparkling Silver T-Light – Small,,incabella-images\_site\IMG_1709-510x652@2x.jpg
https://www.incabella.co.uk/product/sparkling-silver-t-light-small/,Sparkling Silver T-Light – Small,,incabella-images\_site\tlt-hld-wbells-h80mm-clr-gls.jpeg
https://www.incabella.co.uk/product/sparkling-silver-t-light-small/,Sparkling Silver T-Light – Small,,incabella-images\_site\tlt-hld-wbells-h80mm-clr-gls.jpeg
https://www.incabella.co.uk/product/sparkling-silver-t-light-small/,Sparkling Silver T-Light – Small,,incabella-images\_site\IMG_4217-e1615561069483.jpg
https://www.incabella.co.uk/product/sparkling-silver-t-light-small/,Sparkling Silver T-Light – Small,,incabella-images\_site\IMG_4217-e1615561069483.jpg
https://www.incabella.co.uk/product/sparkling-silver-t-light-small/,Sparkling Silver T-Light – Small,,incabella-images\_site\IMG_5159-e1615638036380.jpg
https://www.incabella.co.uk/product/sparkling-silver-t-light-small/,Sparkling Silver T-Light – Small,,incabella-images\_site\IMG_5159-e1615638036380.jpg
https://www.incabella.co.uk/product/sparkling-silver-t-light-small/,Sparkling Silver T-Light – Small,,incabella-images\_site\Sparkling-Silver-T-Light-20000102-A_20765.jpeg
https://www.incabella.co.uk/product/sparkling-silver-t-light-small/,Sparkling Silver T-Light – Small,,incabella-images\_site\Sparkling-Silver-T-Light-20000102-A_20765.jpeg
https://www.incabella.co.uk/product/sparkling-silver-t-light-small/,Sparkling Silver T-Light – Small,,incabella-images\_site\Sparkling-Silver-T-Light-Holder-IMG_4275.jpeg
https://www.incabella.co.uk/product/sparkling-silver-t-light-small/,Sparkling Silver T-Light – Small,,incabella-images\_site\Sparkling-Silver-T-Light-Holder-IMG_4275.jpeg
https://www.incabella.co.uk/product/sparkling-silver-t-light-small/,Sparkling Silver T-Light – Small,,incabella-images\_site\IMG_4803.jpg
https://www.incabella.co.uk/product/sparkling-silver-t-light-small/,Sparkling Silver T-Light – Small,,incabella-images\_site\IMG_4803-510x652@2x.jpg
https://www.incabella.co.uk/product/sparkling-silver-t-light-small/,Sparkling Silver T-Light – Small,,incabella-images\_site\IMG_4803.jpg
https://www.incabella.co.uk/product/sparkling-silver-t-light-small/,Sparkling Silver T-Light – Small,,incabella-images\_site\IMG_4803-510x652@2x.jpg
https://www.incabella.co.uk/product/sparkling-silver-t-light-small/,Sparkling Silver T-Light – Small,,incabella-images\_site\IMG_1970.jpg
https://www.incabella.co.uk/product/sparkling-silver-t-light-small/,Sparkling Silver T-Light – Small,,incabella-images\_site\IMG_1970-510x652@2x.jpg
https://www.incabella.co.uk/product/sparkling-silver-t-light-small/,Sparkling Silver T-Light – Small,,incabella-images\_site\Image-3.jpg
https://www.incabella.co.uk/product/sparkling-silver-t-light-small/,Sparkling Silver T-Light – Small,,incabella-images\_site\Image-3-510x652@2x.jpg
https://www.incabella.co.uk/product/sparkling-silver-t-light-small/,Sparkling Silver T-Light – Small,,incabella-images\_site\IMG_7095.jpeg
https://www.incabella.co.uk/product/sparkling-silver-t-light-small/,Sparkling Silver T-Light – Small,,incabella-images\_site\IMG_7095.jpeg
https://www.incabella.co.uk/product/sparkling-silver-t-light-small/,Sparkling Silver T-Light – Small,,incabella-images\_site\6A9461D2-8C98-4412-BC65-4CDD37EF0A5D.jpeg
https://www.incabella.co.uk/product/sparkling-silver-t-light-small/,Sparkling Silver T-Light – Small,,incabella-images\_site\6A9461D2-8C98-4412-BC65-4CDD37EF0A5D.jpeg
https://www.incabella.co.uk/product/sparkling-silver-t-light-small/,Sparkling Silver T-Light – Small,,incabella-images\_site\IMG_3512.jpg
https://www.incabella.co.uk/product/sparkling-silver-t-light-small/,Sparkling Silver T-Light – Small,,incabella-images\_site\IMG_3512-510x652@2x.jpg
https://www.incabella.co.uk/product/sparkling-silver-t-light-small/,Sparkling Silver T-Light – Small,,incabella-images\_site\IMG_2614.jpg
https://www.incabella.co.uk/product/sparkling-silver-t-light-small/,Sparkling Silver T-Light – Small,,incabella-images\_site\IMG_2614-510x652@2x.jpg
https://www.incabella.co.uk/product/sparkling-silver-t-light-small/,Sparkling Silver T-Light – Small,,incabella-images\_site\IMG_8203-e1549817586734.jpg
https://www.incabella.co.uk/product/sparkling-silver-t-light-small/,Sparkling Silver T-Light – Small,,incabella-images\_site\IMG_8203-e1549817586734.jpg
https://www.incabella.co.uk/product/sparkling-silver-t-light-small/,Sparkling Silver T-Light – Small,,incabella-images\_site\IMG_8203-e1549817586734.jpg
https://www.incabella.co.uk/product/sparkling-silver-t-light-small/,Sparkling Silver T-Light – Small,,incabella-images\_site\IMG_8203-e1549817586734.jpg
https://www.incabella.co.uk/product/sparkling-silver-t-light-small/,Sparkling Silver T-Light – Small,,incabella-images\_site\IMG_0545.jpeg
https://www.incabella.co.uk/product/sparkling-silver-t-light-small/,Sparkling Silver T-Light – Small,,incabella-images\_site\IMG_0545.jpeg
https://www.incabella.co.uk/product/sparkling-silver-t-light-small/,Sparkling Silver T-Light – Small,,incabella-images\_site\8327bd708a67d45dc7f6637f3e61ffa5.jpg
https://www.incabella.co.uk/product/sparkling-silver-t-light-small/,Sparkling Silver T-Light – Small,,incabella-images\_site\8327bd708a67d45dc7f6637f3e61ffa5.jpg
https://www.incabella.co.uk/product/sparkling-silver-t-light-small/,Sparkling Silver T-Light – Small,,incabella-images\_site\IMG_7450.jpeg
https://www.incabella.co.uk/product/sparkling-silver-t-light-small/,Sparkling Silver T-Light – Small,,incabella-images\_site\IMG_7450.jpeg
https://www.incabella.co.uk/product/sparkling-silver-t-light-small/,Sparkling Silver T-Light – Small,,incabella-images\_site\IMG_1085.jpg
https://www.incabella.co.uk/product/sparkling-silver-t-light-small/,Sparkling Silver T-Light – Small,,incabella-images\_site\IMG_1085-510x652@2x.jpg
https://www.incabella.co.uk/product/sparkling-silver-t-light-small/,Sparkling Silver T-Light – Small,,incabella-images\_site\25AB7D13-7599-412B-B88E-B43BB927A3F8.jpeg
https://www.incabella.co.uk/product/sparkling-silver-t-light-small/,Sparkling Silver T-Light – Small,,incabella-images\_site\25AB7D13-7599-412B-B88E-B43BB927A3F8.jpeg
https://www.incabella.co.uk/product/sparkling-silver-t-light-small/,Sparkling Silver T-Light – Small,,incabella-images\_site\IMG_4492.jpg
https://www.incabella.co.uk/product/sparkling-silver-t-light-small/,Sparkling Silver T-Light – Small,,incabella-images\_site\IMG_4492.jpg
https://www.incabella.co.uk/product/sparkling-silver-t-light-small/,Sparkling Silver T-Light – Small,,incabella-images\_site\IMG_1684.jpeg
https://www.incabella.co.uk/product/sparkling-silver-t-light-small/,Sparkling Silver T-Light – Small,,incabella-images\_site\IMG_1684.jpeg
https://www.incabella.co.uk/product/sparkling-silver-t-light-small/,Sparkling Silver T-Light – Small,,incabella-images\_site\621943C4-766A-4041-A514-A62C4C49CE51-1.jpeg
https://www.incabella.co.uk/product/sparkling-silver-t-light-small/,Sparkling Silver T-Light – Small,,incabella-images\_site\621943C4-766A-4041-A514-A62C4C49CE51-1.jpeg
https://www.incabella.co.uk/product/sparkling-silver-t-light-small/,Sparkling Silver T-Light – Small,,incabella-images\_site\Amy-David-88.jpg
https://www.incabella.co.uk/product/sparkling-silver-t-light-small/,Sparkling Silver T-Light – Small,,incabella-images\_site\Amy-David-88.jpg
https://www.incabella.co.uk/product/sparkling-silver-t-light-small/,Sparkling Silver T-Light – Small,,incabella-images\_site\Jayne-Chris-wedding-for-Lucy-0004.jpg
https://www.incabella.co.uk/product/sparkling-silver-t-light-small/,Sparkling Silver T-Light – Small,,incabella-images\_site\Jayne-Chris-wedding-for-Lucy-0004.jpg
https://www.incabella.co.uk/product/sparkling-silver-t-light-small/,Sparkling Silver T-Light – Small,,incabella-images\_site\IncaBella_logo_02.png
https://www.incabella.co.uk/product/sparkling-silver-t-light-large/,Sparkling Silver T-Light – Large,,incabella-images\_site\IncaBella_logo_02.png
https://www.incabella.co.uk/product/sparkling-silver-t-light-large/,Sparkling Silver T-Light – Large,,incabella-images\_site\Sparkling-Silver-T-Light-20000102-A_20765.jpeg
https://www.incabella.co.uk/product/sparkling-silver-t-light-large/,Sparkling Silver T-Light – Large,,incabella-images\_site\Sparkling-Silver-T-Light-20000102-A_20765.jpeg
https://www.incabella.co.uk/product/sparkling-silver-t-light-large/,Sparkling Silver T-Light – Large,,incabella-images\_site\Sparkling-Silver-T-Light-20000102-A_20765.jpeg
https://www.incabella.co.uk/product/sparkling-silver-t-light-large/,Sparkling Silver T-Light – Large,,incabella-images\_site\Sparkling-Silver-T-Light-Holder-IMG_4275.jpeg
https://www.incabella.co.uk/product/sparkling-silver-t-light-large/,Sparkling Silver T-Light – Large,,incabella-images\_site\Sparkling-Silver-T-Light-Holder-IMG_4275.jpeg
https://www.incabella.co.uk/product/sparkling-silver-t-light-large/,Sparkling Silver T-Light – Large,,incabella-images\_site\Sparkling-Silver-T-Light-Holder-IMG_4275.jpeg
https://www.incabella.co.uk/product/sparkling-silver-t-light-large/,Sparkling Silver T-Light – Large,,incabella-images\_site\Sparkling-Silver-T-Light-20000102-A_20765.jpeg
https://www.incabella.co.uk/product/sparkling-silver-t-light-large/,Sparkling Silver T-Light – Large,,incabella-images\_site\Sparkling-Silver-T-Light-20000102-A_20765.jpeg
https://www.incabella.co.uk/product/sparkling-silver-t-light-large/,Sparkling Silver T-Light – Large,,incabella-images\_site\Sparkling-Silver-T-Light-Holder-IMG_4275.jpeg
https://www.incabella.co.uk/product/sparkling-silver-t-light-large/,Sparkling Silver T-Light – Large,,incabella-images\_site\Sparkling-Silver-T-Light-Holder-IMG_4275.jpeg
https://www.incabella.co.uk/product/sparkling-silver-t-light-large/,Sparkling Silver T-Light – Large,,incabella-images\_site\IMG_1709.jpg
https://www.incabella.co.uk/product/sparkling-silver-t-light-large/,Sparkling Silver T-Light – Large,,incabella-images\_site\IMG_1709-510x652@2x.jpg
https://www.incabella.co.uk/product/sparkling-silver-t-light-large/,Sparkling Silver T-Light – Large,,incabella-images\_site\tlt-hld-wbells-h80mm-clr-gls.jpeg
https://www.incabella.co.uk/product/sparkling-silver-t-light-large/,Sparkling Silver T-Light – Large,,incabella-images\_site\tlt-hld-wbells-h80mm-clr-gls.jpeg
https://www.incabella.co.uk/product/sparkling-silver-t-light-large/,Sparkling Silver T-Light – Large,,incabella-images\_site\IMG_0946.jpeg
https://www.incabella.co.uk/product/sparkling-silver-t-light-large/,Sparkling Silver T-Light – Large,,incabella-images\_site\IMG_0946.jpeg
https://www.incabella.co.uk/product/sparkling-silver-t-light-large/,Sparkling Silver T-Light – Large,,incabella-images\_site\lantern-wrope-hndl-h250x180mm-gls-grey.jpeg
https://www.incabella.co.uk/product/sparkling-silver-t-light-large/,Sparkling Silver T-Light – Large,,incabella-images\_site\lantern-wrope-hndl-h250x180mm-gls-grey.jpeg
https://www.incabella.co.uk/product/sparkling-silver-t-light-large/,Sparkling Silver T-Light – Large,,incabella-images\_site\image10.jpeg
https://www.incabella.co.uk/product/sparkling-silver-t-light-large/,Sparkling Silver T-Light – Large,,incabella-images\_site\image10.jpeg
https://www.incabella.co.uk/product/sparkling-silver-t-light-large/,Sparkling Silver T-Light – Large,,incabella-images\_site\20473090a409721a3a4007908b32130e.jpg
https://www.incabella.co.uk/product/sparkling-silver-t-light-large/,Sparkling Silver T-Light – Large,,incabella-images\_site\20473090a409721a3a4007908b32130e.jpg
https://www.incabella.co.uk/product/sparkling-silver-t-light-large/,Sparkling Silver T-Light – Large,,incabella-images\_site\IMG_E1342.jpg
https://www.incabella.co.uk/product/sparkling-silver-t-light-large/,Sparkling Silver T-Light – Large,,incabella-images\_site\IMG_E1342.jpg
https://www.incabella.co.uk/product/sparkling-silver-t-light-large/,Sparkling Silver T-Light – Large,,incabella-images\_site\clear-glass-hurricane-lantern.jpeg
https://www.incabella.co.uk/product/sparkling-silver-t-light-large/,Sparkling Silver T-Light – Large,,incabella-images\_site\clear-glass-hurricane-lantern.jpeg
https://www.incabella.co.uk/product/sparkling-silver-t-light-large/,Sparkling Silver T-Light – Large,,incabella-images\_site\IMG_1970.jpg
https://www.incabella.co.uk/product/sparkling-silver-t-light-large/,Sparkling Silver T-Light – Large,,incabella-images\_site\IMG_1970-510x652@2x.jpg
https://www.incabella.co.uk/product/sparkling-silver-t-light-large/,Sparkling Silver T-Light – Large,,incabella-images\_site\Image-3.jpg
https://www.incabella.co.uk/product/sparkling-silver-t-light-large/,Sparkling Silver T-Light – Large,,incabella-images\_site\Image-3-510x652@2x.jpg
https://www.incabella.co.uk/product/sparkling-silver-t-light-large/,Sparkling Silver T-Light – Large,,incabella-images\_site\IMG_4217-e1615561069483.jpg
https://www.incabella.co.uk/product/sparkling-silver-t-light-large/,Sparkling Silver T-Light – Large,,incabella-images\_site\IMG_4217-e1615561069483.jpg
https://www.incabella.co.uk/product/sparkling-silver-t-light-large/,Sparkling Silver T-Light – Large,,incabella-images\_site\IMG_5159-e1615638036380.jpg
https://www.incabella.co.uk/product/sparkling-silver-t-light-large/,Sparkling Silver T-Light – Large,,incabella-images\_site\IMG_5159-e1615638036380.jpg
https://www.incabella.co.uk/product/sparkling-silver-t-light-large/,Sparkling Silver T-Light – Large,,incabella-images\_site\25AB7D13-7599-412B-B88E-B43BB927A3F8.jpeg
https://www.incabella.co.uk/product/sparkling-silver-t-light-large/,Sparkling Silver T-Light – Large,,incabella-images\_site\25AB7D13-7599-412B-B88E-B43BB927A3F8.jpeg
https://www.incabella.co.uk/product/sparkling-silver-t-light-large/,Sparkling Silver T-Light – Large,,incabella-images\_site\IMG_4492.jpg
https://www.incabella.co.uk/product/sparkling-silver-t-light-large/,Sparkling Silver T-Light – Large,,incabella-images\_site\IMG_4492.jpg
https://www.incabella.co.uk/product/sparkling-silver-t-light-large/,Sparkling Silver T-Light – Large,,incabella-images\_site\english-country-bunting.jpg
https://www.incabella.co.uk/product/sparkling-silver-t-light-large/,Sparkling Silver T-Light – Large,,incabella-images\_site\english-country-bunting-114x145@2x.jpg
https://www.incabella.co.uk/product/sparkling-silver-t-light-large/,Sparkling Silver T-Light – Large,,incabella-images\_site\english-country-bunting.jpg
https://www.incabella.co.uk/product/sparkling-silver-t-light-large/,Sparkling Silver T-Light – Large,,incabella-images\_site\english-country-bunting-114x145@2x.jpg
https://www.incabella.co.uk/product/sparkling-silver-t-light-large/,Sparkling Silver T-Light – Large,,incabella-images\_site\sana-storm-lantern.jpg
https://www.incabella.co.uk/product/sparkling-silver-t-light-large/,Sparkling Silver T-Light – Large,,incabella-images\_site\sana-storm-lantern.jpg
https://www.incabella.co.uk/product/sparkling-silver-t-light-large/,Sparkling Silver T-Light – Large,,incabella-images\_site\A-FS-S-FS-A-SANA-STORM-LANTERN-SQ-7.jpeg
https://www.incabella.co.uk/product/sparkling-silver-t-light-large/,Sparkling Silver T-Light – Large,,incabella-images\_site\A-FS-S-FS-A-SANA-STORM-LANTERN-SQ-7.jpeg
https://www.incabella.co.uk/product/sparkling-silver-t-light-large/,Sparkling Silver T-Light – Large,,incabella-images\_site\fullsizeoutput_50c2.jpeg
https://www.incabella.co.uk/product/sparkling-silver-t-light-large/,Sparkling Silver T-Light – Large,,incabella-images\_site\fullsizeoutput_50c2.jpeg
https://www.incabella.co.uk/product/sparkling-silver-t-light-large/,Sparkling Silver T-Light – Large,,incabella-images\_site\IMG_6448-e1520889491374.jpg
https://www.incabella.co.uk/product/sparkling-silver-t-light-large/,Sparkling Silver T-Light – Large,,incabella-images\_site\IMG_6448-e1520889491374.jpg
https://www.incabella.co.uk/product/sparkling-silver-t-light-large/,Sparkling Silver T-Light – Large,,incabella-images\_site\IMG_3468.jpg
https://www.incabella.co.uk/product/sparkling-silver-t-light-large/,Sparkling Silver T-Light – Large,,incabella-images\_site\IMG_3468-510x652@2x.jpg
https://www.incabella.co.uk/product/sparkling-silver-t-light-large/,Sparkling Silver T-Light – Large,,incabella-images\_site\IMG_3464.jpg
https://www.incabella.co.uk/product/sparkling-silver-t-light-large/,Sparkling Silver T-Light – Large,,incabella-images\_site\IMG_3464-510x652@2x.jpg
https://www.incabella.co.uk/product/sparkling-silver-t-light-large/,Sparkling Silver T-Light – Large,,incabella-images\_site\IMG_7140.jpeg
https://www.incabella.co.uk/product/sparkling-silver-t-light-large/,Sparkling Silver T-Light – Large,,incabella-images\_site\IMG_7140.jpeg
https://www.incabella.co.uk/product/sparkling-silver-t-light-large/,Sparkling Silver T-Light – Large,,incabella-images\_site\0ECE9A96-8D21-45B5-99FA-412A2590D4A7.jpeg
https://www.incabella.co.uk/product/sparkling-silver-t-light-large/,Sparkling Silver T-Light – Large,,incabella-images\_site\0ECE9A96-8D21-45B5-99FA-412A2590D4A7.jpeg
https://www.incabella.co.uk/product/sparkling-silver-t-light-large/,Sparkling Silver T-Light – Large,,incabella-images\_site\IMG_3120.jpg
https://www.incabella.co.uk/product/sparkling-silver-t-light-large/,Sparkling Silver T-Light – Large,,incabella-images\_site\IMG_3120-510x652@2x.jpg
https://www.incabella.co.uk/product/sparkling-silver-t-light-large/,Sparkling Silver T-Light – Large,,incabella-images\_site\IMG_3119.jpg
https://www.incabella.co.uk/product/sparkling-silver-t-light-large/,Sparkling Silver T-Light – Large,,incabella-images\_site\IMG_3119-510x652@2x.jpg
https://www.incabella.co.uk/product/sparkling-silver-t-light-large/,Sparkling Silver T-Light – Large,,incabella-images\_site\29329CBA-9791-4C5A-9FA8-1596D8E787E6.jpeg
https://www.incabella.co.uk/product/sparkling-silver-t-light-large/,Sparkling Silver T-Light – Large,,incabella-images\_site\29329CBA-9791-4C5A-9FA8-1596D8E787E6.jpeg
https://www.incabella.co.uk/product/sparkling-silver-t-light-large/,Sparkling Silver T-Light – Large,,incabella-images\_site\A7EF519C-3D41-4840-81D8-93E282E1606F.jpeg
https://www.incabella.co.uk/product/sparkling-silver-t-light-large/,Sparkling Silver T-Light – Large,,incabella-images\_site\A7EF519C-3D41-4840-81D8-93E282E1606F.jpeg
https://www.incabella.co.uk/product/sparkling-silver-t-light-large/,Sparkling Silver T-Light – Large,,incabella-images\_site\Image.jpg
https://www.incabella.co.uk/product/sparkling-silver-t-light-large/,Sparkling Silver T-Light – Large,,incabella-images\_site\Image.jpg
https://www.incabella.co.uk/product/sparkling-silver-t-light-large/,Sparkling Silver T-Light – Large,,incabella-images\_site\IMG_9301.jpg
https://www.incabella.co.uk/product/sparkling-silver-t-light-large/,Sparkling Silver T-Light – Large,,incabella-images\_site\IMG_9301-510x652@2x.jpg
https://www.incabella.co.uk/product/sparkling-silver-t-light-large/,Sparkling Silver T-Light – Large,,incabella-images\_site\5d6ad4c0-13bc-479b-8b50-cfe64523502e.jpeg
https://www.incabella.co.uk/product/sparkling-silver-t-light-large/,Sparkling Silver T-Light – Large,,incabella-images\_site\5d6ad4c0-13bc-479b-8b50-cfe64523502e.jpeg
https://www.incabella.co.uk/product/sparkling-silver-t-light-large/,Sparkling Silver T-Light – Large,,incabella-images\_site\fullsizeoutput_5ff9.jpeg
https://www.incabella.co.uk/product/sparkling-silver-t-light-large/,Sparkling Silver T-Light – Large,,incabella-images\_site\fullsizeoutput_5ff9.jpeg
https://www.incabella.co.uk/product/sparkling-silver-t-light-large/,Sparkling Silver T-Light – Large,,incabella-images\_site\IncaBella_logo_02.png
https://www.incabella.co.uk/product/medium-vintage-milk-churn/,Medium Vintage Milk Churn,,incabella-images\_site\IncaBella_logo_02.png
https://www.incabella.co.uk/product/medium-vintage-milk-churn/,Medium Vintage Milk Churn,,incabella-images\_site\IMG_4803.jpg
https://www.incabella.co.uk/product/medium-vintage-milk-churn/,Medium Vintage Milk Churn,,incabella-images\_site\IMG_4803.jpg
https://www.incabella.co.uk/product/medium-vintage-milk-churn/,Medium Vintage Milk Churn,,incabella-images\_site\IMG_4803-510x652@2x.jpg
https://www.incabella.co.uk/product/medium-vintage-milk-churn/,Medium Vintage Milk Churn,,incabella-images\_site\IMG_4803.jpg
https://www.incabella.co.uk/product/medium-vintage-milk-churn/,Medium Vintage Milk Churn,,incabella-images\_site\IMG_4803.jpg
https://www.incabella.co.uk/product/medium-vintage-milk-churn/,Medium Vintage Milk Churn,,incabella-images\_site\IMG_4803-510x652@2x.jpg
https://www.incabella.co.uk/product/medium-vintage-milk-churn/,Medium Vintage Milk Churn,,incabella-images\_site\IMG_4803.jpg
https://www.incabella.co.uk/product/medium-vintage-milk-churn/,Medium Vintage Milk Churn,,incabella-images\_site\IMG_4803-510x652@2x.jpg
https://www.incabella.co.uk/product/medium-vintage-milk-churn/,Medium Vintage Milk Churn,,incabella-images\_site\IMG_4803.jpg
https://www.incabella.co.uk/product/medium-vintage-milk-churn/,Medium Vintage Milk Churn,,incabella-images\_site\IMG_4803-510x652@2x.jpg
https://www.incabella.co.uk/product/medium-vintage-milk-churn/,Medium Vintage Milk Churn,,incabella-images\_site\image10.jpeg
https://www.incabella.co.uk/product/medium-vintage-milk-churn/,Medium Vintage Milk Churn,,incabella-images\_site\image10.jpeg
https://www.incabella.co.uk/product/medium-vintage-milk-churn/,Medium Vintage Milk Churn,,incabella-images\_site\20473090a409721a3a4007908b32130e.jpg
https://www.incabella.co.uk/product/medium-vintage-milk-churn/,Medium Vintage Milk Churn,,incabella-images\_site\20473090a409721a3a4007908b32130e.jpg
https://www.incabella.co.uk/product/medium-vintage-milk-churn/,Medium Vintage Milk Churn,,incabella-images\_site\IMG_1709.jpg
https://www.incabella.co.uk/product/medium-vintage-milk-churn/,Medium Vintage Milk Churn,,incabella-images\_site\IMG_1709-510x652@2x.jpg
https://www.incabella.co.uk/product/medium-vintage-milk-churn/,Medium Vintage Milk Churn,,incabella-images\_site\tlt-hld-wbells-h80mm-clr-gls.jpeg
https://www.incabella.co.uk/product/medium-vintage-milk-churn/,Medium Vintage Milk Churn,,incabella-images\_site\tlt-hld-wbells-h80mm-clr-gls.jpeg
https://www.incabella.co.uk/product/medium-vintage-milk-churn/,Medium Vintage Milk Churn,,incabella-images\_site\sana-storm-lantern.jpg
https://www.incabella.co.uk/product/medium-vintage-milk-churn/,Medium Vintage Milk Churn,,incabella-images\_site\sana-storm-lantern.jpg
https://www.incabella.co.uk/product/medium-vintage-milk-churn/,Medium Vintage Milk Churn,,incabella-images\_site\A-FS-S-FS-A-SANA-STORM-LANTERN-SQ-7.jpeg
https://www.incabella.co.uk/product/medium-vintage-milk-churn/,Medium Vintage Milk Churn,,incabella-images\_site\A-FS-S-FS-A-SANA-STORM-LANTERN-SQ-7.jpeg
https://www.incabella.co.uk/product/medium-vintage-milk-churn/,Medium Vintage Milk Churn,,incabella-images\_site\Sparkling-Silver-T-Light-20000102-A_20765.jpeg
https://www.incabella.co.uk/product/medium-vintage-milk-churn/,Medium Vintage Milk Churn,,incabella-images\_site\Sparkling-Silver-T-Light-20000102-A_20765.jpeg
https://www.incabella.co.uk/product/medium-vintage-milk-churn/,Medium Vintage Milk Churn,,incabella-images\_site\Sparkling-Silver-T-Light-Holder-IMG_4275.jpeg
https://www.incabella.co.uk/product/medium-vintage-milk-churn/,Medium Vintage Milk Churn,,incabella-images\_site\Sparkling-Silver-T-Light-Holder-IMG_4275.jpeg
https://www.incabella.co.uk/product/medium-vintage-milk-churn/,Medium Vintage Milk Churn,,incabella-images\_site\IMG_0946.jpeg
https://www.incabella.co.uk/product/medium-vintage-milk-churn/,Medium Vintage Milk Churn,,incabella-images\_site\IMG_0946.jpeg
https://www.incabella.co.uk/product/medium-vintage-milk-churn/,Medium Vintage Milk Churn,,incabella-images\_site\lantern-wrope-hndl-h250x180mm-gls-grey.jpeg
https://www.incabella.co.uk/product/medium-vintage-milk-churn/,Medium Vintage Milk Churn,,incabella-images\_site\lantern-wrope-hndl-h250x180mm-gls-grey.jpeg
https://www.incabella.co.uk/product/medium-vintage-milk-churn/,Medium Vintage Milk Churn,,incabella-images\_site\hanging-heart-tea-light-holder.jpeg
https://www.incabella.co.uk/product/medium-vintage-milk-churn/,Medium Vintage Milk Churn,,incabella-images\_site\hanging-heart-tea-light-holder.jpeg
https://www.incabella.co.uk/product/medium-vintage-milk-churn/,Medium Vintage Milk Churn,,incabella-images\_site\hanging-heart-tea-light-holder.jpeg
https://www.incabella.co.uk/product/medium-vintage-milk-churn/,Medium Vintage Milk Churn,,incabella-images\_site\hanging-heart-tea-light-holder.jpeg
https://www.incabella.co.uk/product/medium-vintage-milk-churn/,Medium Vintage Milk Churn,,incabella-images\_site\Sparkling-Silver-T-Light-20000102-A_20765.jpeg
https://www.incabella.co.uk/product/medium-vintage-milk-churn/,Medium Vintage Milk Churn,,incabella-images\_site\Sparkling-Silver-T-Light-20000102-A_20765.jpeg
https://www.incabella.co.uk/product/medium-vintage-milk-churn/,Medium Vintage Milk Churn,,incabella-images\_site\Sparkling-Silver-T-Light-Holder-IMG_4275.jpeg
https://www.incabella.co.uk/product/medium-vintage-milk-churn/,Medium Vintage Milk Churn,,incabella-images\_site\Sparkling-Silver-T-Light-Holder-IMG_4275.jpeg
https://www.incabella.co.uk/product/medium-vintage-milk-churn/,Medium Vintage Milk Churn,,incabella-images\_site\IMG_E1342.jpg
https://www.incabella.co.uk/product/medium-vintage-milk-churn/,Medium Vintage Milk Churn,,incabella-images\_site\IMG_E1342.jpg
https://www.incabella.co.uk/product/medium-vintage-milk-churn/,Medium Vintage Milk Churn,,incabella-images\_site\clear-glass-hurricane-lantern.jpeg
https://www.incabella.co.uk/product/medium-vintage-milk-churn/,Medium Vintage Milk Churn,,incabella-images\_site\clear-glass-hurricane-lantern.jpeg
https://www.incabella.co.uk/product/medium-vintage-milk-churn/,Medium Vintage Milk Churn,,incabella-images\_site\IMG_0442.jpg
https://www.incabella.co.uk/product/medium-vintage-milk-churn/,Medium Vintage Milk Churn,,incabella-images\_site\IMG_0442.jpg
https://www.incabella.co.uk/product/medium-vintage-milk-churn/,Medium Vintage Milk Churn,,incabella-images\_site\IMG_0454.jpg
https://www.incabella.co.uk/product/medium-vintage-milk-churn/,Medium Vintage Milk Churn,,incabella-images\_site\IMG_0454.jpg
https://www.incabella.co.uk/product/medium-vintage-milk-churn/,Medium Vintage Milk Churn,,incabella-images\_site\IMG_2205.jpg
https://www.incabella.co.uk/product/medium-vintage-milk-churn/,Medium Vintage Milk Churn,,incabella-images\_site\IMG_2205-510x652@2x.jpg
https://www.incabella.co.uk/product/medium-vintage-milk-churn/,Medium Vintage Milk Churn,,incabella-images\_site\IMG_2203.jpg
https://www.incabella.co.uk/product/medium-vintage-milk-churn/,Medium Vintage Milk Churn,,incabella-images\_site\IMG_2203-510x652@2x.jpg
https://www.incabella.co.uk/product/medium-vintage-milk-churn/,Medium Vintage Milk Churn,,incabella-images\_site\5d6ad4c0-13bc-479b-8b50-cfe64523502e.jpeg
https://www.incabella.co.uk/product/medium-vintage-milk-churn/,Medium Vintage Milk Churn,,incabella-images\_site\5d6ad4c0-13bc-479b-8b50-cfe64523502e.jpeg
https://www.incabella.co.uk/product/medium-vintage-milk-churn/,Medium Vintage Milk Churn,,incabella-images\_site\fullsizeoutput_5ff9.jpeg
https://www.incabella.co.uk/product/medium-vintage-milk-churn/,Medium Vintage Milk Churn,,incabella-images\_site\fullsizeoutput_5ff9.jpeg
https://www.incabella.co.uk/product/medium-vintage-milk-churn/,Medium Vintage Milk Churn,,incabella-images\_site\IMG_7953.jpeg
https://www.incabella.co.uk/product/medium-vintage-milk-churn/,Medium Vintage Milk Churn,,incabella-images\_site\IMG_7953.jpeg
https://www.incabella.co.uk/product/medium-vintage-milk-churn/,Medium Vintage Milk Churn,,incabella-images\_site\873F2BAE-D7E1-4031-9F1F-6913BD571894.jpeg
https://www.incabella.co.uk/product/medium-vintage-milk-churn/,Medium Vintage Milk Churn,,incabella-images\_site\873F2BAE-D7E1-4031-9F1F-6913BD571894.jpeg
https://www.incabella.co.uk/product/medium-vintage-milk-churn/,Medium Vintage Milk Churn,,incabella-images\_site\25AB7D13-7599-412B-B88E-B43BB927A3F8.jpeg
https://www.incabella.co.uk/product/medium-vintage-milk-churn/,Medium Vintage Milk Churn,,incabella-images\_site\25AB7D13-7599-412B-B88E-B43BB927A3F8.jpeg
https://www.incabella.co.uk/product/medium-vintage-milk-churn/,Medium Vintage Milk Churn,,incabella-images\_site\IMG_4492.jpg
https://www.incabella.co.uk/product/medium-vintage-milk-churn/,Medium Vintage Milk Churn,,incabella-images\_site\IMG_4492.jpg
https://www.incabella.co.uk/product/medium-vintage-milk-churn/,Medium Vintage Milk Churn,,incabella-images\_site\fullsizeoutput_50c2.jpeg
https://www.incabella.co.uk/product/medium-vintage-milk-churn/,Medium Vintage Milk Churn,,incabella-images\_site\fullsizeoutput_50c2.jpeg
https://www.incabella.co.uk/product/medium-vintage-milk-churn/,Medium Vintage Milk Churn,,incabella-images\_site\IMG_6448-e1520889491374.jpg
https://www.incabella.co.uk/product/medium-vintage-milk-churn/,Medium Vintage Milk Churn,,incabella-images\_site\IMG_6448-e1520889491374.jpg
https://www.incabella.co.uk/product/medium-vintage-milk-churn/,Medium Vintage Milk Churn,,incabella-images\_site\english-country-bunting.jpg
https://www.incabella.co.uk/product/medium-vintage-milk-churn/,Medium Vintage Milk Churn,,incabella-images\_site\english-country-bunting-114x145@2x.jpg
https://www.incabella.co.uk/product/medium-vintage-milk-churn/,Medium Vintage Milk Churn,,incabella-images\_site\english-country-bunting.jpg
https://www.incabella.co.uk/product/medium-vintage-milk-churn/,Medium Vintage Milk Churn,,incabella-images\_site\english-country-bunting-114x145@2x.jpg
https://www.incabella.co.uk/product/medium-vintage-milk-churn/,Medium Vintage Milk Churn,,incabella-images\_site\IMG_7453.jpeg
https://www.incabella.co.uk/product/medium-vintage-milk-churn/,Medium Vintage Milk Churn,,incabella-images\_site\IMG_7453.jpeg
https://www.incabella.co.uk/product/medium-vintage-milk-churn/,Medium Vintage Milk Churn,,incabella-images\_site\image7.jpeg
https://www.incabella.co.uk/product/medium-vintage-milk-churn/,Medium Vintage Milk Churn,,incabella-images\_site\image7.jpeg
https://www.incabella.co.uk/product/medium-vintage-milk-churn/,Medium Vintage Milk Churn,,incabella-images\_site\IMG_4217-e1615561069483.jpg
https://www.incabella.co.uk/product/medium-vintage-milk-churn/,Medium Vintage Milk Churn,,incabella-images\_site\IMG_4217-e1615561069483.jpg
https://www.incabella.co.uk/product/medium-vintage-milk-churn/,Medium Vintage Milk Churn,,incabella-images\_site\IMG_5159-e1615638036380.jpg
https://www.incabella.co.uk/product/medium-vintage-milk-churn/,Medium Vintage Milk Churn,,incabella-images\_site\IMG_5159-e1615638036380.jpg
https://www.incabella.co.uk/product/medium-vintage-milk-churn/,Medium Vintage Milk Churn,,incabella-images\_site\IMG_4163.jpg
https://www.incabella.co.uk/product/medium-vintage-milk-churn/,Medium Vintage Milk Churn,,incabella-images\_site\IMG_4163.jpg
https://www.incabella.co.uk/product/medium-vintage-milk-churn/,Medium Vintage Milk Churn,,incabella-images\_site\IMG_4162-e1517836473472.jpg
https://www.incabella.co.uk/product/medium-vintage-milk-churn/,Medium Vintage Milk Churn,,incabella-images\_site\IMG_4162-e1517836473472.jpg
https://www.incabella.co.uk/product/medium-vintage-milk-churn/,Medium Vintage Milk Churn,,incabella-images\_site\IMG_1158.jpg
https://www.incabella.co.uk/product/medium-vintage-milk-churn/,Medium Vintage Milk Churn,,incabella-images\_site\IMG_1158-190x243@2x.jpg
https://www.incabella.co.uk/product/medium-vintage-milk-churn/,Medium Vintage Milk Churn,,incabella-images\_site\IMG_3519.jpg
https://www.incabella.co.uk/product/medium-vintage-milk-churn/,Medium Vintage Milk Churn,,incabella-images\_site\IMG_3519-510x652@2x.jpg
https://www.incabella.co.uk/product/medium-vintage-milk-churn/,Medium Vintage Milk Churn,,incabella-images\_site\IMG_3750.jpg
https://www.incabella.co.uk/product/medium-vintage-milk-churn/,Medium Vintage Milk Churn,,incabella-images\_site\IMG_3750.jpg
https://www.incabella.co.uk/product/medium-vintage-milk-churn/,Medium Vintage Milk Churn,,incabella-images\_site\IMG_3812.jpg
https://www.incabella.co.uk/product/medium-vintage-milk-churn/,Medium Vintage Milk Churn,,incabella-images\_site\IMG_3812.jpg
https://www.incabella.co.uk/product/medium-vintage-milk-churn/,Medium Vintage Milk Churn,,incabella-images\_site\IncaBella_logo_02.png
https://www.incabella.co.uk/product/moroccanlantern/,Moroccan Lantern,,incabella-images\_site\IncaBella_logo_02.png
https://www.incabella.co.uk/product/moroccanlantern/,Moroccan Lantern,,incabella-images\_site\IMG_4217-e1615561069483.jpg
https://www.incabella.co.uk/product/moroccanlantern/,Moroccan Lantern,,incabella-images\_site\IMG_4217-e1615561069483.jpg
https://www.incabella.co.uk/product/moroccanlantern/,Moroccan Lantern,,incabella-images\_site\IMG_4217-e1615561069483.jpg
https://www.incabella.co.uk/product/moroccanlantern/,Moroccan Lantern,,incabella-images\_site\IMG_5159-e1615638036380.jpg
https://www.incabella.co.uk/product/moroccanlantern/,Moroccan Lantern,,incabella-images\_site\IMG_5159-e1615638036380.jpg
https://www.incabella.co.uk/product/moroccanlantern/,Moroccan Lantern,,incabella-images\_site\IMG_5159-e1615638036380.jpg
https://www.incabella.co.uk/product/moroccanlantern/,Moroccan Lantern,,incabella-images\_site\IMG_4217-e1615561069483.jpg
https://www.incabella.co.uk/product/moroccanlantern/,Moroccan Lantern,,incabella-images\_site\IMG_4217-e1615561069483.jpg
https://www.incabella.co.uk/product/moroccanlantern/,Moroccan Lantern,,incabella-images\_site\IMG_5159-e1615638036380.jpg
https://www.incabella.co.uk/product/moroccanlantern/,Moroccan Lantern,,incabella-images\_site\IMG_5159-e1615638036380.jpg
https://www.incabella.co.uk/product/moroccanlantern/,Moroccan Lantern,,incabella-images\_site\image10.jpeg
https://www.incabella.co.uk/product/moroccanlantern/,Moroccan Lantern,,incabella-images\_site\image10.jpeg
https://www.incabella.co.uk/product/moroccanlantern/,Moroccan Lantern,,incabella-images\_site\20473090a409721a3a4007908b32130e.jpg
https://www.incabella.co.uk/product/moroccanlantern/,Moroccan Lantern,,incabella-images\_site\20473090a409721a3a4007908b32130e.jpg
https://www.incabella.co.uk/product/moroccanlantern/,Moroccan Lantern,,incabella-images\_site\IMG_0946.jpeg
https://www.incabella.co.uk/product/moroccanlantern/,Moroccan Lantern,,incabella-images\_site\IMG_0946.jpeg
https://www.incabella.co.uk/product/moroccanlantern/,Moroccan Lantern,,incabella-images\_site\lantern-wrope-hndl-h250x180mm-gls-grey.jpeg
https://www.incabella.co.uk/product/moroccanlantern/,Moroccan Lantern,,incabella-images\_site\lantern-wrope-hndl-h250x180mm-gls-grey.jpeg
https://www.incabella.co.uk/product/moroccanlantern/,Moroccan Lantern,,incabella-images\_site\Sparkling-Silver-T-Light-20000102-A_20765.jpeg
https://www.incabella.co.uk/product/moroccanlantern/,Moroccan Lantern,,incabella-images\_site\Sparkling-Silver-T-Light-20000102-A_20765.jpeg
https://www.incabella.co.uk/product/moroccanlantern/,Moroccan Lantern,,incabella-images\_site\Sparkling-Silver-T-Light-Holder-IMG_4275.jpeg
https://www.incabella.co.uk/product/moroccanlantern/,Moroccan Lantern,,incabella-images\_site\Sparkling-Silver-T-Light-Holder-IMG_4275.jpeg
https://www.incabella.co.uk/product/moroccanlantern/,Moroccan Lantern,,incabella-images\_site\IMG_E1342.jpg
https://www.incabella.co.uk/product/moroccanlantern/,Moroccan Lantern,,incabella-images\_site\IMG_E1342.jpg
https://www.incabella.co.uk/product/moroccanlantern/,Moroccan Lantern,,incabella-images\_site\clear-glass-hurricane-lantern.jpeg
https://www.incabella.co.uk/product/moroccanlantern/,Moroccan Lantern,,incabella-images\_site\clear-glass-hurricane-lantern.jpeg
https://www.incabella.co.uk/product/moroccanlantern/,Moroccan Lantern,,incabella-images\_site\IMG_1709.jpg
https://www.incabella.co.uk/product/moroccanlantern/,Moroccan Lantern,,incabella-images\_site\IMG_1709-510x652@2x.jpg
https://www.incabella.co.uk/product/moroccanlantern/,Moroccan Lantern,,incabella-images\_site\tlt-hld-wbells-h80mm-clr-gls.jpeg
https://www.incabella.co.uk/product/moroccanlantern/,Moroccan Lantern,,incabella-images\_site\tlt-hld-wbells-h80mm-clr-gls.jpeg
https://www.incabella.co.uk/product/moroccanlantern/,Moroccan Lantern,,incabella-images\_site\Sparkling-Silver-T-Light-20000102-A_20765.jpeg
https://www.incabella.co.uk/product/moroccanlantern/,Moroccan Lantern,,incabella-images\_site\Sparkling-Silver-T-Light-20000102-A_20765.jpeg
https://www.incabella.co.uk/product/moroccanlantern/,Moroccan Lantern,,incabella-images\_site\Sparkling-Silver-T-Light-Holder-IMG_4275.jpeg
https://www.incabella.co.uk/product/moroccanlantern/,Moroccan Lantern,,incabella-images\_site\Sparkling-Silver-T-Light-Holder-IMG_4275.jpeg
https://www.incabella.co.uk/product/moroccanlantern/,Moroccan Lantern,,incabella-images\_site\25AB7D13-7599-412B-B88E-B43BB927A3F8.jpeg
https://www.incabella.co.uk/product/moroccanlantern/,Moroccan Lantern,,incabella-images\_site\25AB7D13-7599-412B-B88E-B43BB927A3F8.jpeg
https://www.incabella.co.uk/product/moroccanlantern/,Moroccan Lantern,,incabella-images\_site\IMG_4492.jpg
https://www.incabella.co.uk/product/moroccanlantern/,Moroccan Lantern,,incabella-images\_site\IMG_4492.jpg
https://www.incabella.co.uk/product/moroccanlantern/,Moroccan Lantern,,incabella-images\_site\IMG_1970.jpg
https://www.incabella.co.uk/product/moroccanlantern/,Moroccan Lantern,,incabella-images\_site\IMG_1970-510x652@2x.jpg
https://www.incabella.co.uk/product/moroccanlantern/,Moroccan Lantern,,incabella-images\_site\Image-3.jpg
https://www.incabella.co.uk/product/moroccanlantern/,Moroccan Lantern,,incabella-images\_site\Image-3-510x652@2x.jpg
https://www.incabella.co.uk/product/moroccanlantern/,Moroccan Lantern,,incabella-images\_site\IMG_7095.jpeg
https://www.incabella.co.uk/product/moroccanlantern/,Moroccan Lantern,,incabella-images\_site\IMG_7095.jpeg
https://www.incabella.co.uk/product/moroccanlantern/,Moroccan Lantern,,incabella-images\_site\6A9461D2-8C98-4412-BC65-4CDD37EF0A5D.jpeg
https://www.incabella.co.uk/product/moroccanlantern/,Moroccan Lantern,,incabella-images\_site\6A9461D2-8C98-4412-BC65-4CDD37EF0A5D.jpeg
https://www.incabella.co.uk/product/moroccanlantern/,Moroccan Lantern,,incabella-images\_site\fullsizeoutput_50c2.jpeg
https://www.incabella.co.uk/product/moroccanlantern/,Moroccan Lantern,,incabella-images\_site\fullsizeoutput_50c2.jpeg
https://www.incabella.co.uk/product/moroccanlantern/,Moroccan Lantern,,incabella-images\_site\IMG_6448-e1520889491374.jpg
https://www.incabella.co.uk/product/moroccanlantern/,Moroccan Lantern,,incabella-images\_site\IMG_6448-e1520889491374.jpg
https://www.incabella.co.uk/product/moroccanlantern/,Moroccan Lantern,,incabella-images\_site\IMG_8203-e1549817586734.jpg
https://www.incabella.co.uk/product/moroccanlantern/,Moroccan Lantern,,incabella-images\_site\IMG_8203-e1549817586734.jpg
https://www.incabella.co.uk/product/moroccanlantern/,Moroccan Lantern,,incabella-images\_site\IMG_8203-e1549817586734.jpg
https://www.incabella.co.uk/product/moroccanlantern/,Moroccan Lantern,,incabella-images\_site\IMG_8203-e1549817586734.jpg
https://www.incabella.co.uk/product/moroccanlantern/,Moroccan Lantern,,incabella-images\_site\IMG_3512.jpg
https://www.incabella.co.uk/product/moroccanlantern/,Moroccan Lantern,,incabella-images\_site\IMG_3512-510x652@2x.jpg
https://www.incabella.co.uk/product/moroccanlantern/,Moroccan Lantern,,incabella-images\_site\IMG_2614.jpg
https://www.incabella.co.uk/product/moroccanlantern/,Moroccan Lantern,,incabella-images\_site\IMG_2614-510x652@2x.jpg
https://www.incabella.co.uk/product/moroccanlantern/,Moroccan Lantern,,incabella-images\_site\EL-ES-APR-2022-0358.jpeg
https://www.incabella.co.uk/product/moroccanlantern/,Moroccan Lantern,,incabella-images\_site\EL-ES-APR-2022-0358.jpeg
https://www.incabella.co.uk/product/moroccanlantern/,Moroccan Lantern,,incabella-images\_site\31814EA0-7BDD-4917-9473-9F2F44BA7DBD.jpeg
https://www.incabella.co.uk/product/moroccanlantern/,Moroccan Lantern,,incabella-images\_site\31814EA0-7BDD-4917-9473-9F2F44BA7DBD.jpeg
https://www.incabella.co.uk/product/moroccanlantern/,Moroccan Lantern,,incabella-images\_site\IMG_0545.jpeg
https://www.incabella.co.uk/product/moroccanlantern/,Moroccan Lantern,,incabella-images\_site\IMG_0545.jpeg
https://www.incabella.co.uk/product/moroccanlantern/,Moroccan Lantern,,incabella-images\_site\8327bd708a67d45dc7f6637f3e61ffa5.jpg
https://www.incabella.co.uk/product/moroccanlantern/,Moroccan Lantern,,incabella-images\_site\8327bd708a67d45dc7f6637f3e61ffa5.jpg
https://www.incabella.co.uk/product/moroccanlantern/,Moroccan Lantern,,incabella-images\_site\IMG_4803.jpg
https://www.incabella.co.uk/product/moroccanlantern/,Moroccan Lantern,,incabella-images\_site\IMG_4803-510x652@2x.jpg
https://www.incabella.co.uk/product/moroccanlantern/,Moroccan Lantern,,incabella-images\_site\IMG_4803.jpg
https://www.incabella.co.uk/product/moroccanlantern/,Moroccan Lantern,,incabella-images\_site\IMG_4803-510x652@2x.jpg
https://www.incabella.co.uk/product/moroccanlantern/,Moroccan Lantern,,incabella-images\_site\IMG_7450.jpeg
https://www.incabella.co.uk/product/moroccanlantern/,Moroccan Lantern,,incabella-images\_site\IMG_7450.jpeg
https://www.incabella.co.uk/product/moroccanlantern/,Moroccan Lantern,,incabella-images\_site\IMG_1085.jpg
https://www.incabella.co.uk/product/moroccanlantern/,Moroccan Lantern,,incabella-images\_site\IMG_1085-510x652@2x.jpg
https://www.incabella.co.uk/product/moroccanlantern/,Moroccan Lantern,,incabella-images\_site\IMG_2205.jpg
https://www.incabella.co.uk/product/moroccanlantern/,Moroccan Lantern,,incabella-images\_site\IMG_2205-510x652@2x.jpg
https://www.incabella.co.uk/product/moroccanlantern/,Moroccan Lantern,,incabella-images\_site\IMG_2203.jpg
https://www.incabella.co.uk/product/moroccanlantern/,Moroccan Lantern,,incabella-images\_site\IMG_2203-510x652@2x.jpg
https://www.incabella.co.uk/product/moroccanlantern/,Moroccan Lantern,,incabella-images\_site\IMG_1684.jpeg
https://www.incabella.co.uk/product/moroccanlantern/,Moroccan Lantern,,incabella-images\_site\IMG_1684.jpeg
https://www.incabella.co.uk/product/moroccanlantern/,Moroccan Lantern,,incabella-images\_site\621943C4-766A-4041-A514-A62C4C49CE51-1.jpeg
https://www.incabella.co.uk/product/moroccanlantern/,Moroccan Lantern,,incabella-images\_site\621943C4-766A-4041-A514-A62C4C49CE51-1.jpeg
https://www.incabella.co.uk/product/moroccanlantern/,Moroccan Lantern,,incabella-images\_site\IncaBella_logo_02.png
https://www.incabella.co.uk/product/sweetjars/,Sweet Jars,,incabella-images\_site\IncaBella_logo_02.png
https://www.incabella.co.uk/product/sweetjars/,Sweet Jars,,incabella-images\_site\IMG_3120.jpg
https://www.incabella.co.uk/product/sweetjars/,Sweet Jars,,incabella-images\_site\IMG_3120.jpg
https://www.incabella.co.uk/product/sweetjars/,Sweet Jars,,incabella-images\_site\IMG_3120-510x652@2x.jpg
https://www.incabella.co.uk/product/sweetjars/,Sweet Jars,,incabella-images\_site\IMG_3119.jpg
https://www.incabella.co.uk/product/sweetjars/,Sweet Jars,,incabella-images\_site\IMG_3119.jpg
https://www.incabella.co.uk/product/sweetjars/,Sweet Jars,,incabella-images\_site\IMG_3119-510x652@2x.jpg
https://www.incabella.co.uk/product/sweetjars/,Sweet Jars,,incabella-images\product_sweetjars\CPT115.jpg
https://www.incabella.co.uk/product/sweetjars/,Sweet Jars,,incabella-images\product_sweetjars\CPT115.jpg
https://www.incabella.co.uk/product/sweetjars/,Sweet Jars,,incabella-images\product_sweetjars\CPT115.jpg
https://www.incabella.co.uk/product/sweetjars/,Sweet Jars,,incabella-images\_site\IMG_3120.jpg
https://www.incabella.co.uk/product/sweetjars/,Sweet Jars,,incabella-images\_site\IMG_3120-510x652@2x.jpg
https://www.incabella.co.uk/product/sweetjars/,Sweet Jars,,incabella-images\_site\IMG_3119.jpg
https://www.incabella.co.uk/product/sweetjars/,Sweet Jars,,incabella-images\_site\IMG_3119-510x652@2x.jpg
https://www.incabella.co.uk/product/sweetjars/,Sweet Jars,,incabella-images\product_sweetjars\CPT115.jpg
https://www.incabella.co.uk/product/sweetjars/,Sweet Jars,,incabella-images\product_sweetjars\CPT115.jpg
https://www.incabella.co.uk/product/sweetjars/,Sweet Jars,,incabella-images\_site\IMG_1709.jpg
https://www.incabella.co.uk/product/sweetjars/,Sweet Jars,,incabella-images\_site\IMG_1709-510x652@2x.jpg
https://www.incabella.co.uk/product/sweetjars/,Sweet Jars,,incabella-images\_site\tlt-hld-wbells-h80mm-clr-gls.jpeg
https://www.incabella.co.uk/product/sweetjars/,Sweet Jars,,incabella-images\_site\tlt-hld-wbells-h80mm-clr-gls.jpeg
https://www.incabella.co.uk/product/sweetjars/,Sweet Jars,,incabella-images\_site\image10.jpeg
https://www.incabella.co.uk/product/sweetjars/,Sweet Jars,,incabella-images\_site\image10.jpeg
https://www.incabella.co.uk/product/sweetjars/,Sweet Jars,,incabella-images\_site\20473090a409721a3a4007908b32130e.jpg
https://www.incabella.co.uk/product/sweetjars/,Sweet Jars,,incabella-images\_site\20473090a409721a3a4007908b32130e.jpg
https://www.incabella.co.uk/product/sweetjars/,Sweet Jars,,incabella-images\_site\IMG_0946.jpeg
https://www.incabella.co.uk/product/sweetjars/,Sweet Jars,,incabella-images\_site\IMG_0946.jpeg
https://www.incabella.co.uk/product/sweetjars/,Sweet Jars,,incabella-images\_site\lantern-wrope-hndl-h250x180mm-gls-grey.jpeg
https://www.incabella.co.uk/product/sweetjars/,Sweet Jars,,incabella-images\_site\lantern-wrope-hndl-h250x180mm-gls-grey.jpeg
https://www.incabella.co.uk/product/sweetjars/,Sweet Jars,,incabella-images\_site\sana-storm-lantern.jpg
https://www.incabella.co.uk/product/sweetjars/,Sweet Jars,,incabella-images\_site\sana-storm-lantern.jpg
https://www.incabella.co.uk/product/sweetjars/,Sweet Jars,,incabella-images\_site\A-FS-S-FS-A-SANA-STORM-LANTERN-SQ-7.jpeg
https://www.incabella.co.uk/product/sweetjars/,Sweet Jars,,incabella-images\_site\A-FS-S-FS-A-SANA-STORM-LANTERN-SQ-7.jpeg
https://www.incabella.co.uk/product/sweetjars/,Sweet Jars,,incabella-images\_site\Sparkling-Silver-T-Light-20000102-A_20765.jpeg
https://www.incabella.co.uk/product/sweetjars/,Sweet Jars,,incabella-images\_site\Sparkling-Silver-T-Light-20000102-A_20765.jpeg
https://www.incabella.co.uk/product/sweetjars/,Sweet Jars,,incabella-images\_site\Sparkling-Silver-T-Light-Holder-IMG_4275.jpeg
https://www.incabella.co.uk/product/sweetjars/,Sweet Jars,,incabella-images\_site\Sparkling-Silver-T-Light-Holder-IMG_4275.jpeg
https://www.incabella.co.uk/product/sweetjars/,Sweet Jars,,incabella-images\_site\Sparkling-Silver-T-Light-20000102-A_20765.jpeg
https://www.incabella.co.uk/product/sweetjars/,Sweet Jars,,incabella-images\_site\Sparkling-Silver-T-Light-20000102-A_20765.jpeg
https://www.incabella.co.uk/product/sweetjars/,Sweet Jars,,incabella-images\_site\Sparkling-Silver-T-Light-Holder-IMG_4275.jpeg
https://www.incabella.co.uk/product/sweetjars/,Sweet Jars,,incabella-images\_site\Sparkling-Silver-T-Light-Holder-IMG_4275.jpeg
https://www.incabella.co.uk/product/sweetjars/,Sweet Jars,,incabella-images\_site\hanging-heart-tea-light-holder.jpeg
https://www.incabella.co.uk/product/sweetjars/,Sweet Jars,,incabella-images\_site\hanging-heart-tea-light-holder.jpeg
https://www.incabella.co.uk/product/sweetjars/,Sweet Jars,,incabella-images\_site\hanging-heart-tea-light-holder.jpeg
https://www.incabella.co.uk/product/sweetjars/,Sweet Jars,,incabella-images\_site\hanging-heart-tea-light-holder.jpeg
https://www.incabella.co.uk/product/sweetjars/,Sweet Jars,,incabella-images\_site\IMG_4163.jpg
https://www.incabella.co.uk/product/sweetjars/,Sweet Jars,,incabella-images\_site\IMG_4163.jpg
https://www.incabella.co.uk/product/sweetjars/,Sweet Jars,,incabella-images\_site\IMG_4162-e1517836473472.jpg
https://www.incabella.co.uk/product/sweetjars/,Sweet Jars,,incabella-images\_site\IMG_4162-e1517836473472.jpg
https://www.incabella.co.uk/product/sweetjars/,Sweet Jars,,incabella-images\_site\IMG_7140.jpeg
https://www.incabella.co.uk/product/sweetjars/,Sweet Jars,,incabella-images\_site\IMG_7140.jpeg
https://www.incabella.co.uk/product/sweetjars/,Sweet Jars,,incabella-images\_site\0ECE9A96-8D21-45B5-99FA-412A2590D4A7.jpeg
https://www.incabella.co.uk/product/sweetjars/,Sweet Jars,,incabella-images\_site\0ECE9A96-8D21-45B5-99FA-412A2590D4A7.jpeg
https://www.incabella.co.uk/product/sweetjars/,Sweet Jars,,incabella-images\_site\IMG_1684.jpeg
https://www.incabella.co.uk/product/sweetjars/,Sweet Jars,,incabella-images\_site\IMG_1684.jpeg
https://www.incabella.co.uk/product/sweetjars/,Sweet Jars,,incabella-images\_site\621943C4-766A-4041-A514-A62C4C49CE51-1.jpeg
https://www.incabella.co.uk/product/sweetjars/,Sweet Jars,,incabella-images\_site\621943C4-766A-4041-A514-A62C4C49CE51-1.jpeg
https://www.incabella.co.uk/product/sweetjars/,Sweet Jars,,incabella-images\_site\IMG_7953.jpeg
https://www.incabella.co.uk/product/sweetjars/,Sweet Jars,,incabella-images\_site\IMG_7953.jpeg
https://www.incabella.co.uk/product/sweetjars/,Sweet Jars,,incabella-images\_site\873F2BAE-D7E1-4031-9F1F-6913BD571894.jpeg
https://www.incabella.co.uk/product/sweetjars/,Sweet Jars,,incabella-images\_site\873F2BAE-D7E1-4031-9F1F-6913BD571894.jpeg
https://www.incabella.co.uk/product/sweetjars/,Sweet Jars,,incabella-images\_site\IMG_1970.jpg
https://www.incabella.co.uk/product/sweetjars/,Sweet Jars,,incabella-images\_site\IMG_1970-510x652@2x.jpg
https://www.incabella.co.uk/product/sweetjars/,Sweet Jars,,incabella-images\_site\Image-3.jpg
https://www.incabella.co.uk/product/sweetjars/,Sweet Jars,,incabella-images\_site\Image-3-510x652@2x.jpg
https://www.incabella.co.uk/product/sweetjars/,Sweet Jars,,incabella-images\_site\english-country-bunting.jpg
https://www.incabella.co.uk/product/sweetjars/,Sweet Jars,,incabella-images\_site\english-country-bunting-114x145@2x.jpg
https://www.incabella.co.uk/product/sweetjars/,Sweet Jars,,incabella-images\_site\english-country-bunting.jpg
https://www.incabella.co.uk/product/sweetjars/,Sweet Jars,,incabella-images\_site\english-country-bunting-114x145@2x.jpg
https://www.incabella.co.uk/product/sweetjars/,Sweet Jars,,incabella-images\_site\IMG_4803.jpg
https://www.incabella.co.uk/product/sweetjars/,Sweet Jars,,incabella-images\_site\IMG_4803-510x652@2x.jpg
https://www.incabella.co.uk/product/sweetjars/,Sweet Jars,,incabella-images\_site\IMG_4803.jpg
https://www.incabella.co.uk/product/sweetjars/,Sweet Jars,,incabella-images\_site\IMG_4803-510x652@2x.jpg
https://www.incabella.co.uk/product/sweetjars/,Sweet Jars,,incabella-images\_site\IMG_2205.jpg
https://www.incabella.co.uk/product/sweetjars/,Sweet Jars,,incabella-images\_site\IMG_2205-510x652@2x.jpg
https://www.incabella.co.uk/product/sweetjars/,Sweet Jars,,incabella-images\_site\IMG_2203.jpg
https://www.incabella.co.uk/product/sweetjars/,Sweet Jars,,incabella-images\_site\IMG_2203-510x652@2x.jpg
https://www.incabella.co.uk/product/sweetjars/,Sweet Jars,,incabella-images\_site\IMG_7453.jpeg
https://www.incabella.co.uk/product/sweetjars/,Sweet Jars,,incabella-images\_site\IMG_7453.jpeg
https://www.incabella.co.uk/product/sweetjars/,Sweet Jars,,incabella-images\_site\image7.jpeg
https://www.incabella.co.uk/product/sweetjars/,Sweet Jars,,incabella-images\_site\image7.jpeg
https://www.incabella.co.uk/product/sweetjars/,Sweet Jars,,incabella-images\_site\IMG_1673.jpg
https://www.incabella.co.uk/product/sweetjars/,Sweet Jars,,incabella-images\_site\IMG_1673-510x652@2x.jpg
https://www.incabella.co.uk/product/sweetjars/,Sweet Jars,,incabella-images\_site\4600494.jpg
https://www.incabella.co.uk/product/sweetjars/,Sweet Jars,,incabella-images\_site\4600494-114x145@2x.jpg
https://www.incabella.co.uk/product/sweetjars/,Sweet Jars,,incabella-images\_site\DSC_2443-600x398_c.jpg
https://www.incabella.co.uk/product/sweetjars/,Sweet Jars,,incabella-images\_site\DSC_2443-600x398_c-114x145@2x.jpg
https://www.incabella.co.uk/product/sweetjars/,Sweet Jars,,incabella-images\_site\IMG_1713.jpg
https://www.incabella.co.uk/product/sweetjars/,Sweet Jars,,incabella-images\_site\IMG_1713-510x652@2x.jpg
https://www.incabella.co.uk/product/sweetjars/,Sweet Jars,,incabella-images\_site\IMG_3468.jpg
https://www.incabella.co.uk/product/sweetjars/,Sweet Jars,,incabella-images\_site\IMG_3468-510x652@2x.jpg
https://www.incabella.co.uk/product/sweetjars/,Sweet Jars,,incabella-images\_site\IMG_3464.jpg
https://www.incabella.co.uk/product/sweetjars/,Sweet Jars,,incabella-images\_site\IMG_3464-510x652@2x.jpg
https://www.incabella.co.uk/product/sweetjars/,Sweet Jars,,incabella-images\_site\IncaBella_logo_02.png
https://www.incabella.co.uk/product/apple-crate-set-up/,Apple Crate Set-Up,,incabella-images\_site\IncaBella_logo_02.png
https://www.incabella.co.uk/product/apple-crate-set-up/,Apple Crate Set-Up,,incabella-images\_site\IMG_0442.jpg
https://www.incabella.co.uk/product/apple-crate-set-up/,Apple Crate Set-Up,,incabella-images\_site\IMG_0442.jpg
https://www.incabella.co.uk/product/apple-crate-set-up/,Apple Crate Set-Up,,incabella-images\_site\IMG_0442.jpg
https://www.incabella.co.uk/product/apple-crate-set-up/,Apple Crate Set-Up,,incabella-images\_site\IMG_0454.jpg
https://www.incabella.co.uk/product/apple-crate-set-up/,Apple Crate Set-Up,,incabella-images\_site\IMG_0454.jpg
https://www.incabella.co.uk/product/apple-crate-set-up/,Apple Crate Set-Up,,incabella-images\_site\IMG_0454.jpg
https://www.incabella.co.uk/product/apple-crate-set-up/,Apple Crate Set-Up,,incabella-images\product_apple-crate-set-up\IMG_7131-scaled.jpeg
https://www.incabella.co.uk/product/apple-crate-set-up/,Apple Crate Set-Up,,incabella-images\product_apple-crate-set-up\IMG_7131.jpeg
https://www.incabella.co.uk/product/apple-crate-set-up/,Apple Crate Set-Up,,incabella-images\product_apple-crate-set-up\IMG_7131.jpeg
https://www.incabella.co.uk/product/apple-crate-set-up/,Apple Crate Set-Up,,incabella-images\_site\IMG_0442.jpg
https://www.incabella.co.uk/product/apple-crate-set-up/,Apple Crate Set-Up,,incabella-images\_site\IMG_0442.jpg
https://www.incabella.co.uk/product/apple-crate-set-up/,Apple Crate Set-Up,,incabella-images\_site\IMG_0454.jpg
https://www.incabella.co.uk/product/apple-crate-set-up/,Apple Crate Set-Up,,incabella-images\_site\IMG_0454.jpg
https://www.incabella.co.uk/product/apple-crate-set-up/,Apple Crate Set-Up,,incabella-images\product_apple-crate-set-up\IMG_7131.jpeg
https://www.incabella.co.uk/product/apple-crate-set-up/,Apple Crate Set-Up,,incabella-images\product_apple-crate-set-up\IMG_7131.jpeg
https://www.incabella.co.uk/product/apple-crate-set-up/,Apple Crate Set-Up,,incabella-images\_site\IMG_0946.jpeg
https://www.incabella.co.uk/product/apple-crate-set-up/,Apple Crate Set-Up,,incabella-images\_site\IMG_0946.jpeg
https://www.incabella.co.uk/product/apple-crate-set-up/,Apple Crate Set-Up,,incabella-images\_site\lantern-wrope-hndl-h250x180mm-gls-grey.jpeg
https://www.incabella.co.uk/product/apple-crate-set-up/,Apple Crate Set-Up,,incabella-images\_site\lantern-wrope-hndl-h250x180mm-gls-grey.jpeg
https://www.incabella.co.uk/product/apple-crate-set-up/,Apple Crate Set-Up,,incabella-images\_site\IMG_E1342.jpg
https://www.incabella.co.uk/product/apple-crate-set-up/,Apple Crate Set-Up,,incabella-images\_site\IMG_E1342.jpg
https://www.incabella.co.uk/product/apple-crate-set-up/,Apple Crate Set-Up,,incabella-images\_site\clear-glass-hurricane-lantern.jpeg
https://www.incabella.co.uk/product/apple-crate-set-up/,Apple Crate Set-Up,,incabella-images\_site\clear-glass-hurricane-lantern.jpeg
https://www.incabella.co.uk/product/apple-crate-set-up/,Apple Crate Set-Up,,incabella-images\_site\sana-storm-lantern.jpg
https://www.incabella.co.uk/product/apple-crate-set-up/,Apple Crate Set-Up,,incabella-images\_site\sana-storm-lantern.jpg
https://www.incabella.co.uk/product/apple-crate-set-up/,Apple Crate Set-Up,,incabella-images\_site\A-FS-S-FS-A-SANA-STORM-LANTERN-SQ-7.jpeg
https://www.incabella.co.uk/product/apple-crate-set-up/,Apple Crate Set-Up,,incabella-images\_site\A-FS-S-FS-A-SANA-STORM-LANTERN-SQ-7.jpeg
https://www.incabella.co.uk/product/apple-crate-set-up/,Apple Crate Set-Up,,incabella-images\_site\image10.jpeg
https://www.incabella.co.uk/product/apple-crate-set-up/,Apple Crate Set-Up,,incabella-images\_site\image10.jpeg
https://www.incabella.co.uk/product/apple-crate-set-up/,Apple Crate Set-Up,,incabella-images\_site\20473090a409721a3a4007908b32130e.jpg
https://www.incabella.co.uk/product/apple-crate-set-up/,Apple Crate Set-Up,,incabella-images\_site\20473090a409721a3a4007908b32130e.jpg
https://www.incabella.co.uk/product/apple-crate-set-up/,Apple Crate Set-Up,,incabella-images\_site\IMG_1709.jpg
https://www.incabella.co.uk/product/apple-crate-set-up/,Apple Crate Set-Up,,incabella-images\_site\IMG_1709-510x652@2x.jpg
https://www.incabella.co.uk/product/apple-crate-set-up/,Apple Crate Set-Up,,incabella-images\_site\tlt-hld-wbells-h80mm-clr-gls.jpeg
https://www.incabella.co.uk/product/apple-crate-set-up/,Apple Crate Set-Up,,incabella-images\_site\tlt-hld-wbells-h80mm-clr-gls.jpeg
https://www.incabella.co.uk/product/apple-crate-set-up/,Apple Crate Set-Up,,incabella-images\_site\Sparkling-Silver-T-Light-20000102-A_20765.jpeg
https://www.incabella.co.uk/product/apple-crate-set-up/,Apple Crate Set-Up,,incabella-images\_site\Sparkling-Silver-T-Light-20000102-A_20765.jpeg
https://www.incabella.co.uk/product/apple-crate-set-up/,Apple Crate Set-Up,,incabella-images\_site\Sparkling-Silver-T-Light-Holder-IMG_4275.jpeg
https://www.incabella.co.uk/product/apple-crate-set-up/,Apple Crate Set-Up,,incabella-images\_site\Sparkling-Silver-T-Light-Holder-IMG_4275.jpeg
https://www.incabella.co.uk/product/apple-crate-set-up/,Apple Crate Set-Up,,incabella-images\_site\Sparkling-Silver-T-Light-20000102-A_20765.jpeg
https://www.incabella.co.uk/product/apple-crate-set-up/,Apple Crate Set-Up,,incabella-images\_site\Sparkling-Silver-T-Light-20000102-A_20765.jpeg
https://www.incabella.co.uk/product/apple-crate-set-up/,Apple Crate Set-Up,,incabella-images\_site\Sparkling-Silver-T-Light-Holder-IMG_4275.jpeg
https://www.incabella.co.uk/product/apple-crate-set-up/,Apple Crate Set-Up,,incabella-images\_site\Sparkling-Silver-T-Light-Holder-IMG_4275.jpeg
https://www.incabella.co.uk/product/apple-crate-set-up/,Apple Crate Set-Up,,incabella-images\_site\hanging-heart-tea-light-holder.jpeg
https://www.incabella.co.uk/product/apple-crate-set-up/,Apple Crate Set-Up,,incabella-images\_site\hanging-heart-tea-light-holder.jpeg
https://www.incabella.co.uk/product/apple-crate-set-up/,Apple Crate Set-Up,,incabella-images\_site\hanging-heart-tea-light-holder.jpeg
https://www.incabella.co.uk/product/apple-crate-set-up/,Apple Crate Set-Up,,incabella-images\_site\hanging-heart-tea-light-holder.jpeg
https://www.incabella.co.uk/product/apple-crate-set-up/,Apple Crate Set-Up,,incabella-images\_site\IMG_7450.jpeg
https://www.incabella.co.uk/product/apple-crate-set-up/,Apple Crate Set-Up,,incabella-images\_site\IMG_7450.jpeg
https://www.incabella.co.uk/product/apple-crate-set-up/,Apple Crate Set-Up,,incabella-images\_site\IMG_1085.jpg
https://www.incabella.co.uk/product/apple-crate-set-up/,Apple Crate Set-Up,,incabella-images\_site\IMG_1085-510x652@2x.jpg
https://www.incabella.co.uk/product/apple-crate-set-up/,Apple Crate Set-Up,,incabella-images\_site\IMG_1970.jpg
https://www.incabella.co.uk/product/apple-crate-set-up/,Apple Crate Set-Up,,incabella-images\_site\IMG_1970-510x652@2x.jpg
https://www.incabella.co.uk/product/apple-crate-set-up/,Apple Crate Set-Up,,incabella-images\_site\Image-3.jpg
https://www.incabella.co.uk/product/apple-crate-set-up/,Apple Crate Set-Up,,incabella-images\_site\Image-3-510x652@2x.jpg
https://www.incabella.co.uk/product/apple-crate-set-up/,Apple Crate Set-Up,,incabella-images\_site\IMG_4803.jpg
https://www.incabella.co.uk/product/apple-crate-set-up/,Apple Crate Set-Up,,incabella-images\_site\IMG_4803-510x652@2x.jpg
https://www.incabella.co.uk/product/apple-crate-set-up/,Apple Crate Set-Up,,incabella-images\_site\IMG_4803.jpg
https://www.incabella.co.uk/product/apple-crate-set-up/,Apple Crate Set-Up,,incabella-images\_site\IMG_4803-510x652@2x.jpg
https://www.incabella.co.uk/product/apple-crate-set-up/,Apple Crate Set-Up,,incabella-images\_site\5d6ad4c0-13bc-479b-8b50-cfe64523502e.jpeg
https://www.incabella.co.uk/product/apple-crate-set-up/,Apple Crate Set-Up,,incabella-images\_site\5d6ad4c0-13bc-479b-8b50-cfe64523502e.jpeg
https://www.incabella.co.uk/product/apple-crate-set-up/,Apple Crate Set-Up,,incabella-images\_site\fullsizeoutput_5ff9.jpeg
https://www.incabella.co.uk/product/apple-crate-set-up/,Apple Crate Set-Up,,incabella-images\_site\fullsizeoutput_5ff9.jpeg
https://www.incabella.co.uk/product/apple-crate-set-up/,Apple Crate Set-Up,,incabella-images\_site\IMG_5842-e1517833177128.jpg
https://www.incabella.co.uk/product/apple-crate-set-up/,Apple Crate Set-Up,,incabella-images\_site\IMG_5842-e1517833177128.jpg
https://www.incabella.co.uk/product/apple-crate-set-up/,Apple Crate Set-Up,,incabella-images\_site\IMG_5841-e1517832558639.jpg
https://www.incabella.co.uk/product/apple-crate-set-up/,Apple Crate Set-Up,,incabella-images\_site\IMG_5841-e1517832558639.jpg
https://www.incabella.co.uk/product/apple-crate-set-up/,Apple Crate Set-Up,,incabella-images\_site\IMG_1158.jpg
https://www.incabella.co.uk/product/apple-crate-set-up/,Apple Crate Set-Up,,incabella-images\_site\IMG_1158-190x243@2x.jpg
https://www.incabella.co.uk/product/apple-crate-set-up/,Apple Crate Set-Up,,incabella-images\_site\IMG_3519.jpg
https://www.incabella.co.uk/product/apple-crate-set-up/,Apple Crate Set-Up,,incabella-images\_site\IMG_3519-510x652@2x.jpg
https://www.incabella.co.uk/product/apple-crate-set-up/,Apple Crate Set-Up,,incabella-images\_site\IMG_7149.jpeg
https://www.incabella.co.uk/product/apple-crate-set-up/,Apple Crate Set-Up,,incabella-images\_site\IMG_7149.jpeg
https://www.incabella.co.uk/product/apple-crate-set-up/,Apple Crate Set-Up,,incabella-images\_site\E57C0BFC-9306-42C5-8AE4-7F77EFE434AA.jpeg
https://www.incabella.co.uk/product/apple-crate-set-up/,Apple Crate Set-Up,,incabella-images\_site\E57C0BFC-9306-42C5-8AE4-7F77EFE434AA.jpeg
https://www.incabella.co.uk/product/apple-crate-set-up/,Apple Crate Set-Up,,incabella-images\_site\fullsizeoutput_50c2.jpeg
https://www.incabella.co.uk/product/apple-crate-set-up/,Apple Crate Set-Up,,incabella-images\_site\fullsizeoutput_50c2.jpeg
https://www.incabella.co.uk/product/apple-crate-set-up/,Apple Crate Set-Up,,incabella-images\_site\IMG_6448-e1520889491374.jpg
https://www.incabella.co.uk/product/apple-crate-set-up/,Apple Crate Set-Up,,incabella-images\_site\IMG_6448-e1520889491374.jpg
https://www.incabella.co.uk/product/apple-crate-set-up/,Apple Crate Set-Up,,incabella-images\_site\EL-ES-APR-2022-0358.jpeg
https://www.incabella.co.uk/product/apple-crate-set-up/,Apple Crate Set-Up,,incabella-images\_site\EL-ES-APR-2022-0358.jpeg
https://www.incabella.co.uk/product/apple-crate-set-up/,Apple Crate Set-Up,,incabella-images\_site\31814EA0-7BDD-4917-9473-9F2F44BA7DBD.jpeg
https://www.incabella.co.uk/product/apple-crate-set-up/,Apple Crate Set-Up,,incabella-images\_site\31814EA0-7BDD-4917-9473-9F2F44BA7DBD.jpeg
https://www.incabella.co.uk/product/apple-crate-set-up/,Apple Crate Set-Up,,incabella-images\_site\IMG_7953.jpeg
https://www.incabella.co.uk/product/apple-crate-set-up/,Apple Crate Set-Up,,incabella-images\_site\IMG_7953.jpeg
https://www.incabella.co.uk/product/apple-crate-set-up/,Apple Crate Set-Up,,incabella-images\_site\873F2BAE-D7E1-4031-9F1F-6913BD571894.jpeg
https://www.incabella.co.uk/product/apple-crate-set-up/,Apple Crate Set-Up,,incabella-images\_site\873F2BAE-D7E1-4031-9F1F-6913BD571894.jpeg
https://www.incabella.co.uk/product/apple-crate-set-up/,Apple Crate Set-Up,,incabella-images\_site\2B86C02D-B992-47FD-8154-292F2FE7C354.jpeg
https://www.incabella.co.uk/product/apple-crate-set-up/,Apple Crate Set-Up,,incabella-images\_site\2B86C02D-B992-47FD-8154-292F2FE7C354.jpeg
https://www.incabella.co.uk/product/apple-crate-set-up/,Apple Crate Set-Up,,incabella-images\_site\2B86C02D-B992-47FD-8154-292F2FE7C354.jpeg
https://www.incabella.co.uk/product/apple-crate-set-up/,Apple Crate Set-Up,,incabella-images\_site\2B86C02D-B992-47FD-8154-292F2FE7C354.jpeg
https://www.incabella.co.uk/product/apple-crate-set-up/,Apple Crate Set-Up,,incabella-images\_site\Amy-David-88.jpg
https://www.incabella.co.uk/product/apple-crate-set-up/,Apple Crate Set-Up,,incabella-images\_site\Amy-David-88.jpg
https://www.incabella.co.uk/product/apple-crate-set-up/,Apple Crate Set-Up,,incabella-images\_site\Jayne-Chris-wedding-for-Lucy-0004.jpg
https://www.incabella.co.uk/product/apple-crate-set-up/,Apple Crate Set-Up,,incabella-images\_site\Jayne-Chris-wedding-for-Lucy-0004.jpg
https://www.incabella.co.uk/product/apple-crate-set-up/,Apple Crate Set-Up,,incabella-images\_site\IncaBella_logo_02.png
https://www.incabella.co.uk/product/large-vintage-milk-churn/,Large Vintage Milk Churn,,incabella-images\_site\IncaBella_logo_02.png
https://www.incabella.co.uk/product/large-vintage-milk-churn/,Large Vintage Milk Churn,,incabella-images\_site\Image.jpg
https://www.incabella.co.uk/product/large-vintage-milk-churn/,Large Vintage Milk Churn,,incabella-images\_site\Image.jpg
https://www.incabella.co.uk/product/large-vintage-milk-churn/,Large Vintage Milk Churn,,incabella-images\_site\Image.jpg
https://www.incabella.co.uk/product/large-vintage-milk-churn/,Large Vintage Milk Churn,,incabella-images\_site\IMG_9301.jpg
https://www.incabella.co.uk/product/large-vintage-milk-churn/,Large Vintage Milk Churn,,incabella-images\_site\IMG_9301.jpg
https://www.incabella.co.uk/product/large-vintage-milk-churn/,Large Vintage Milk Churn,,incabella-images\_site\IMG_9301-510x652@2x.jpg
https://www.incabella.co.uk/product/large-vintage-milk-churn/,Large Vintage Milk Churn,,incabella-images\_site\IMG_4803.jpg
https://www.incabella.co.uk/product/large-vintage-milk-churn/,Large Vintage Milk Churn,,incabella-images\_site\IMG_4803.jpg
https://www.incabella.co.uk/product/large-vintage-milk-churn/,Large Vintage Milk Churn,,incabella-images\_site\IMG_4803-510x652@2x.jpg
https://www.incabella.co.uk/product/large-vintage-milk-churn/,Large Vintage Milk Churn,,incabella-images\_site\Image.jpg
https://www.incabella.co.uk/product/large-vintage-milk-churn/,Large Vintage Milk Churn,,incabella-images\_site\Image.jpg
https://www.incabella.co.uk/product/large-vintage-milk-churn/,Large Vintage Milk Churn,,incabella-images\_site\IMG_9301.jpg
https://www.incabella.co.uk/product/large-vintage-milk-churn/,Large Vintage Milk Churn,,incabella-images\_site\IMG_9301-510x652@2x.jpg
https://www.incabella.co.uk/product/large-vintage-milk-churn/,Large Vintage Milk Churn,,incabella-images\_site\IMG_4803.jpg
https://www.incabella.co.uk/product/large-vintage-milk-churn/,Large Vintage Milk Churn,,incabella-images\_site\IMG_4803-510x652@2x.jpg
https://www.incabella.co.uk/product/large-vintage-milk-churn/,Large Vintage Milk Churn,,incabella-images\_site\IMG_0946.jpeg
https://www.incabella.co.uk/product/large-vintage-milk-churn/,Large Vintage Milk Churn,,incabella-images\_site\IMG_0946.jpeg
https://www.incabella.co.uk/product/large-vintage-milk-churn/,Large Vintage Milk Churn,,incabella-images\_site\lantern-wrope-hndl-h250x180mm-gls-grey.jpeg
https://www.incabella.co.uk/product/large-vintage-milk-churn/,Large Vintage Milk Churn,,incabella-images\_site\lantern-wrope-hndl-h250x180mm-gls-grey.jpeg
https://www.incabella.co.uk/product/large-vintage-milk-churn/,Large Vintage Milk Churn,,incabella-images\_site\hanging-heart-tea-light-holder.jpeg
https://www.incabella.co.uk/product/large-vintage-milk-churn/,Large Vintage Milk Churn,,incabella-images\_site\hanging-heart-tea-light-holder.jpeg
https://www.incabella.co.uk/product/large-vintage-milk-churn/,Large Vintage Milk Churn,,incabella-images\_site\hanging-heart-tea-light-holder.jpeg
https://www.incabella.co.uk/product/large-vintage-milk-churn/,Large Vintage Milk Churn,,incabella-images\_site\hanging-heart-tea-light-holder.jpeg
https://www.incabella.co.uk/product/large-vintage-milk-churn/,Large Vintage Milk Churn,,incabella-images\_site\IMG_1709.jpg
https://www.incabella.co.uk/product/large-vintage-milk-churn/,Large Vintage Milk Churn,,incabella-images\_site\IMG_1709-510x652@2x.jpg
https://www.incabella.co.uk/product/large-vintage-milk-churn/,Large Vintage Milk Churn,,incabella-images\_site\tlt-hld-wbells-h80mm-clr-gls.jpeg
https://www.incabella.co.uk/product/large-vintage-milk-churn/,Large Vintage Milk Churn,,incabella-images\_site\tlt-hld-wbells-h80mm-clr-gls.jpeg
https://www.incabella.co.uk/product/large-vintage-milk-churn/,Large Vintage Milk Churn,,incabella-images\_site\image10.jpeg
https://www.incabella.co.uk/product/large-vintage-milk-churn/,Large Vintage Milk Churn,,incabella-images\_site\image10.jpeg
https://www.incabella.co.uk/product/large-vintage-milk-churn/,Large Vintage Milk Churn,,incabella-images\_site\20473090a409721a3a4007908b32130e.jpg
https://www.incabella.co.uk/product/large-vintage-milk-churn/,Large Vintage Milk Churn,,incabella-images\_site\20473090a409721a3a4007908b32130e.jpg
https://www.incabella.co.uk/product/large-vintage-milk-churn/,Large Vintage Milk Churn,,incabella-images\_site\Sparkling-Silver-T-Light-20000102-A_20765.jpeg
https://www.incabella.co.uk/product/large-vintage-milk-churn/,Large Vintage Milk Churn,,incabella-images\_site\Sparkling-Silver-T-Light-20000102-A_20765.jpeg
https://www.incabella.co.uk/product/large-vintage-milk-churn/,Large Vintage Milk Churn,,incabella-images\_site\Sparkling-Silver-T-Light-Holder-IMG_4275.jpeg
https://www.incabella.co.uk/product/large-vintage-milk-churn/,Large Vintage Milk Churn,,incabella-images\_site\Sparkling-Silver-T-Light-Holder-IMG_4275.jpeg
https://www.incabella.co.uk/product/large-vintage-milk-churn/,Large Vintage Milk Churn,,incabella-images\_site\IMG_E1342.jpg
https://www.incabella.co.uk/product/large-vintage-milk-churn/,Large Vintage Milk Churn,,incabella-images\_site\IMG_E1342.jpg
https://www.incabella.co.uk/product/large-vintage-milk-churn/,Large Vintage Milk Churn,,incabella-images\_site\clear-glass-hurricane-lantern.jpeg
https://www.incabella.co.uk/product/large-vintage-milk-churn/,Large Vintage Milk Churn,,incabella-images\_site\clear-glass-hurricane-lantern.jpeg
https://www.incabella.co.uk/product/large-vintage-milk-churn/,Large Vintage Milk Churn,,incabella-images\_site\Sparkling-Silver-T-Light-20000102-A_20765.jpeg
https://www.incabella.co.uk/product/large-vintage-milk-churn/,Large Vintage Milk Churn,,incabella-images\_site\Sparkling-Silver-T-Light-20000102-A_20765.jpeg
https://www.incabella.co.uk/product/large-vintage-milk-churn/,Large Vintage Milk Churn,,incabella-images\_site\Sparkling-Silver-T-Light-Holder-IMG_4275.jpeg
https://www.incabella.co.uk/product/large-vintage-milk-churn/,Large Vintage Milk Churn,,incabella-images\_site\Sparkling-Silver-T-Light-Holder-IMG_4275.jpeg
https://www.incabella.co.uk/product/large-vintage-milk-churn/,Large Vintage Milk Churn,,incabella-images\_site\sana-storm-lantern.jpg
https://www.incabella.co.uk/product/large-vintage-milk-churn/,Large Vintage Milk Churn,,incabella-images\_site\sana-storm-lantern.jpg
https://www.incabella.co.uk/product/large-vintage-milk-churn/,Large Vintage Milk Churn,,incabella-images\_site\A-FS-S-FS-A-SANA-STORM-LANTERN-SQ-7.jpeg
https://www.incabella.co.uk/product/large-vintage-milk-churn/,Large Vintage Milk Churn,,incabella-images\_site\A-FS-S-FS-A-SANA-STORM-LANTERN-SQ-7.jpeg
https://www.incabella.co.uk/product/large-vintage-milk-churn/,Large Vintage Milk Churn,,incabella-images\_site\IMG_4217-e1615561069483.jpg
https://www.incabella.co.uk/product/large-vintage-milk-churn/,Large Vintage Milk Churn,,incabella-images\_site\IMG_4217-e1615561069483.jpg
https://www.incabella.co.uk/product/large-vintage-milk-churn/,Large Vintage Milk Churn,,incabella-images\_site\IMG_5159-e1615638036380.jpg
https://www.incabella.co.uk/product/large-vintage-milk-churn/,Large Vintage Milk Churn,,incabella-images\_site\IMG_5159-e1615638036380.jpg
https://www.incabella.co.uk/product/large-vintage-milk-churn/,Large Vintage Milk Churn,,incabella-images\_site\29329CBA-9791-4C5A-9FA8-1596D8E787E6.jpeg
https://www.incabella.co.uk/product/large-vintage-milk-churn/,Large Vintage Milk Churn,,incabella-images\_site\29329CBA-9791-4C5A-9FA8-1596D8E787E6.jpeg
https://www.incabella.co.uk/product/large-vintage-milk-churn/,Large Vintage Milk Churn,,incabella-images\_site\A7EF519C-3D41-4840-81D8-93E282E1606F.jpeg
https://www.incabella.co.uk/product/large-vintage-milk-churn/,Large Vintage Milk Churn,,incabella-images\_site\A7EF519C-3D41-4840-81D8-93E282E1606F.jpeg
https://www.incabella.co.uk/product/large-vintage-milk-churn/,Large Vintage Milk Churn,,incabella-images\_site\IMG_7953.jpeg
https://www.incabella.co.uk/product/large-vintage-milk-churn/,Large Vintage Milk Churn,,incabella-images\_site\IMG_7953.jpeg
https://www.incabella.co.uk/product/large-vintage-milk-churn/,Large Vintage Milk Churn,,incabella-images\_site\873F2BAE-D7E1-4031-9F1F-6913BD571894.jpeg
https://www.incabella.co.uk/product/large-vintage-milk-churn/,Large Vintage Milk Churn,,incabella-images\_site\873F2BAE-D7E1-4031-9F1F-6913BD571894.jpeg
https://www.incabella.co.uk/product/large-vintage-milk-churn/,Large Vintage Milk Churn,,incabella-images\_site\2B86C02D-B992-47FD-8154-292F2FE7C354.jpeg
https://www.incabella.co.uk/product/large-vintage-milk-churn/,Large Vintage Milk Churn,,incabella-images\_site\2B86C02D-B992-47FD-8154-292F2FE7C354.jpeg
https://www.incabella.co.uk/product/large-vintage-milk-churn/,Large Vintage Milk Churn,,incabella-images\_site\2B86C02D-B992-47FD-8154-292F2FE7C354.jpeg
https://www.incabella.co.uk/product/large-vintage-milk-churn/,Large Vintage Milk Churn,,incabella-images\_site\2B86C02D-B992-47FD-8154-292F2FE7C354.jpeg
https://www.incabella.co.uk/product/large-vintage-milk-churn/,Large Vintage Milk Churn,,incabella-images\_site\IMG_0545.jpeg
https://www.incabella.co.uk/product/large-vintage-milk-churn/,Large Vintage Milk Churn,,incabella-images\_site\IMG_0545.jpeg
https://www.incabella.co.uk/product/large-vintage-milk-churn/,Large Vintage Milk Churn,,incabella-images\_site\8327bd708a67d45dc7f6637f3e61ffa5.jpg
https://www.incabella.co.uk/product/large-vintage-milk-churn/,Large Vintage Milk Churn,,incabella-images\_site\8327bd708a67d45dc7f6637f3e61ffa5.jpg
https://www.incabella.co.uk/product/large-vintage-milk-churn/,Large Vintage Milk Churn,,incabella-images\_site\IMG_7145.jpeg
https://www.incabella.co.uk/product/large-vintage-milk-churn/,Large Vintage Milk Churn,,incabella-images\_site\IMG_7145.jpeg
https://www.incabella.co.uk/product/large-vintage-milk-churn/,Large Vintage Milk Churn,,incabella-images\_site\IMG_7533.jpeg
https://www.incabella.co.uk/product/large-vintage-milk-churn/,Large Vintage Milk Churn,,incabella-images\_site\IMG_7533.jpeg
https://www.incabella.co.uk/product/large-vintage-milk-churn/,Large Vintage Milk Churn,,incabella-images\_site\IMG_4803.jpg
https://www.incabella.co.uk/product/large-vintage-milk-churn/,Large Vintage Milk Churn,,incabella-images\_site\IMG_4803-510x652@2x.jpg
https://www.incabella.co.uk/product/large-vintage-milk-churn/,Large Vintage Milk Churn,,incabella-images\_site\IMG_4803.jpg
https://www.incabella.co.uk/product/large-vintage-milk-churn/,Large Vintage Milk Churn,,incabella-images\_site\IMG_4803-510x652@2x.jpg
https://www.incabella.co.uk/product/large-vintage-milk-churn/,Large Vintage Milk Churn,,incabella-images\_site\EL-ES-APR-2022-0358.jpeg
https://www.incabella.co.uk/product/large-vintage-milk-churn/,Large Vintage Milk Churn,,incabella-images\_site\EL-ES-APR-2022-0358.jpeg
https://www.incabella.co.uk/product/large-vintage-milk-churn/,Large Vintage Milk Churn,,incabella-images\_site\31814EA0-7BDD-4917-9473-9F2F44BA7DBD.jpeg
https://www.incabella.co.uk/product/large-vintage-milk-churn/,Large Vintage Milk Churn,,incabella-images\_site\31814EA0-7BDD-4917-9473-9F2F44BA7DBD.jpeg
https://www.incabella.co.uk/product/large-vintage-milk-churn/,Large Vintage Milk Churn,,incabella-images\_site\IMG_1673.jpg
https://www.incabella.co.uk/product/large-vintage-milk-churn/,Large Vintage Milk Churn,,incabella-images\_site\IMG_1673-510x652@2x.jpg
https://www.incabella.co.uk/product/large-vintage-milk-churn/,Large Vintage Milk Churn,,incabella-images\_site\4600494.jpg
https://www.incabella.co.uk/product/large-vintage-milk-churn/,Large Vintage Milk Churn,,incabella-images\_site\4600494-114x145@2x.jpg
https://www.incabella.co.uk/product/large-vintage-milk-churn/,Large Vintage Milk Churn,,incabella-images\_site\Amy-David-88.jpg
https://www.incabella.co.uk/product/large-vintage-milk-churn/,Large Vintage Milk Churn,,incabella-images\_site\Amy-David-88.jpg
https://www.incabella.co.uk/product/large-vintage-milk-churn/,Large Vintage Milk Churn,,incabella-images\_site\Jayne-Chris-wedding-for-Lucy-0004.jpg
https://www.incabella.co.uk/product/large-vintage-milk-churn/,Large Vintage Milk Churn,,incabella-images\_site\Jayne-Chris-wedding-for-Lucy-0004.jpg
https://www.incabella.co.uk/product/large-vintage-milk-churn/,Large Vintage Milk Churn,,incabella-images\_site\IMG_5842-e1517833177128.jpg
https://www.incabella.co.uk/product/large-vintage-milk-churn/,Large Vintage Milk Churn,,incabella-images\_site\IMG_5842-e1517833177128.jpg
https://www.incabella.co.uk/product/large-vintage-milk-churn/,Large Vintage Milk Churn,,incabella-images\_site\IMG_5841-e1517832558639.jpg
https://www.incabella.co.uk/product/large-vintage-milk-churn/,Large Vintage Milk Churn,,incabella-images\_site\IMG_5841-e1517832558639.jpg
https://www.incabella.co.uk/product/large-vintage-milk-churn/,Large Vintage Milk Churn,,incabella-images\_site\IMG_3120.jpg
https://www.incabella.co.uk/product/large-vintage-milk-churn/,Large Vintage Milk Churn,,incabella-images\_site\IMG_3120-510x652@2x.jpg
https://www.incabella.co.uk/product/large-vintage-milk-churn/,Large Vintage Milk Churn,,incabella-images\_site\IMG_3119.jpg
https://www.incabella.co.uk/product/large-vintage-milk-churn/,Large Vintage Milk Churn,,incabella-images\_site\IMG_3119-510x652@2x.jpg
https://www.incabella.co.uk/product/large-vintage-milk-churn/,Large Vintage Milk Churn,,incabella-images\_site\IncaBella_logo_02.png
https://www.incabella.co.uk/product/log-slices/,10 x Log Slices,,incabella-images\_site\IncaBella_logo_02.png
https://www.incabella.co.uk/product/log-slices/,10 x Log Slices,,incabella-images\_site\IMG_8203-e1549817586734.jpg
https://www.incabella.co.uk/product/log-slices/,10 x Log Slices,,incabella-images\_site\IMG_8203-e1549817586734.jpg
https://www.incabella.co.uk/product/log-slices/,10 x Log Slices,,incabella-images\_site\IMG_8203-e1549817586734.jpg
https://www.incabella.co.uk/product/log-slices/,10 x Log Slices,,incabella-images\_site\Sparkling-Silver-T-Light-20000102-A_20765.jpeg
https://www.incabella.co.uk/product/log-slices/,10 x Log Slices,,incabella-images\_site\Sparkling-Silver-T-Light-20000102-A_20765.jpeg
https://www.incabella.co.uk/product/log-slices/,10 x Log Slices,,incabella-images\_site\Sparkling-Silver-T-Light-Holder-IMG_4275.jpeg
https://www.incabella.co.uk/product/log-slices/,10 x Log Slices,,incabella-images\_site\Sparkling-Silver-T-Light-Holder-IMG_4275.jpeg
https://www.incabella.co.uk/product/log-slices/,10 x Log Slices,,incabella-images\_site\IMG_E1342.jpg
https://www.incabella.co.uk/product/log-slices/,10 x Log Slices,,incabella-images\_site\IMG_E1342.jpg
https://www.incabella.co.uk/product/log-slices/,10 x Log Slices,,incabella-images\_site\clear-glass-hurricane-lantern.jpeg
https://www.incabella.co.uk/product/log-slices/,10 x Log Slices,,incabella-images\_site\clear-glass-hurricane-lantern.jpeg
https://www.incabella.co.uk/product/log-slices/,10 x Log Slices,,incabella-images\_site\image10.jpeg
https://www.incabella.co.uk/product/log-slices/,10 x Log Slices,,incabella-images\_site\image10.jpeg
https://www.incabella.co.uk/product/log-slices/,10 x Log Slices,,incabella-images\_site\20473090a409721a3a4007908b32130e.jpg
https://www.incabella.co.uk/product/log-slices/,10 x Log Slices,,incabella-images\_site\20473090a409721a3a4007908b32130e.jpg
https://www.incabella.co.uk/product/log-slices/,10 x Log Slices,,incabella-images\_site\sana-storm-lantern.jpg
https://www.incabella.co.uk/product/log-slices/,10 x Log Slices,,incabella-images\_site\sana-storm-lantern.jpg
https://www.incabella.co.uk/product/log-slices/,10 x Log Slices,,incabella-images\_site\A-FS-S-FS-A-SANA-STORM-LANTERN-SQ-7.jpeg
https://www.incabella.co.uk/product/log-slices/,10 x Log Slices,,incabella-images\_site\A-FS-S-FS-A-SANA-STORM-LANTERN-SQ-7.jpeg
https://www.incabella.co.uk/product/log-slices/,10 x Log Slices,,incabella-images\_site\Sparkling-Silver-T-Light-20000102-A_20765.jpeg
https://www.incabella.co.uk/product/log-slices/,10 x Log Slices,,incabella-images\_site\Sparkling-Silver-T-Light-20000102-A_20765.jpeg
https://www.incabella.co.uk/product/log-slices/,10 x Log Slices,,incabella-images\_site\Sparkling-Silver-T-Light-Holder-IMG_4275.jpeg
https://www.incabella.co.uk/product/log-slices/,10 x Log Slices,,incabella-images\_site\Sparkling-Silver-T-Light-Holder-IMG_4275.jpeg
https://www.incabella.co.uk/product/log-slices/,10 x Log Slices,,incabella-images\_site\IMG_0946.jpeg
https://www.incabella.co.uk/product/log-slices/,10 x Log Slices,,incabella-images\_site\IMG_0946.jpeg
https://www.incabella.co.uk/product/log-slices/,10 x Log Slices,,incabella-images\_site\lantern-wrope-hndl-h250x180mm-gls-grey.jpeg
https://www.incabella.co.uk/product/log-slices/,10 x Log Slices,,incabella-images\_site\lantern-wrope-hndl-h250x180mm-gls-grey.jpeg
https://www.incabella.co.uk/product/log-slices/,10 x Log Slices,,incabella-images\_site\IMG_1709.jpg
https://www.incabella.co.uk/product/log-slices/,10 x Log Slices,,incabella-images\_site\IMG_1709-510x652@2x.jpg
https://www.incabella.co.uk/product/log-slices/,10 x Log Slices,,incabella-images\_site\tlt-hld-wbells-h80mm-clr-gls.jpeg
https://www.incabella.co.uk/product/log-slices/,10 x Log Slices,,incabella-images\_site\tlt-hld-wbells-h80mm-clr-gls.jpeg
https://www.incabella.co.uk/product/log-slices/,10 x Log Slices,,incabella-images\_site\hanging-heart-tea-light-holder.jpeg
https://www.incabella.co.uk/product/log-slices/,10 x Log Slices,,incabella-images\_site\hanging-heart-tea-light-holder.jpeg
https://www.incabella.co.uk/product/log-slices/,10 x Log Slices,,incabella-images\_site\hanging-heart-tea-light-holder.jpeg
https://www.incabella.co.uk/product/log-slices/,10 x Log Slices,,incabella-images\_site\hanging-heart-tea-light-holder.jpeg
https://www.incabella.co.uk/product/log-slices/,10 x Log Slices,,incabella-images\_site\IMG_7149.jpeg
https://www.incabella.co.uk/product/log-slices/,10 x Log Slices,,incabella-images\_site\IMG_7149.jpeg
https://www.incabella.co.uk/product/log-slices/,10 x Log Slices,,incabella-images\_site\E57C0BFC-9306-42C5-8AE4-7F77EFE434AA.jpeg
https://www.incabella.co.uk/product/log-slices/,10 x Log Slices,,incabella-images\_site\E57C0BFC-9306-42C5-8AE4-7F77EFE434AA.jpeg
https://www.incabella.co.uk/product/log-slices/,10 x Log Slices,,incabella-images\_site\IMG_1673.jpg
https://www.incabella.co.uk/product/log-slices/,10 x Log Slices,,incabella-images\_site\IMG_1673-510x652@2x.jpg
https://www.incabella.co.uk/product/log-slices/,10 x Log Slices,,incabella-images\_site\4600494.jpg
https://www.incabella.co.uk/product/log-slices/,10 x Log Slices,,incabella-images\_site\4600494-114x145@2x.jpg
https://www.incabella.co.uk/product/log-slices/,10 x Log Slices,,incabella-images\_site\EL-ES-APR-2022-0358.jpeg
https://www.incabella.co.uk/product/log-slices/,10 x Log Slices,,incabella-images\_site\EL-ES-APR-2022-0358.jpeg
https://www.incabella.co.uk/product/log-slices/,10 x Log Slices,,incabella-images\_site\31814EA0-7BDD-4917-9473-9F2F44BA7DBD.jpeg
https://www.incabella.co.uk/product/log-slices/,10 x Log Slices,,incabella-images\_site\31814EA0-7BDD-4917-9473-9F2F44BA7DBD.jpeg
https://www.incabella.co.uk/product/log-slices/,10 x Log Slices,,incabella-images\_site\DSC_2443-600x398_c.jpg
https://www.incabella.co.uk/product/log-slices/,10 x Log Slices,,incabella-images\_site\DSC_2443-600x398_c-114x145@2x.jpg
https://www.incabella.co.uk/product/log-slices/,10 x Log Slices,,incabella-images\_site\IMG_1713.jpg
https://www.incabella.co.uk/product/log-slices/,10 x Log Slices,,incabella-images\_site\IMG_1713-510x652@2x.jpg
https://www.incabella.co.uk/product/log-slices/,10 x Log Slices,,incabella-images\_site\Image.jpg
https://www.incabella.co.uk/product/log-slices/,10 x Log Slices,,incabella-images\_site\Image.jpg
https://www.incabella.co.uk/product/log-slices/,10 x Log Slices,,incabella-images\_site\IMG_9301.jpg
https://www.incabella.co.uk/product/log-slices/,10 x Log Slices,,incabella-images\_site\IMG_9301-510x652@2x.jpg
https://www.incabella.co.uk/product/log-slices/,10 x Log Slices,,incabella-images\_site\IMG_3468.jpg
https://www.incabella.co.uk/product/log-slices/,10 x Log Slices,,incabella-images\_site\IMG_3468-510x652@2x.jpg
https://www.incabella.co.uk/product/log-slices/,10 x Log Slices,,incabella-images\_site\IMG_3464.jpg
https://www.incabella.co.uk/product/log-slices/,10 x Log Slices,,incabella-images\_site\IMG_3464-510x652@2x.jpg
https://www.incabella.co.uk/product/log-slices/,10 x Log Slices,,incabella-images\_site\IMG_2205.jpg
https://www.incabella.co.uk/product/log-slices/,10 x Log Slices,,incabella-images\_site\IMG_2205-510x652@2x.jpg
https://www.incabella.co.uk/product/log-slices/,10 x Log Slices,,incabella-images\_site\IMG_2203.jpg
https://www.incabella.co.uk/product/log-slices/,10 x Log Slices,,incabella-images\_site\IMG_2203-510x652@2x.jpg
https://www.incabella.co.uk/product/log-slices/,10 x Log Slices,,incabella-images\_site\Amy-David-88.jpg
https://www.incabella.co.uk/product/log-slices/,10 x Log Slices,,incabella-images\_site\Amy-David-88.jpg
https://www.incabella.co.uk/product/log-slices/,10 x Log Slices,,incabella-images\_site\Jayne-Chris-wedding-for-Lucy-0004.jpg
https://www.incabella.co.uk/product/log-slices/,10 x Log Slices,,incabella-images\_site\Jayne-Chris-wedding-for-Lucy-0004.jpg
https://www.incabella.co.uk/product/log-slices/,10 x Log Slices,,incabella-images\_site\IMG_1970.jpg
https://www.incabella.co.uk/product/log-slices/,10 x Log Slices,,incabella-images\_site\IMG_1970-510x652@2x.jpg
https://www.incabella.co.uk/product/log-slices/,10 x Log Slices,,incabella-images\_site\Image-3.jpg
https://www.incabella.co.uk/product/log-slices/,10 x Log Slices,,incabella-images\_site\Image-3-510x652@2x.jpg
https://www.incabella.co.uk/product/log-slices/,10 x Log Slices,,incabella-images\_site\IMG_7953.jpeg
https://www.incabella.co.uk/product/log-slices/,10 x Log Slices,,incabella-images\_site\IMG_7953.jpeg
https://www.incabella.co.uk/product/log-slices/,10 x Log Slices,,incabella-images\_site\873F2BAE-D7E1-4031-9F1F-6913BD571894.jpeg
https://www.incabella.co.uk/product/log-slices/,10 x Log Slices,,incabella-images\_site\873F2BAE-D7E1-4031-9F1F-6913BD571894.jpeg
https://www.incabella.co.uk/product/log-slices/,10 x Log Slices,,incabella-images\_site\IMG_4217-e1615561069483.jpg
https://www.incabella.co.uk/product/log-slices/,10 x Log Slices,,incabella-images\_site\IMG_4217-e1615561069483.jpg
https://www.incabella.co.uk/product/log-slices/,10 x Log Slices,,incabella-images\_site\IMG_5159-e1615638036380.jpg
https://www.incabella.co.uk/product/log-slices/,10 x Log Slices,,incabella-images\_site\IMG_5159-e1615638036380.jpg
https://www.incabella.co.uk/product/log-slices/,10 x Log Slices,,incabella-images\_site\english-country-bunting.jpg
https://www.incabella.co.uk/product/log-slices/,10 x Log Slices,,incabella-images\_site\english-country-bunting-114x145@2x.jpg
https://www.incabella.co.uk/product/log-slices/,10 x Log Slices,,incabella-images\_site\english-country-bunting.jpg
https://www.incabella.co.uk/product/log-slices/,10 x Log Slices,,incabella-images\_site\english-country-bunting-114x145@2x.jpg
https://www.incabella.co.uk/product/log-slices/,10 x Log Slices,,incabella-images\_site\IncaBella_logo_02.png
https://www.incabella.co.uk/product/silver-lantern/,Silver Lantern,,incabella-images\_site\IncaBella_logo_02.png
https://www.incabella.co.uk/product/silver-lantern/,Silver Lantern,,incabella-images\_site\image10.jpeg
https://www.incabella.co.uk/product/silver-lantern/,Silver Lantern,,incabella-images\_site\image10.jpeg
https://www.incabella.co.uk/product/silver-lantern/,Silver Lantern,,incabella-images\_site\image10.jpeg
https://www.incabella.co.uk/product/silver-lantern/,Silver Lantern,,incabella-images\_site\20473090a409721a3a4007908b32130e.jpg
https://www.incabella.co.uk/product/silver-lantern/,Silver Lantern,,incabella-images\_site\20473090a409721a3a4007908b32130e.jpg
https://www.incabella.co.uk/product/silver-lantern/,Silver Lantern,,incabella-images\_site\20473090a409721a3a4007908b32130e.jpg
https://www.incabella.co.uk/product/silver-lantern/,Silver Lantern,,incabella-images\product_silver-lantern\IMG_0930.jpeg
https://www.incabella.co.uk/product/silver-lantern/,Silver Lantern,,incabella-images\product_silver-lantern\IMG_0930.jpeg
https://www.incabella.co.uk/product/silver-lantern/,Silver Lantern,,incabella-images\product_silver-lantern\IMG_0930.jpeg
https://www.incabella.co.uk/product/silver-lantern/,Silver Lantern,,incabella-images\product_silver-lantern\John-_-Nikki_s-Wedding-1035.jpg
https://www.incabella.co.uk/product/silver-lantern/,Silver Lantern,,incabella-images\product_silver-lantern\John-_-Nikki_s-Wedding-1035.jpg
https://www.incabella.co.uk/product/silver-lantern/,Silver Lantern,,incabella-images\product_silver-lantern\John-_-Nikki_s-Wedding-1035.jpg
https://www.incabella.co.uk/product/silver-lantern/,Silver Lantern,,incabella-images\_site\image10.jpeg
https://www.incabella.co.uk/product/silver-lantern/,Silver Lantern,,incabella-images\_site\image10.jpeg
https://www.incabella.co.uk/product/silver-lantern/,Silver Lantern,,incabella-images\_site\20473090a409721a3a4007908b32130e.jpg
https://www.incabella.co.uk/product/silver-lantern/,Silver Lantern,,incabella-images\_site\20473090a409721a3a4007908b32130e.jpg
https://www.incabella.co.uk/product/silver-lantern/,Silver Lantern,,incabella-images\product_silver-lantern\IMG_0930.jpeg
https://www.incabella.co.uk/product/silver-lantern/,Silver Lantern,,incabella-images\product_silver-lantern\IMG_0930.jpeg
https://www.incabella.co.uk/product/silver-lantern/,Silver Lantern,,incabella-images\product_silver-lantern\John-_-Nikki_s-Wedding-1035.jpg
https://www.incabella.co.uk/product/silver-lantern/,Silver Lantern,,incabella-images\product_silver-lantern\John-_-Nikki_s-Wedding-1035.jpg
https://www.incabella.co.uk/product/silver-lantern/,Silver Lantern,,incabella-images\_site\hanging-heart-tea-light-holder.jpeg
https://www.incabella.co.uk/product/silver-lantern/,Silver Lantern,,incabella-images\_site\hanging-heart-tea-light-holder.jpeg
https://www.incabella.co.uk/product/silver-lantern/,Silver Lantern,,incabella-images\_site\hanging-heart-tea-light-holder.jpeg
https://www.incabella.co.uk/product/silver-lantern/,Silver Lantern,,incabella-images\_site\hanging-heart-tea-light-holder.jpeg
https://www.incabella.co.uk/product/silver-lantern/,Silver Lantern,,incabella-images\_site\IMG_E1342.jpg
https://www.incabella.co.uk/product/silver-lantern/,Silver Lantern,,incabella-images\_site\IMG_E1342.jpg
https://www.incabella.co.uk/product/silver-lantern/,Silver Lantern,,incabella-images\_site\clear-glass-hurricane-lantern.jpeg
https://www.incabella.co.uk/product/silver-lantern/,Silver Lantern,,incabella-images\_site\clear-glass-hurricane-lantern.jpeg
https://www.incabella.co.uk/product/silver-lantern/,Silver Lantern,,incabella-images\_site\IMG_1709.jpg
https://www.incabella.co.uk/product/silver-lantern/,Silver Lantern,,incabella-images\_site\IMG_1709-510x652@2x.jpg
https://www.incabella.co.uk/product/silver-lantern/,Silver Lantern,,incabella-images\_site\tlt-hld-wbells-h80mm-clr-gls.jpeg
https://www.incabella.co.uk/product/silver-lantern/,Silver Lantern,,incabella-images\_site\tlt-hld-wbells-h80mm-clr-gls.jpeg
https://www.incabella.co.uk/product/silver-lantern/,Silver Lantern,,incabella-images\_site\sana-storm-lantern.jpg
https://www.incabella.co.uk/product/silver-lantern/,Silver Lantern,,incabella-images\_site\sana-storm-lantern.jpg
https://www.incabella.co.uk/product/silver-lantern/,Silver Lantern,,incabella-images\_site\A-FS-S-FS-A-SANA-STORM-LANTERN-SQ-7.jpeg
https://www.incabella.co.uk/product/silver-lantern/,Silver Lantern,,incabella-images\_site\A-FS-S-FS-A-SANA-STORM-LANTERN-SQ-7.jpeg
https://www.incabella.co.uk/product/silver-lantern/,Silver Lantern,,incabella-images\_site\Sparkling-Silver-T-Light-20000102-A_20765.jpeg
https://www.incabella.co.uk/product/silver-lantern/,Silver Lantern,,incabella-images\_site\Sparkling-Silver-T-Light-20000102-A_20765.jpeg
https://www.incabella.co.uk/product/silver-lantern/,Silver Lantern,,incabella-images\_site\Sparkling-Silver-T-Light-Holder-IMG_4275.jpeg
https://www.incabella.co.uk/product/silver-lantern/,Silver Lantern,,incabella-images\_site\Sparkling-Silver-T-Light-Holder-IMG_4275.jpeg
https://www.incabella.co.uk/product/silver-lantern/,Silver Lantern,,incabella-images\_site\Sparkling-Silver-T-Light-20000102-A_20765.jpeg
https://www.incabella.co.uk/product/silver-lantern/,Silver Lantern,,incabella-images\_site\Sparkling-Silver-T-Light-20000102-A_20765.jpeg
https://www.incabella.co.uk/product/silver-lantern/,Silver Lantern,,incabella-images\_site\Sparkling-Silver-T-Light-Holder-IMG_4275.jpeg
https://www.incabella.co.uk/product/silver-lantern/,Silver Lantern,,incabella-images\_site\Sparkling-Silver-T-Light-Holder-IMG_4275.jpeg
https://www.incabella.co.uk/product/silver-lantern/,Silver Lantern,,incabella-images\_site\IMG_0946.jpeg
https://www.incabella.co.uk/product/silver-lantern/,Silver Lantern,,incabella-images\_site\IMG_0946.jpeg
https://www.incabella.co.uk/product/silver-lantern/,Silver Lantern,,incabella-images\_site\lantern-wrope-hndl-h250x180mm-gls-grey.jpeg
https://www.incabella.co.uk/product/silver-lantern/,Silver Lantern,,incabella-images\_site\lantern-wrope-hndl-h250x180mm-gls-grey.jpeg
https://www.incabella.co.uk/product/silver-lantern/,Silver Lantern,,incabella-images\_site\IMG_7953.jpeg
https://www.incabella.co.uk/product/silver-lantern/,Silver Lantern,,incabella-images\_site\IMG_7953.jpeg
https://www.incabella.co.uk/product/silver-lantern/,Silver Lantern,,incabella-images\_site\873F2BAE-D7E1-4031-9F1F-6913BD571894.jpeg
https://www.incabella.co.uk/product/silver-lantern/,Silver Lantern,,incabella-images\_site\873F2BAE-D7E1-4031-9F1F-6913BD571894.jpeg
https://www.incabella.co.uk/product/silver-lantern/,Silver Lantern,,incabella-images\_site\IMG_1673.jpg
https://www.incabella.co.uk/product/silver-lantern/,Silver Lantern,,incabella-images\_site\IMG_1673-510x652@2x.jpg
https://www.incabella.co.uk/product/silver-lantern/,Silver Lantern,,incabella-images\_site\4600494.jpg
https://www.incabella.co.uk/product/silver-lantern/,Silver Lantern,,incabella-images\_site\4600494-114x145@2x.jpg
https://www.incabella.co.uk/product/silver-lantern/,Silver Lantern,,incabella-images\_site\english-country-bunting.jpg
https://www.incabella.co.uk/product/silver-lantern/,Silver Lantern,,incabella-images\_site\english-country-bunting-114x145@2x.jpg
https://www.incabella.co.uk/product/silver-lantern/,Silver Lantern,,incabella-images\_site\english-country-bunting.jpg
https://www.incabella.co.uk/product/silver-lantern/,Silver Lantern,,incabella-images\_site\english-country-bunting-114x145@2x.jpg
https://www.incabella.co.uk/product/silver-lantern/,Silver Lantern,,incabella-images\_site\IMG_7149.jpeg
https://www.incabella.co.uk/product/silver-lantern/,Silver Lantern,,incabella-images\_site\IMG_7149.jpeg
https://www.incabella.co.uk/product/silver-lantern/,Silver Lantern,,incabella-images\_site\E57C0BFC-9306-42C5-8AE4-7F77EFE434AA.jpeg
https://www.incabella.co.uk/product/silver-lantern/,Silver Lantern,,incabella-images\_site\E57C0BFC-9306-42C5-8AE4-7F77EFE434AA.jpeg
https://www.incabella.co.uk/product/silver-lantern/,Silver Lantern,,incabella-images\_site\Image.jpg
https://www.incabella.co.uk/product/silver-lantern/,Silver Lantern,,incabella-images\_site\Image.jpg
https://www.incabella.co.uk/product/silver-lantern/,Silver Lantern,,incabella-images\_site\IMG_9301.jpg
https://www.incabella.co.uk/product/silver-lantern/,Silver Lantern,,incabella-images\_site\IMG_9301-510x652@2x.jpg
https://www.incabella.co.uk/product/silver-lantern/,Silver Lantern,,incabella-images\_site\IMG_7095.jpeg
https://www.incabella.co.uk/product/silver-lantern/,Silver Lantern,,incabella-images\_site\IMG_7095.jpeg
https://www.incabella.co.uk/product/silver-lantern/,Silver Lantern,,incabella-images\_site\6A9461D2-8C98-4412-BC65-4CDD37EF0A5D.jpeg
https://www.incabella.co.uk/product/silver-lantern/,Silver Lantern,,incabella-images\_site\6A9461D2-8C98-4412-BC65-4CDD37EF0A5D.jpeg
https://www.incabella.co.uk/product/silver-lantern/,Silver Lantern,,incabella-images\_site\IMG_0442.jpg
https://www.incabella.co.uk/product/silver-lantern/,Silver Lantern,,incabella-images\_site\IMG_0442.jpg
https://www.incabella.co.uk/product/silver-lantern/,Silver Lantern,,incabella-images\_site\IMG_0454.jpg
https://www.incabella.co.uk/product/silver-lantern/,Silver Lantern,,incabella-images\_site\IMG_0454.jpg
https://www.incabella.co.uk/product/silver-lantern/,Silver Lantern,,incabella-images\_site\EL-ES-APR-2022-0435.jpg
https://www.incabella.co.uk/product/silver-lantern/,Silver Lantern,,incabella-images\_site\EL-ES-APR-2022-0435.jpg
https://www.incabella.co.uk/product/silver-lantern/,Silver Lantern,,incabella-images\_site\IMG_0520.jpeg
https://www.incabella.co.uk/product/silver-lantern/,Silver Lantern,,incabella-images\_site\IMG_0520.jpeg
https://www.incabella.co.uk/product/silver-lantern/,Silver Lantern,,incabella-images\_site\IMG_3468.jpg
https://www.incabella.co.uk/product/silver-lantern/,Silver Lantern,,incabella-images\_site\IMG_3468-510x652@2x.jpg
https://www.incabella.co.uk/product/silver-lantern/,Silver Lantern,,incabella-images\_site\IMG_3464.jpg
https://www.incabella.co.uk/product/silver-lantern/,Silver Lantern,,incabella-images\_site\IMG_3464-510x652@2x.jpg
https://www.incabella.co.uk/product/silver-lantern/,Silver Lantern,,incabella-images\_site\IMG_1158.jpg
https://www.incabella.co.uk/product/silver-lantern/,Silver Lantern,,incabella-images\_site\IMG_1158-190x243@2x.jpg
https://www.incabella.co.uk/product/silver-lantern/,Silver Lantern,,incabella-images\_site\IMG_3519.jpg
https://www.incabella.co.uk/product/silver-lantern/,Silver Lantern,,incabella-images\_site\IMG_3519-510x652@2x.jpg
https://www.incabella.co.uk/product/silver-lantern/,Silver Lantern,,incabella-images\_site\EL-ES-APR-2022-0358.jpeg
https://www.incabella.co.uk/product/silver-lantern/,Silver Lantern,,incabella-images\_site\EL-ES-APR-2022-0358.jpeg
https://www.incabella.co.uk/product/silver-lantern/,Silver Lantern,,incabella-images\_site\31814EA0-7BDD-4917-9473-9F2F44BA7DBD.jpeg
https://www.incabella.co.uk/product/silver-lantern/,Silver Lantern,,incabella-images\_site\31814EA0-7BDD-4917-9473-9F2F44BA7DBD.jpeg
https://www.incabella.co.uk/product/silver-lantern/,Silver Lantern,,incabella-images\_site\5d6ad4c0-13bc-479b-8b50-cfe64523502e.jpeg
https://www.incabella.co.uk/product/silver-lantern/,Silver Lantern,,incabella-images\_site\5d6ad4c0-13bc-479b-8b50-cfe64523502e.jpeg
https://www.incabella.co.uk/product/silver-lantern/,Silver Lantern,,incabella-images\_site\fullsizeoutput_5ff9.jpeg
https://www.incabella.co.uk/product/silver-lantern/,Silver Lantern,,incabella-images\_site\fullsizeoutput_5ff9.jpeg
https://www.incabella.co.uk/product/silver-lantern/,Silver Lantern,,incabella-images\_site\IncaBella_logo_02.png
https://www.incabella.co.uk/product/small-potted-olive-trees/,Medium Potted Olive Trees,,incabella-images\_site\IncaBella_logo_02.png
https://www.incabella.co.uk/product/small-potted-olive-trees/,Medium Potted Olive Trees,,incabella-images\product_small-potted-olive-trees\880A161C-0A42-4AD4-99AC-5E53B5188CE4-scaled.jpeg
https://www.incabella.co.uk/product/small-potted-olive-trees/,Medium Potted Olive Trees,,incabella-images\_site\880A161C-0A42-4AD4-99AC-5E53B5188CE4.jpeg
https://www.incabella.co.uk/product/small-potted-olive-trees/,Medium Potted Olive Trees,,incabella-images\_site\880A161C-0A42-4AD4-99AC-5E53B5188CE4.jpeg
https://www.incabella.co.uk/product/small-potted-olive-trees/,Medium Potted Olive Trees,,incabella-images\product_small-potted-olive-trees\6A35E8F8-C756-4D74-A18D-9532A67C0D46-scaled.jpeg
https://www.incabella.co.uk/product/small-potted-olive-trees/,Medium Potted Olive Trees,,incabella-images\_site\6A35E8F8-C756-4D74-A18D-9532A67C0D46.jpeg
https://www.incabella.co.uk/product/small-potted-olive-trees/,Medium Potted Olive Trees,,incabella-images\_site\6A35E8F8-C756-4D74-A18D-9532A67C0D46.jpeg
https://www.incabella.co.uk/product/small-potted-olive-trees/,Medium Potted Olive Trees,,incabella-images\_site\880A161C-0A42-4AD4-99AC-5E53B5188CE4.jpeg
https://www.incabella.co.uk/product/small-potted-olive-trees/,Medium Potted Olive Trees,,incabella-images\_site\880A161C-0A42-4AD4-99AC-5E53B5188CE4.jpeg
https://www.incabella.co.uk/product/small-potted-olive-trees/,Medium Potted Olive Trees,,incabella-images\_site\6A35E8F8-C756-4D74-A18D-9532A67C0D46.jpeg
https://www.incabella.co.uk/product/small-potted-olive-trees/,Medium Potted Olive Trees,,incabella-images\_site\6A35E8F8-C756-4D74-A18D-9532A67C0D46.jpeg
https://www.incabella.co.uk/product/small-potted-olive-trees/,Medium Potted Olive Trees,,incabella-images\_site\IMG_1709.jpg
https://www.incabella.co.uk/product/small-potted-olive-trees/,Medium Potted Olive Trees,,incabella-images\_site\IMG_1709-510x652@2x.jpg
https://www.incabella.co.uk/product/small-potted-olive-trees/,Medium Potted Olive Trees,,incabella-images\_site\tlt-hld-wbells-h80mm-clr-gls.jpeg
https://www.incabella.co.uk/product/small-potted-olive-trees/,Medium Potted Olive Trees,,incabella-images\_site\tlt-hld-wbells-h80mm-clr-gls.jpeg
https://www.incabella.co.uk/product/small-potted-olive-trees/,Medium Potted Olive Trees,,incabella-images\_site\sana-storm-lantern.jpg
https://www.incabella.co.uk/product/small-potted-olive-trees/,Medium Potted Olive Trees,,incabella-images\_site\sana-storm-lantern.jpg
https://www.incabella.co.uk/product/small-potted-olive-trees/,Medium Potted Olive Trees,,incabella-images\_site\A-FS-S-FS-A-SANA-STORM-LANTERN-SQ-7.jpeg
https://www.incabella.co.uk/product/small-potted-olive-trees/,Medium Potted Olive Trees,,incabella-images\_site\A-FS-S-FS-A-SANA-STORM-LANTERN-SQ-7.jpeg
https://www.incabella.co.uk/product/small-potted-olive-trees/,Medium Potted Olive Trees,,incabella-images\_site\Sparkling-Silver-T-Light-20000102-A_20765.jpeg
https://www.incabella.co.uk/product/small-potted-olive-trees/,Medium Potted Olive Trees,,incabella-images\_site\Sparkling-Silver-T-Light-20000102-A_20765.jpeg
https://www.incabella.co.uk/product/small-potted-olive-trees/,Medium Potted Olive Trees,,incabella-images\_site\Sparkling-Silver-T-Light-Holder-IMG_4275.jpeg
https://www.incabella.co.uk/product/small-potted-olive-trees/,Medium Potted Olive Trees,,incabella-images\_site\Sparkling-Silver-T-Light-Holder-IMG_4275.jpeg
https://www.incabella.co.uk/product/small-potted-olive-trees/,Medium Potted Olive Trees,,incabella-images\_site\IMG_0946.jpeg
https://www.incabella.co.uk/product/small-potted-olive-trees/,Medium Potted Olive Trees,,incabella-images\_site\IMG_0946.jpeg
https://www.incabella.co.uk/product/small-potted-olive-trees/,Medium Potted Olive Trees,,incabella-images\_site\lantern-wrope-hndl-h250x180mm-gls-grey.jpeg
https://www.incabella.co.uk/product/small-potted-olive-trees/,Medium Potted Olive Trees,,incabella-images\_site\lantern-wrope-hndl-h250x180mm-gls-grey.jpeg
https://www.incabella.co.uk/product/small-potted-olive-trees/,Medium Potted Olive Trees,,incabella-images\_site\IMG_E1342.jpg
https://www.incabella.co.uk/product/small-potted-olive-trees/,Medium Potted Olive Trees,,incabella-images\_site\IMG_E1342.jpg
https://www.incabella.co.uk/product/small-potted-olive-trees/,Medium Potted Olive Trees,,incabella-images\_site\clear-glass-hurricane-lantern.jpeg
https://www.incabella.co.uk/product/small-potted-olive-trees/,Medium Potted Olive Trees,,incabella-images\_site\clear-glass-hurricane-lantern.jpeg
https://www.incabella.co.uk/product/small-potted-olive-trees/,Medium Potted Olive Trees,,incabella-images\_site\Sparkling-Silver-T-Light-20000102-A_20765.jpeg
https://www.incabella.co.uk/product/small-potted-olive-trees/,Medium Potted Olive Trees,,incabella-images\_site\Sparkling-Silver-T-Light-20000102-A_20765.jpeg
https://www.incabella.co.uk/product/small-potted-olive-trees/,Medium Potted Olive Trees,,incabella-images\_site\Sparkling-Silver-T-Light-Holder-IMG_4275.jpeg
https://www.incabella.co.uk/product/small-potted-olive-trees/,Medium Potted Olive Trees,,incabella-images\_site\Sparkling-Silver-T-Light-Holder-IMG_4275.jpeg
https://www.incabella.co.uk/product/small-potted-olive-trees/,Medium Potted Olive Trees,,incabella-images\_site\image10.jpeg
https://www.incabella.co.uk/product/small-potted-olive-trees/,Medium Potted Olive Trees,,incabella-images\_site\image10.jpeg
https://www.incabella.co.uk/product/small-potted-olive-trees/,Medium Potted Olive Trees,,incabella-images\_site\20473090a409721a3a4007908b32130e.jpg
https://www.incabella.co.uk/product/small-potted-olive-trees/,Medium Potted Olive Trees,,incabella-images\_site\20473090a409721a3a4007908b32130e.jpg
https://www.incabella.co.uk/product/small-potted-olive-trees/,Medium Potted Olive Trees,,incabella-images\_site\hanging-heart-tea-light-holder.jpeg
https://www.incabella.co.uk/product/small-potted-olive-trees/,Medium Potted Olive Trees,,incabella-images\_site\hanging-heart-tea-light-holder.jpeg
https://www.incabella.co.uk/product/small-potted-olive-trees/,Medium Potted Olive Trees,,incabella-images\_site\hanging-heart-tea-light-holder.jpeg
https://www.incabella.co.uk/product/small-potted-olive-trees/,Medium Potted Olive Trees,,incabella-images\_site\hanging-heart-tea-light-holder.jpeg
https://www.incabella.co.uk/product/small-potted-olive-trees/,Medium Potted Olive Trees,,incabella-images\_site\IMG_2205.jpg
https://www.incabella.co.uk/product/small-potted-olive-trees/,Medium Potted Olive Trees,,incabella-images\_site\IMG_2205-510x652@2x.jpg
https://www.incabella.co.uk/product/small-potted-olive-trees/,Medium Potted Olive Trees,,incabella-images\_site\IMG_2203.jpg
https://www.incabella.co.uk/product/small-potted-olive-trees/,Medium Potted Olive Trees,,incabella-images\_site\IMG_2203-510x652@2x.jpg
https://www.incabella.co.uk/product/small-potted-olive-trees/,Medium Potted Olive Trees,,incabella-images\_site\IMG_4803.jpg
https://www.incabella.co.uk/product/small-potted-olive-trees/,Medium Potted Olive Trees,,incabella-images\_site\IMG_4803-510x652@2x.jpg
https://www.incabella.co.uk/product/small-potted-olive-trees/,Medium Potted Olive Trees,,incabella-images\_site\IMG_4803.jpg
https://www.incabella.co.uk/product/small-potted-olive-trees/,Medium Potted Olive Trees,,incabella-images\_site\IMG_4803-510x652@2x.jpg
https://www.incabella.co.uk/product/small-potted-olive-trees/,Medium Potted Olive Trees,,incabella-images\_site\IMG_3468.jpg
https://www.incabella.co.uk/product/small-potted-olive-trees/,Medium Potted Olive Trees,,incabella-images\_site\IMG_3468-510x652@2x.jpg
https://www.incabella.co.uk/product/small-potted-olive-trees/,Medium Potted Olive Trees,,incabella-images\_site\IMG_3464.jpg
https://www.incabella.co.uk/product/small-potted-olive-trees/,Medium Potted Olive Trees,,incabella-images\_site\IMG_3464-510x652@2x.jpg
https://www.incabella.co.uk/product/small-potted-olive-trees/,Medium Potted Olive Trees,,incabella-images\_site\IMG_0545.jpeg
https://www.incabella.co.uk/product/small-potted-olive-trees/,Medium Potted Olive Trees,,incabella-images\_site\IMG_0545.jpeg
https://www.incabella.co.uk/product/small-potted-olive-trees/,Medium Potted Olive Trees,,incabella-images\_site\8327bd708a67d45dc7f6637f3e61ffa5.jpg
https://www.incabella.co.uk/product/small-potted-olive-trees/,Medium Potted Olive Trees,,incabella-images\_site\8327bd708a67d45dc7f6637f3e61ffa5.jpg
https://www.incabella.co.uk/product/small-potted-olive-trees/,Medium Potted Olive Trees,,incabella-images\_site\IMG_1158.jpg
https://www.incabella.co.uk/product/small-potted-olive-trees/,Medium Potted Olive Trees,,incabella-images\_site\IMG_1158-190x243@2x.jpg
https://www.incabella.co.uk/product/small-potted-olive-trees/,Medium Potted Olive Trees,,incabella-images\_site\IMG_3519.jpg
https://www.incabella.co.uk/product/small-potted-olive-trees/,Medium Potted Olive Trees,,incabella-images\_site\IMG_3519-510x652@2x.jpg
https://www.incabella.co.uk/product/small-potted-olive-trees/,Medium Potted Olive Trees,,incabella-images\_site\EL-ES-APR-2022-0435.jpg
https://www.incabella.co.uk/product/small-potted-olive-trees/,Medium Potted Olive Trees,,incabella-images\_site\EL-ES-APR-2022-0435.jpg
https://www.incabella.co.uk/product/small-potted-olive-trees/,Medium Potted Olive Trees,,incabella-images\_site\IMG_0520.jpeg
https://www.incabella.co.uk/product/small-potted-olive-trees/,Medium Potted Olive Trees,,incabella-images\_site\IMG_0520.jpeg
https://www.incabella.co.uk/product/small-potted-olive-trees/,Medium Potted Olive Trees,,incabella-images\_site\IMG_5842-e1517833177128.jpg
https://www.incabella.co.uk/product/small-potted-olive-trees/,Medium Potted Olive Trees,,incabella-images\_site\IMG_5842-e1517833177128.jpg
https://www.incabella.co.uk/product/small-potted-olive-trees/,Medium Potted Olive Trees,,incabella-images\_site\IMG_5841-e1517832558639.jpg
https://www.incabella.co.uk/product/small-potted-olive-trees/,Medium Potted Olive Trees,,incabella-images\_site\IMG_5841-e1517832558639.jpg
https://www.incabella.co.uk/product/small-potted-olive-trees/,Medium Potted Olive Trees,,incabella-images\_site\IMG_3039.jpg
https://www.incabella.co.uk/product/small-potted-olive-trees/,Medium Potted Olive Trees,,incabella-images\_site\IMG_3039-114x145@2x.jpg
https://www.incabella.co.uk/product/small-potted-olive-trees/,Medium Potted Olive Trees,,incabella-images\_site\IMG_3043.jpg
https://www.incabella.co.uk/product/small-potted-olive-trees/,Medium Potted Olive Trees,,incabella-images\_site\IMG_3043-190x243@2x.jpg
https://www.incabella.co.uk/product/small-potted-olive-trees/,Medium Potted Olive Trees,,incabella-images\_site\2B86C02D-B992-47FD-8154-292F2FE7C354.jpeg
https://www.incabella.co.uk/product/small-potted-olive-trees/,Medium Potted Olive Trees,,incabella-images\_site\2B86C02D-B992-47FD-8154-292F2FE7C354.jpeg
https://www.incabella.co.uk/product/small-potted-olive-trees/,Medium Potted Olive Trees,,incabella-images\_site\2B86C02D-B992-47FD-8154-292F2FE7C354.jpeg
https://www.incabella.co.uk/product/small-potted-olive-trees/,Medium Potted Olive Trees,,incabella-images\_site\2B86C02D-B992-47FD-8154-292F2FE7C354.jpeg
https://www.incabella.co.uk/product/small-potted-olive-trees/,Medium Potted Olive Trees,,incabella-images\_site\english-country-bunting.jpg
https://www.incabella.co.uk/product/small-potted-olive-trees/,Medium Potted Olive Trees,,incabella-images\_site\english-country-bunting-114x145@2x.jpg
https://www.incabella.co.uk/product/small-potted-olive-trees/,Medium Potted Olive Trees,,incabella-images\_site\english-country-bunting.jpg
https://www.incabella.co.uk/product/small-potted-olive-trees/,Medium Potted Olive Trees,,incabella-images\_site\english-country-bunting-114x145@2x.jpg
https://www.incabella.co.uk/product/small-potted-olive-trees/,Medium Potted Olive Trees,,incabella-images\_site\IMG_7140.jpeg
https://www.incabella.co.uk/product/small-potted-olive-trees/,Medium Potted Olive Trees,,incabella-images\_site\IMG_7140.jpeg
https://www.incabella.co.uk/product/small-potted-olive-trees/,Medium Potted Olive Trees,,incabella-images\_site\0ECE9A96-8D21-45B5-99FA-412A2590D4A7.jpeg
https://www.incabella.co.uk/product/small-potted-olive-trees/,Medium Potted Olive Trees,,incabella-images\_site\0ECE9A96-8D21-45B5-99FA-412A2590D4A7.jpeg
https://www.incabella.co.uk/product/small-potted-olive-trees/,Medium Potted Olive Trees,,incabella-images\_site\29329CBA-9791-4C5A-9FA8-1596D8E787E6.jpeg
https://www.incabella.co.uk/product/small-potted-olive-trees/,Medium Potted Olive Trees,,incabella-images\_site\29329CBA-9791-4C5A-9FA8-1596D8E787E6.jpeg
https://www.incabella.co.uk/product/small-potted-olive-trees/,Medium Potted Olive Trees,,incabella-images\_site\A7EF519C-3D41-4840-81D8-93E282E1606F.jpeg
https://www.incabella.co.uk/product/small-potted-olive-trees/,Medium Potted Olive Trees,,incabella-images\_site\A7EF519C-3D41-4840-81D8-93E282E1606F.jpeg
https://www.incabella.co.uk/product/small-potted-olive-trees/,Medium Potted Olive Trees,,incabella-images\_site\IncaBella_logo_02.png
https://www.incabella.co.uk/product/swedish-lantern/,Swedish Lantern,,incabella-images\_site\IncaBella_logo_02.png
https://www.incabella.co.uk/product/swedish-lantern/,Swedish Lantern,,incabella-images\product_swedish-lantern\IMG_7145-scaled.jpeg
https://www.incabella.co.uk/product/swedish-lantern/,Swedish Lantern,,incabella-images\_site\IMG_7145.jpeg
https://www.incabella.co.uk/product/swedish-lantern/,Swedish Lantern,,incabella-images\_site\IMG_7145.jpeg
https://www.incabella.co.uk/product/swedish-lantern/,Swedish Lantern,,incabella-images\product_full-decoration-package-silver\IMG_7533-scaled.jpeg
https://www.incabella.co.uk/product/swedish-lantern/,Swedish Lantern,,incabella-images\_site\IMG_7533.jpeg
https://www.incabella.co.uk/product/swedish-lantern/,Swedish Lantern,,incabella-images\_site\IMG_7533.jpeg
https://www.incabella.co.uk/product/swedish-lantern/,Swedish Lantern,,incabella-images\product_swedish-lantern\IMG_1635-scaled.jpeg
https://www.incabella.co.uk/product/swedish-lantern/,Swedish Lantern,,incabella-images\product_swedish-lantern\IMG_1635.jpeg
https://www.incabella.co.uk/product/swedish-lantern/,Swedish Lantern,,incabella-images\product_swedish-lantern\IMG_1635.jpeg
https://www.incabella.co.uk/product/swedish-lantern/,Swedish Lantern,,incabella-images\_site\IMG_7145.jpeg
https://www.incabella.co.uk/product/swedish-lantern/,Swedish Lantern,,incabella-images\_site\IMG_7145.jpeg
https://www.incabella.co.uk/product/swedish-lantern/,Swedish Lantern,,incabella-images\_site\IMG_7533.jpeg
https://www.incabella.co.uk/product/swedish-lantern/,Swedish Lantern,,incabella-images\_site\IMG_7533.jpeg
https://www.incabella.co.uk/product/swedish-lantern/,Swedish Lantern,,incabella-images\product_swedish-lantern\IMG_1635.jpeg
https://www.incabella.co.uk/product/swedish-lantern/,Swedish Lantern,,incabella-images\product_swedish-lantern\IMG_1635.jpeg
https://www.incabella.co.uk/product/swedish-lantern/,Swedish Lantern,,incabella-images\_site\IMG_E1342.jpg
https://www.incabella.co.uk/product/swedish-lantern/,Swedish Lantern,,incabella-images\_site\IMG_E1342.jpg
https://www.incabella.co.uk/product/swedish-lantern/,Swedish Lantern,,incabella-images\_site\clear-glass-hurricane-lantern.jpeg
https://www.incabella.co.uk/product/swedish-lantern/,Swedish Lantern,,incabella-images\_site\clear-glass-hurricane-lantern.jpeg
https://www.incabella.co.uk/product/swedish-lantern/,Swedish Lantern,,incabella-images\_site\Sparkling-Silver-T-Light-20000102-A_20765.jpeg
https://www.incabella.co.uk/product/swedish-lantern/,Swedish Lantern,,incabella-images\_site\Sparkling-Silver-T-Light-20000102-A_20765.jpeg
https://www.incabella.co.uk/product/swedish-lantern/,Swedish Lantern,,incabella-images\_site\Sparkling-Silver-T-Light-Holder-IMG_4275.jpeg
https://www.incabella.co.uk/product/swedish-lantern/,Swedish Lantern,,incabella-images\_site\Sparkling-Silver-T-Light-Holder-IMG_4275.jpeg
https://www.incabella.co.uk/product/swedish-lantern/,Swedish Lantern,,incabella-images\_site\IMG_0946.jpeg
https://www.incabella.co.uk/product/swedish-lantern/,Swedish Lantern,,incabella-images\_site\IMG_0946.jpeg
https://www.incabella.co.uk/product/swedish-lantern/,Swedish Lantern,,incabella-images\_site\lantern-wrope-hndl-h250x180mm-gls-grey.jpeg
https://www.incabella.co.uk/product/swedish-lantern/,Swedish Lantern,,incabella-images\_site\lantern-wrope-hndl-h250x180mm-gls-grey.jpeg
https://www.incabella.co.uk/product/swedish-lantern/,Swedish Lantern,,incabella-images\_site\Sparkling-Silver-T-Light-20000102-A_20765.jpeg
https://www.incabella.co.uk/product/swedish-lantern/,Swedish Lantern,,incabella-images\_site\Sparkling-Silver-T-Light-20000102-A_20765.jpeg
https://www.incabella.co.uk/product/swedish-lantern/,Swedish Lantern,,incabella-images\_site\Sparkling-Silver-T-Light-Holder-IMG_4275.jpeg
https://www.incabella.co.uk/product/swedish-lantern/,Swedish Lantern,,incabella-images\_site\Sparkling-Silver-T-Light-Holder-IMG_4275.jpeg
https://www.incabella.co.uk/product/swedish-lantern/,Swedish Lantern,,incabella-images\_site\IMG_1709.jpg
https://www.incabella.co.uk/product/swedish-lantern/,Swedish Lantern,,incabella-images\_site\IMG_1709-510x652@2x.jpg
https://www.incabella.co.uk/product/swedish-lantern/,Swedish Lantern,,incabella-images\_site\tlt-hld-wbells-h80mm-clr-gls.jpeg
https://www.incabella.co.uk/product/swedish-lantern/,Swedish Lantern,,incabella-images\_site\tlt-hld-wbells-h80mm-clr-gls.jpeg
https://www.incabella.co.uk/product/swedish-lantern/,Swedish Lantern,,incabella-images\_site\sana-storm-lantern.jpg
https://www.incabella.co.uk/product/swedish-lantern/,Swedish Lantern,,incabella-images\_site\sana-storm-lantern.jpg
https://www.incabella.co.uk/product/swedish-lantern/,Swedish Lantern,,incabella-images\_site\A-FS-S-FS-A-SANA-STORM-LANTERN-SQ-7.jpeg
https://www.incabella.co.uk/product/swedish-lantern/,Swedish Lantern,,incabella-images\_site\A-FS-S-FS-A-SANA-STORM-LANTERN-SQ-7.jpeg
https://www.incabella.co.uk/product/swedish-lantern/,Swedish Lantern,,incabella-images\_site\hanging-heart-tea-light-holder.jpeg
https://www.incabella.co.uk/product/swedish-lantern/,Swedish Lantern,,incabella-images\_site\hanging-heart-tea-light-holder.jpeg
https://www.incabella.co.uk/product/swedish-lantern/,Swedish Lantern,,incabella-images\_site\hanging-heart-tea-light-holder.jpeg
https://www.incabella.co.uk/product/swedish-lantern/,Swedish Lantern,,incabella-images\_site\hanging-heart-tea-light-holder.jpeg
https://www.incabella.co.uk/product/swedish-lantern/,Swedish Lantern,,incabella-images\_site\IMG_4163.jpg
https://www.incabella.co.uk/product/swedish-lantern/,Swedish Lantern,,incabella-images\_site\IMG_4163.jpg
https://www.incabella.co.uk/product/swedish-lantern/,Swedish Lantern,,incabella-images\_site\IMG_4162-e1517836473472.jpg
https://www.incabella.co.uk/product/swedish-lantern/,Swedish Lantern,,incabella-images\_site\IMG_4162-e1517836473472.jpg
https://www.incabella.co.uk/product/swedish-lantern/,Swedish Lantern,,incabella-images\_site\5d6ad4c0-13bc-479b-8b50-cfe64523502e.jpeg
https://www.incabella.co.uk/product/swedish-lantern/,Swedish Lantern,,incabella-images\_site\5d6ad4c0-13bc-479b-8b50-cfe64523502e.jpeg
https://www.incabella.co.uk/product/swedish-lantern/,Swedish Lantern,,incabella-images\_site\fullsizeoutput_5ff9.jpeg
https://www.incabella.co.uk/product/swedish-lantern/,Swedish Lantern,,incabella-images\_site\fullsizeoutput_5ff9.jpeg
https://www.incabella.co.uk/product/swedish-lantern/,Swedish Lantern,,incabella-images\_site\25AB7D13-7599-412B-B88E-B43BB927A3F8.jpeg
https://www.incabella.co.uk/product/swedish-lantern/,Swedish Lantern,,incabella-images\_site\25AB7D13-7599-412B-B88E-B43BB927A3F8.jpeg
https://www.incabella.co.uk/product/swedish-lantern/,Swedish Lantern,,incabella-images\_site\IMG_4492.jpg
https://www.incabella.co.uk/product/swedish-lantern/,Swedish Lantern,,incabella-images\_site\IMG_4492.jpg
https://www.incabella.co.uk/product/swedish-lantern/,Swedish Lantern,,incabella-images\_site\IMG_3468.jpg
https://www.incabella.co.uk/product/swedish-lantern/,Swedish Lantern,,incabella-images\_site\IMG_3468-510x652@2x.jpg
https://www.incabella.co.uk/product/swedish-lantern/,Swedish Lantern,,incabella-images\_site\IMG_3464.jpg
https://www.incabella.co.uk/product/swedish-lantern/,Swedish Lantern,,incabella-images\_site\IMG_3464-510x652@2x.jpg
https://www.incabella.co.uk/product/swedish-lantern/,Swedish Lantern,,incabella-images\_site\IMG_8203-e1549817586734.jpg
https://www.incabella.co.uk/product/swedish-lantern/,Swedish Lantern,,incabella-images\_site\IMG_8203-e1549817586734.jpg
https://www.incabella.co.uk/product/swedish-lantern/,Swedish Lantern,,incabella-images\_site\IMG_8203-e1549817586734.jpg
https://www.incabella.co.uk/product/swedish-lantern/,Swedish Lantern,,incabella-images\_site\IMG_8203-e1549817586734.jpg
https://www.incabella.co.uk/product/swedish-lantern/,Swedish Lantern,,incabella-images\_site\IMG_1158.jpg
https://www.incabella.co.uk/product/swedish-lantern/,Swedish Lantern,,incabella-images\_site\IMG_1158-190x243@2x.jpg
https://www.incabella.co.uk/product/swedish-lantern/,Swedish Lantern,,incabella-images\_site\IMG_3519.jpg
https://www.incabella.co.uk/product/swedish-lantern/,Swedish Lantern,,incabella-images\_site\IMG_3519-510x652@2x.jpg
https://www.incabella.co.uk/product/swedish-lantern/,Swedish Lantern,,incabella-images\_site\IMG_4217-e1615561069483.jpg
https://www.incabella.co.uk/product/swedish-lantern/,Swedish Lantern,,incabella-images\_site\IMG_4217-e1615561069483.jpg
https://www.incabella.co.uk/product/swedish-lantern/,Swedish Lantern,,incabella-images\_site\IMG_5159-e1615638036380.jpg
https://www.incabella.co.uk/product/swedish-lantern/,Swedish Lantern,,incabella-images\_site\IMG_5159-e1615638036380.jpg
https://www.incabella.co.uk/product/swedish-lantern/,Swedish Lantern,,incabella-images\_site\IMG_0442.jpg
https://www.incabella.co.uk/product/swedish-lantern/,Swedish Lantern,,incabella-images\_site\IMG_0442.jpg
https://www.incabella.co.uk/product/swedish-lantern/,Swedish Lantern,,incabella-images\_site\IMG_0454.jpg
https://www.incabella.co.uk/product/swedish-lantern/,Swedish Lantern,,incabella-images\_site\IMG_0454.jpg
https://www.incabella.co.uk/product/swedish-lantern/,Swedish Lantern,,incabella-images\_site\IMG_7140.jpeg
https://www.incabella.co.uk/product/swedish-lantern/,Swedish Lantern,,incabella-images\_site\IMG_7140.jpeg
https://www.incabella.co.uk/product/swedish-lantern/,Swedish Lantern,,incabella-images\_site\0ECE9A96-8D21-45B5-99FA-412A2590D4A7.jpeg
https://www.incabella.co.uk/product/swedish-lantern/,Swedish Lantern,,incabella-images\_site\0ECE9A96-8D21-45B5-99FA-412A2590D4A7.jpeg
https://www.incabella.co.uk/product/swedish-lantern/,Swedish Lantern,,incabella-images\_site\2B86C02D-B992-47FD-8154-292F2FE7C354.jpeg
https://www.incabella.co.uk/product/swedish-lantern/,Swedish Lantern,,incabella-images\_site\2B86C02D-B992-47FD-8154-292F2FE7C354.jpeg
https://www.incabella.co.uk/product/swedish-lantern/,Swedish Lantern,,incabella-images\_site\2B86C02D-B992-47FD-8154-292F2FE7C354.jpeg
https://www.incabella.co.uk/product/swedish-lantern/,Swedish Lantern,,incabella-images\_site\2B86C02D-B992-47FD-8154-292F2FE7C354.jpeg
https://www.incabella.co.uk/product/swedish-lantern/,Swedish Lantern,,incabella-images\_site\Amy-David-88.jpg
https://www.incabella.co.uk/product/swedish-lantern/,Swedish Lantern,,incabella-images\_site\Amy-David-88.jpg
https://www.incabella.co.uk/product/swedish-lantern/,Swedish Lantern,,incabella-images\_site\Jayne-Chris-wedding-for-Lucy-0004.jpg
https://www.incabella.co.uk/product/swedish-lantern/,Swedish Lantern,,incabella-images\_site\Jayne-Chris-wedding-for-Lucy-0004.jpg
https://www.incabella.co.uk/product/swedish-lantern/,Swedish Lantern,,incabella-images\_site\IMG_0545.jpeg
https://www.incabella.co.uk/product/swedish-lantern/,Swedish Lantern,,incabella-images\_site\IMG_0545.jpeg
https://www.incabella.co.uk/product/swedish-lantern/,Swedish Lantern,,incabella-images\_site\8327bd708a67d45dc7f6637f3e61ffa5.jpg
https://www.incabella.co.uk/product/swedish-lantern/,Swedish Lantern,,incabella-images\_site\8327bd708a67d45dc7f6637f3e61ffa5.jpg
https://www.incabella.co.uk/product/swedish-lantern/,Swedish Lantern,,incabella-images\_site\IncaBella_logo_02.png
https://www.incabella.co.uk/product/wooden-arch/,Wooden Arch,,incabella-images\_site\IncaBella_logo_02.png
https://www.incabella.co.uk/product/wooden-arch/,Wooden Arch,,incabella-images\product_wooden-arch\IMG_6028-scaled.jpeg
https://www.incabella.co.uk/product/wooden-arch/,Wooden Arch,,incabella-images\_site\IMG_6028.jpeg
https://www.incabella.co.uk/product/wooden-arch/,Wooden Arch,,incabella-images\_site\IMG_6028.jpeg
https://www.incabella.co.uk/product/wooden-arch/,Wooden Arch,,incabella-images\product_wooden-arch\IMG_7714-scaled.jpeg
https://www.incabella.co.uk/product/wooden-arch/,Wooden Arch,,incabella-images\_site\IMG_7714.jpeg
https://www.incabella.co.uk/product/wooden-arch/,Wooden Arch,,incabella-images\_site\IMG_7714.jpeg
https://www.incabella.co.uk/product/wooden-arch/,Wooden Arch,,incabella-images\product_wooden-arch\IMG_6020-scaled.jpeg
https://www.incabella.co.uk/product/wooden-arch/,Wooden Arch,,incabella-images\product_wooden-arch\IMG_6020.jpeg
https://www.incabella.co.uk/product/wooden-arch/,Wooden Arch,,incabella-images\product_wooden-arch\IMG_6020.jpeg
https://www.incabella.co.uk/product/wooden-arch/,Wooden Arch,,incabella-images\product_wooden-arch\IMG_7718-scaled.jpeg
https://www.incabella.co.uk/product/wooden-arch/,Wooden Arch,,incabella-images\product_wooden-arch\IMG_7718.jpeg
https://www.incabella.co.uk/product/wooden-arch/,Wooden Arch,,incabella-images\product_wooden-arch\IMG_7718.jpeg
https://www.incabella.co.uk/product/wooden-arch/,Wooden Arch,,incabella-images\_site\IMG_6028.jpeg
https://www.incabella.co.uk/product/wooden-arch/,Wooden Arch,,incabella-images\_site\IMG_6028.jpeg
https://www.incabella.co.uk/product/wooden-arch/,Wooden Arch,,incabella-images\_site\IMG_7714.jpeg
https://www.incabella.co.uk/product/wooden-arch/,Wooden Arch,,incabella-images\_site\IMG_7714.jpeg
https://www.incabella.co.uk/product/wooden-arch/,Wooden Arch,,incabella-images\product_wooden-arch\IMG_6020.jpeg
https://www.incabella.co.uk/product/wooden-arch/,Wooden Arch,,incabella-images\product_wooden-arch\IMG_6020.jpeg
https://www.incabella.co.uk/product/wooden-arch/,Wooden Arch,,incabella-images\product_wooden-arch\IMG_7718.jpeg
https://www.incabella.co.uk/product/wooden-arch/,Wooden Arch,,incabella-images\product_wooden-arch\IMG_7718.jpeg
https://www.incabella.co.uk/product/wooden-arch/,Wooden Arch,,incabella-images\_site\IMG_E1342.jpg
https://www.incabella.co.uk/product/wooden-arch/,Wooden Arch,,incabella-images\_site\IMG_E1342.jpg
https://www.incabella.co.uk/product/wooden-arch/,Wooden Arch,,incabella-images\_site\clear-glass-hurricane-lantern.jpeg
https://www.incabella.co.uk/product/wooden-arch/,Wooden Arch,,incabella-images\_site\clear-glass-hurricane-lantern.jpeg
https://www.incabella.co.uk/product/wooden-arch/,Wooden Arch,,incabella-images\_site\Sparkling-Silver-T-Light-20000102-A_20765.jpeg
https://www.incabella.co.uk/product/wooden-arch/,Wooden Arch,,incabella-images\_site\Sparkling-Silver-T-Light-20000102-A_20765.jpeg
https://www.incabella.co.uk/product/wooden-arch/,Wooden Arch,,incabella-images\_site\Sparkling-Silver-T-Light-Holder-IMG_4275.jpeg
https://www.incabella.co.uk/product/wooden-arch/,Wooden Arch,,incabella-images\_site\Sparkling-Silver-T-Light-Holder-IMG_4275.jpeg
https://www.incabella.co.uk/product/wooden-arch/,Wooden Arch,,incabella-images\_site\sana-storm-lantern.jpg
https://www.incabella.co.uk/product/wooden-arch/,Wooden Arch,,incabella-images\_site\sana-storm-lantern.jpg
https://www.incabella.co.uk/product/wooden-arch/,Wooden Arch,,incabella-images\_site\A-FS-S-FS-A-SANA-STORM-LANTERN-SQ-7.jpeg
https://www.incabella.co.uk/product/wooden-arch/,Wooden Arch,,incabella-images\_site\A-FS-S-FS-A-SANA-STORM-LANTERN-SQ-7.jpeg
https://www.incabella.co.uk/product/wooden-arch/,Wooden Arch,,incabella-images\_site\IMG_0946.jpeg
https://www.incabella.co.uk/product/wooden-arch/,Wooden Arch,,incabella-images\_site\IMG_0946.jpeg
https://www.incabella.co.uk/product/wooden-arch/,Wooden Arch,,incabella-images\_site\lantern-wrope-hndl-h250x180mm-gls-grey.jpeg
https://www.incabella.co.uk/product/wooden-arch/,Wooden Arch,,incabella-images\_site\lantern-wrope-hndl-h250x180mm-gls-grey.jpeg
https://www.incabella.co.uk/product/wooden-arch/,Wooden Arch,,incabella-images\_site\hanging-heart-tea-light-holder.jpeg
https://www.incabella.co.uk/product/wooden-arch/,Wooden Arch,,incabella-images\_site\hanging-heart-tea-light-holder.jpeg
https://www.incabella.co.uk/product/wooden-arch/,Wooden Arch,,incabella-images\_site\hanging-heart-tea-light-holder.jpeg
https://www.incabella.co.uk/product/wooden-arch/,Wooden Arch,,incabella-images\_site\hanging-heart-tea-light-holder.jpeg
https://www.incabella.co.uk/product/wooden-arch/,Wooden Arch,,incabella-images\_site\IMG_1709.jpg
https://www.incabella.co.uk/product/wooden-arch/,Wooden Arch,,incabella-images\_site\IMG_1709-510x652@2x.jpg
https://www.incabella.co.uk/product/wooden-arch/,Wooden Arch,,incabella-images\_site\tlt-hld-wbells-h80mm-clr-gls.jpeg
https://www.incabella.co.uk/product/wooden-arch/,Wooden Arch,,incabella-images\_site\tlt-hld-wbells-h80mm-clr-gls.jpeg
https://www.incabella.co.uk/product/wooden-arch/,Wooden Arch,,incabella-images\_site\Sparkling-Silver-T-Light-20000102-A_20765.jpeg
https://www.incabella.co.uk/product/wooden-arch/,Wooden Arch,,incabella-images\_site\Sparkling-Silver-T-Light-20000102-A_20765.jpeg
https://www.incabella.co.uk/product/wooden-arch/,Wooden Arch,,incabella-images\_site\Sparkling-Silver-T-Light-Holder-IMG_4275.jpeg
https://www.incabella.co.uk/product/wooden-arch/,Wooden Arch,,incabella-images\_site\Sparkling-Silver-T-Light-Holder-IMG_4275.jpeg
https://www.incabella.co.uk/product/wooden-arch/,Wooden Arch,,incabella-images\_site\image10.jpeg
https://www.incabella.co.uk/product/wooden-arch/,Wooden Arch,,incabella-images\_site\image10.jpeg
https://www.incabella.co.uk/product/wooden-arch/,Wooden Arch,,incabella-images\_site\20473090a409721a3a4007908b32130e.jpg
https://www.incabella.co.uk/product/wooden-arch/,Wooden Arch,,incabella-images\_site\20473090a409721a3a4007908b32130e.jpg
https://www.incabella.co.uk/product/wooden-arch/,Wooden Arch,,incabella-images\_site\IMG_1158.jpg
https://www.incabella.co.uk/product/wooden-arch/,Wooden Arch,,incabella-images\_site\IMG_1158-190x243@2x.jpg
https://www.incabella.co.uk/product/wooden-arch/,Wooden Arch,,incabella-images\_site\IMG_3519.jpg
https://www.incabella.co.uk/product/wooden-arch/,Wooden Arch,,incabella-images\_site\IMG_3519-510x652@2x.jpg
https://www.incabella.co.uk/product/wooden-arch/,Wooden Arch,,incabella-images\_site\IMG_7140.jpeg
https://www.incabella.co.uk/product/wooden-arch/,Wooden Arch,,incabella-images\_site\IMG_7140.jpeg
https://www.incabella.co.uk/product/wooden-arch/,Wooden Arch,,incabella-images\_site\0ECE9A96-8D21-45B5-99FA-412A2590D4A7.jpeg
https://www.incabella.co.uk/product/wooden-arch/,Wooden Arch,,incabella-images\_site\0ECE9A96-8D21-45B5-99FA-412A2590D4A7.jpeg
https://www.incabella.co.uk/product/wooden-arch/,Wooden Arch,,incabella-images\_site\IMG_8203-e1549817586734.jpg
https://www.incabella.co.uk/product/wooden-arch/,Wooden Arch,,incabella-images\_site\IMG_8203-e1549817586734.jpg
https://www.incabella.co.uk/product/wooden-arch/,Wooden Arch,,incabella-images\_site\IMG_8203-e1549817586734.jpg
https://www.incabella.co.uk/product/wooden-arch/,Wooden Arch,,incabella-images\_site\IMG_8203-e1549817586734.jpg
https://www.incabella.co.uk/product/wooden-arch/,Wooden Arch,,incabella-images\_site\IMG_3750.jpg
https://www.incabella.co.uk/product/wooden-arch/,Wooden Arch,,incabella-images\_site\IMG_3750.jpg
https://www.incabella.co.uk/product/wooden-arch/,Wooden Arch,,incabella-images\_site\IMG_3812.jpg
https://www.incabella.co.uk/product/wooden-arch/,Wooden Arch,,incabella-images\_site\IMG_3812.jpg
https://www.incabella.co.uk/product/wooden-arch/,Wooden Arch,,incabella-images\_site\IMG_0545.jpeg
https://www.incabella.co.uk/product/wooden-arch/,Wooden Arch,,incabella-images\_site\IMG_0545.jpeg
https://www.incabella.co.uk/product/wooden-arch/,Wooden Arch,,incabella-images\_site\8327bd708a67d45dc7f6637f3e61ffa5.jpg
https://www.incabella.co.uk/product/wooden-arch/,Wooden Arch,,incabella-images\_site\8327bd708a67d45dc7f6637f3e61ffa5.jpg
https://www.incabella.co.uk/product/wooden-arch/,Wooden Arch,,incabella-images\_site\2B86C02D-B992-47FD-8154-292F2FE7C354.jpeg
https://www.incabella.co.uk/product/wooden-arch/,Wooden Arch,,incabella-images\_site\2B86C02D-B992-47FD-8154-292F2FE7C354.jpeg
https://www.incabella.co.uk/product/wooden-arch/,Wooden Arch,,incabella-images\_site\2B86C02D-B992-47FD-8154-292F2FE7C354.jpeg
https://www.incabella.co.uk/product/wooden-arch/,Wooden Arch,,incabella-images\_site\2B86C02D-B992-47FD-8154-292F2FE7C354.jpeg
https://www.incabella.co.uk/product/wooden-arch/,Wooden Arch,,incabella-images\_site\Amy-David-88.jpg
https://www.incabella.co.uk/product/wooden-arch/,Wooden Arch,,incabella-images\_site\Amy-David-88.jpg
https://www.incabella.co.uk/product/wooden-arch/,Wooden Arch,,incabella-images\_site\Jayne-Chris-wedding-for-Lucy-0004.jpg
https://www.incabella.co.uk/product/wooden-arch/,Wooden Arch,,incabella-images\_site\Jayne-Chris-wedding-for-Lucy-0004.jpg
https://www.incabella.co.uk/product/wooden-arch/,Wooden Arch,,incabella-images\_site\IMG_0442.jpg
https://www.incabella.co.uk/product/wooden-arch/,Wooden Arch,,incabella-images\_site\IMG_0442.jpg
https://www.incabella.co.uk/product/wooden-arch/,Wooden Arch,,incabella-images\_site\IMG_0454.jpg
https://www.incabella.co.uk/product/wooden-arch/,Wooden Arch,,incabella-images\_site\IMG_0454.jpg
https://www.incabella.co.uk/product/wooden-arch/,Wooden Arch,,incabella-images\_site\IMG_5842-e1517833177128.jpg
https://www.incabella.co.uk/product/wooden-arch/,Wooden Arch,,incabella-images\_site\IMG_5842-e1517833177128.jpg
https://www.incabella.co.uk/product/wooden-arch/,Wooden Arch,,incabella-images\_site\IMG_5841-e1517832558639.jpg
https://www.incabella.co.uk/product/wooden-arch/,Wooden Arch,,incabella-images\_site\IMG_5841-e1517832558639.jpg
https://www.incabella.co.uk/product/wooden-arch/,Wooden Arch,,incabella-images\_site\EL-ES-APR-2022-0435.jpg
https://www.incabella.co.uk/product/wooden-arch/,Wooden Arch,,incabella-images\_site\EL-ES-APR-2022-0435.jpg
https://www.incabella.co.uk/product/wooden-arch/,Wooden Arch,,incabella-images\_site\IMG_0520.jpeg
https://www.incabella.co.uk/product/wooden-arch/,Wooden Arch,,incabella-images\_site\IMG_0520.jpeg
https://www.incabella.co.uk/product/wooden-arch/,Wooden Arch,,incabella-images\_site\5d6ad4c0-13bc-479b-8b50-cfe64523502e.jpeg
https://www.incabella.co.uk/product/wooden-arch/,Wooden Arch,,incabella-images\_site\5d6ad4c0-13bc-479b-8b50-cfe64523502e.jpeg
https://www.incabella.co.uk/product/wooden-arch/,Wooden Arch,,incabella-images\_site\fullsizeoutput_5ff9.jpeg
https://www.incabella.co.uk/product/wooden-arch/,Wooden Arch,,incabella-images\_site\fullsizeoutput_5ff9.jpeg
https://www.incabella.co.uk/product/wooden-arch/,Wooden Arch,,incabella-images\_site\Image.jpg
https://www.incabella.co.uk/product/wooden-arch/,Wooden Arch,,incabella-images\_site\Image.jpg
https://www.incabella.co.uk/product/wooden-arch/,Wooden Arch,,incabella-images\_site\IMG_9301.jpg
https://www.incabella.co.uk/product/wooden-arch/,Wooden Arch,,incabella-images\_site\IMG_9301-510x652@2x.jpg
https://www.incabella.co.uk/product/wooden-arch/,Wooden Arch,,incabella-images\_site\IncaBella_logo_02.png
https://www.incabella.co.uk/product/bunting/,Country Bunting – 25 Metres,,incabella-images\_site\IncaBella_logo_02.png
https://www.incabella.co.uk/product/bunting/,Country Bunting – 25 Metres,,incabella-images\_site\english-country-bunting.jpg
https://www.incabella.co.uk/product/bunting/,Country Bunting – 25 Metres,,incabella-images\_site\english-country-bunting.jpg
https://www.incabella.co.uk/product/bunting/,Country Bunting – 25 Metres,,incabella-images\_site\english-country-bunting.jpg
https://www.incabella.co.uk/product/bunting/,Country Bunting – 25 Metres,,incabella-images\_site\english-country-bunting.jpg
https://www.incabella.co.uk/product/bunting/,Country Bunting – 25 Metres,,incabella-images\_site\english-country-bunting.jpg
https://www.incabella.co.uk/product/bunting/,Country Bunting – 25 Metres,,incabella-images\_site\english-country-bunting.jpg
https://www.incabella.co.uk/product/bunting/,Country Bunting – 25 Metres,,incabella-images\_site\english-country-bunting.jpg
https://www.incabella.co.uk/product/bunting/,Country Bunting – 25 Metres,,incabella-images\_site\english-country-bunting-114x145@2x.jpg
https://www.incabella.co.uk/product/bunting/,Country Bunting – 25 Metres,,incabella-images\_site\english-country-bunting.jpg
https://www.incabella.co.uk/product/bunting/,Country Bunting – 25 Metres,,incabella-images\_site\english-country-bunting-114x145@2x.jpg
https://www.incabella.co.uk/product/bunting/,Country Bunting – 25 Metres,,incabella-images\_site\sana-storm-lantern.jpg
https://www.incabella.co.uk/product/bunting/,Country Bunting – 25 Metres,,incabella-images\_site\sana-storm-lantern.jpg
https://www.incabella.co.uk/product/bunting/,Country Bunting – 25 Metres,,incabella-images\_site\A-FS-S-FS-A-SANA-STORM-LANTERN-SQ-7.jpeg
https://www.incabella.co.uk/product/bunting/,Country Bunting – 25 Metres,,incabella-images\_site\A-FS-S-FS-A-SANA-STORM-LANTERN-SQ-7.jpeg
https://www.incabella.co.uk/product/bunting/,Country Bunting – 25 Metres,,incabella-images\_site\IMG_1709.jpg
https://www.incabella.co.uk/product/bunting/,Country Bunting – 25 Metres,,incabella-images\_site\IMG_1709-510x652@2x.jpg
https://www.incabella.co.uk/product/bunting/,Country Bunting – 25 Metres,,incabella-images\_site\tlt-hld-wbells-h80mm-clr-gls.jpeg
https://www.incabella.co.uk/product/bunting/,Country Bunting – 25 Metres,,incabella-images\_site\tlt-hld-wbells-h80mm-clr-gls.jpeg
https://www.incabella.co.uk/product/bunting/,Country Bunting – 25 Metres,,incabella-images\_site\Sparkling-Silver-T-Light-20000102-A_20765.jpeg
https://www.incabella.co.uk/product/bunting/,Country Bunting – 25 Metres,,incabella-images\_site\Sparkling-Silver-T-Light-20000102-A_20765.jpeg
https://www.incabella.co.uk/product/bunting/,Country Bunting – 25 Metres,,incabella-images\_site\Sparkling-Silver-T-Light-Holder-IMG_4275.jpeg
https://www.incabella.co.uk/product/bunting/,Country Bunting – 25 Metres,,incabella-images\_site\Sparkling-Silver-T-Light-Holder-IMG_4275.jpeg
https://www.incabella.co.uk/product/bunting/,Country Bunting – 25 Metres,,incabella-images\_site\IMG_0946.jpeg
https://www.incabella.co.uk/product/bunting/,Country Bunting – 25 Metres,,incabella-images\_site\IMG_0946.jpeg
https://www.incabella.co.uk/product/bunting/,Country Bunting – 25 Metres,,incabella-images\_site\lantern-wrope-hndl-h250x180mm-gls-grey.jpeg
https://www.incabella.co.uk/product/bunting/,Country Bunting – 25 Metres,,incabella-images\_site\lantern-wrope-hndl-h250x180mm-gls-grey.jpeg
https://www.incabella.co.uk/product/bunting/,Country Bunting – 25 Metres,,incabella-images\_site\Sparkling-Silver-T-Light-20000102-A_20765.jpeg
https://www.incabella.co.uk/product/bunting/,Country Bunting – 25 Metres,,incabella-images\_site\Sparkling-Silver-T-Light-20000102-A_20765.jpeg
https://www.incabella.co.uk/product/bunting/,Country Bunting – 25 Metres,,incabella-images\_site\Sparkling-Silver-T-Light-Holder-IMG_4275.jpeg
https://www.incabella.co.uk/product/bunting/,Country Bunting – 25 Metres,,incabella-images\_site\Sparkling-Silver-T-Light-Holder-IMG_4275.jpeg
https://www.incabella.co.uk/product/bunting/,Country Bunting – 25 Metres,,incabella-images\_site\IMG_E1342.jpg
https://www.incabella.co.uk/product/bunting/,Country Bunting – 25 Metres,,incabella-images\_site\IMG_E1342.jpg
https://www.incabella.co.uk/product/bunting/,Country Bunting – 25 Metres,,incabella-images\_site\clear-glass-hurricane-lantern.jpeg
https://www.incabella.co.uk/product/bunting/,Country Bunting – 25 Metres,,incabella-images\_site\clear-glass-hurricane-lantern.jpeg
https://www.incabella.co.uk/product/bunting/,Country Bunting – 25 Metres,,incabella-images\_site\image10.jpeg
https://www.incabella.co.uk/product/bunting/,Country Bunting – 25 Metres,,incabella-images\_site\image10.jpeg
https://www.incabella.co.uk/product/bunting/,Country Bunting – 25 Metres,,incabella-images\_site\20473090a409721a3a4007908b32130e.jpg
https://www.incabella.co.uk/product/bunting/,Country Bunting – 25 Metres,,incabella-images\_site\20473090a409721a3a4007908b32130e.jpg
https://www.incabella.co.uk/product/bunting/,Country Bunting – 25 Metres,,incabella-images\_site\hanging-heart-tea-light-holder.jpeg
https://www.incabella.co.uk/product/bunting/,Country Bunting – 25 Metres,,incabella-images\_site\hanging-heart-tea-light-holder.jpeg
https://www.incabella.co.uk/product/bunting/,Country Bunting – 25 Metres,,incabella-images\_site\hanging-heart-tea-light-holder.jpeg
https://www.incabella.co.uk/product/bunting/,Country Bunting – 25 Metres,,incabella-images\_site\hanging-heart-tea-light-holder.jpeg
https://www.incabella.co.uk/product/bunting/,Country Bunting – 25 Metres,,incabella-images\_site\fullsizeoutput_50c2.jpeg
https://www.incabella.co.uk/product/bunting/,Country Bunting – 25 Metres,,incabella-images\_site\fullsizeoutput_50c2.jpeg
https://www.incabella.co.uk/product/bunting/,Country Bunting – 25 Metres,,incabella-images\_site\IMG_6448-e1520889491374.jpg
https://www.incabella.co.uk/product/bunting/,Country Bunting – 25 Metres,,incabella-images\_site\IMG_6448-e1520889491374.jpg
https://www.incabella.co.uk/product/bunting/,Country Bunting – 25 Metres,,incabella-images\_site\Amy-David-88.jpg
https://www.incabella.co.uk/product/bunting/,Country Bunting – 25 Metres,,incabella-images\_site\Amy-David-88.jpg
https://www.incabella.co.uk/product/bunting/,Country Bunting – 25 Metres,,incabella-images\_site\Jayne-Chris-wedding-for-Lucy-0004.jpg
https://www.incabella.co.uk/product/bunting/,Country Bunting – 25 Metres,,incabella-images\_site\Jayne-Chris-wedding-for-Lucy-0004.jpg
https://www.incabella.co.uk/product/bunting/,Country Bunting – 25 Metres,,incabella-images\_site\IMG_3750.jpg
https://www.incabella.co.uk/product/bunting/,Country Bunting – 25 Metres,,incabella-images\_site\IMG_3750.jpg
https://www.incabella.co.uk/product/bunting/,Country Bunting – 25 Metres,,incabella-images\_site\IMG_3812.jpg
https://www.incabella.co.uk/product/bunting/,Country Bunting – 25 Metres,,incabella-images\_site\IMG_3812.jpg
https://www.incabella.co.uk/product/bunting/,Country Bunting – 25 Metres,,incabella-images\_site\IMG_7450.jpeg
https://www.incabella.co.uk/product/bunting/,Country Bunting – 25 Metres,,incabella-images\_site\IMG_7450.jpeg
https://www.incabella.co.uk/product/bunting/,Country Bunting – 25 Metres,,incabella-images\_site\IMG_1085.jpg
https://www.incabella.co.uk/product/bunting/,Country Bunting – 25 Metres,,incabella-images\_site\IMG_1085-510x652@2x.jpg
https://www.incabella.co.uk/product/bunting/,Country Bunting – 25 Metres,,incabella-images\_site\880A161C-0A42-4AD4-99AC-5E53B5188CE4.jpeg
https://www.incabella.co.uk/product/bunting/,Country Bunting – 25 Metres,,incabella-images\_site\880A161C-0A42-4AD4-99AC-5E53B5188CE4.jpeg
https://www.incabella.co.uk/product/bunting/,Country Bunting – 25 Metres,,incabella-images\_site\6A35E8F8-C756-4D74-A18D-9532A67C0D46.jpeg
https://www.incabella.co.uk/product/bunting/,Country Bunting – 25 Metres,,incabella-images\_site\6A35E8F8-C756-4D74-A18D-9532A67C0D46.jpeg
https://www.incabella.co.uk/product/bunting/,Country Bunting – 25 Metres,,incabella-images\_site\Image.jpg
https://www.incabella.co.uk/product/bunting/,Country Bunting – 25 Metres,,incabella-images\_site\Image.jpg
https://www.incabella.co.uk/product/bunting/,Country Bunting – 25 Metres,,incabella-images\_site\IMG_9301.jpg
https://www.incabella.co.uk/product/bunting/,Country Bunting – 25 Metres,,incabella-images\_site\IMG_9301-510x652@2x.jpg
https://www.incabella.co.uk/product/bunting/,Country Bunting – 25 Metres,,incabella-images\_site\25AB7D13-7599-412B-B88E-B43BB927A3F8.jpeg
https://www.incabella.co.uk/product/bunting/,Country Bunting – 25 Metres,,incabella-images\_site\25AB7D13-7599-412B-B88E-B43BB927A3F8.jpeg
https://www.incabella.co.uk/product/bunting/,Country Bunting – 25 Metres,,incabella-images\_site\IMG_4492.jpg
https://www.incabella.co.uk/product/bunting/,Country Bunting – 25 Metres,,incabella-images\_site\IMG_4492.jpg
https://www.incabella.co.uk/product/bunting/,Country Bunting – 25 Metres,,incabella-images\_site\IMG_8203-e1549817586734.jpg
https://www.incabella.co.uk/product/bunting/,Country Bunting – 25 Metres,,incabella-images\_site\IMG_8203-e1549817586734.jpg
https://www.incabella.co.uk/product/bunting/,Country Bunting – 25 Metres,,incabella-images\_site\IMG_8203-e1549817586734.jpg
https://www.incabella.co.uk/product/bunting/,Country Bunting – 25 Metres,,incabella-images\_site\IMG_8203-e1549817586734.jpg
https://www.incabella.co.uk/product/bunting/,Country Bunting – 25 Metres,,incabella-images\_site\IMG_1673.jpg
https://www.incabella.co.uk/product/bunting/,Country Bunting – 25 Metres,,incabella-images\_site\IMG_1673-510x652@2x.jpg
https://www.incabella.co.uk/product/bunting/,Country Bunting – 25 Metres,,incabella-images\_site\4600494.jpg
https://www.incabella.co.uk/product/bunting/,Country Bunting – 25 Metres,,incabella-images\_site\4600494-114x145@2x.jpg
https://www.incabella.co.uk/product/bunting/,Country Bunting – 25 Metres,,incabella-images\_site\IMG_3120.jpg
https://www.incabella.co.uk/product/bunting/,Country Bunting – 25 Metres,,incabella-images\_site\IMG_3120-510x652@2x.jpg
https://www.incabella.co.uk/product/bunting/,Country Bunting – 25 Metres,,incabella-images\_site\IMG_3119.jpg
https://www.incabella.co.uk/product/bunting/,Country Bunting – 25 Metres,,incabella-images\_site\IMG_3119-510x652@2x.jpg
https://www.incabella.co.uk/product/bunting/,Country Bunting – 25 Metres,,incabella-images\_site\IMG_1158.jpg
https://www.incabella.co.uk/product/bunting/,Country Bunting – 25 Metres,,incabella-images\_site\IMG_1158-190x243@2x.jpg
https://www.incabella.co.uk/product/bunting/,Country Bunting – 25 Metres,,incabella-images\_site\IMG_3519.jpg
https://www.incabella.co.uk/product/bunting/,Country Bunting – 25 Metres,,incabella-images\_site\IMG_3519-510x652@2x.jpg
https://www.incabella.co.uk/product/bunting/,Country Bunting – 25 Metres,,incabella-images\_site\EL-ES-APR-2022-0358.jpeg
https://www.incabella.co.uk/product/bunting/,Country Bunting – 25 Metres,,incabella-images\_site\EL-ES-APR-2022-0358.jpeg
https://www.incabella.co.uk/product/bunting/,Country Bunting – 25 Metres,,incabella-images\_site\31814EA0-7BDD-4917-9473-9F2F44BA7DBD.jpeg
https://www.incabella.co.uk/product/bunting/,Country Bunting – 25 Metres,,incabella-images\_site\31814EA0-7BDD-4917-9473-9F2F44BA7DBD.jpeg
https://www.incabella.co.uk/product/bunting/,Country Bunting – 25 Metres,,incabella-images\_site\IncaBella_logo_02.png
https://www.incabella.co.uk/product/large-heart-light/,Large Heart Light,,incabella-images\_site\IncaBella_logo_02.png
https://www.incabella.co.uk/product/large-heart-light/,Large Heart Light,,incabella-images\_site\IMG_7450.jpeg
https://www.incabella.co.uk/product/large-heart-light/,Large Heart Light,,incabella-images\_site\IMG_7450.jpeg
https://www.incabella.co.uk/product/large-heart-light/,Large Heart Light,,incabella-images\_site\IMG_7450.jpeg
https://www.incabella.co.uk/product/large-heart-light/,Large Heart Light,,incabella-images\_site\IMG_1085.jpg
https://www.incabella.co.uk/product/large-heart-light/,Large Heart Light,,incabella-images\_site\IMG_1085.jpg
https://www.incabella.co.uk/product/large-heart-light/,Large Heart Light,,incabella-images\_site\IMG_1085-510x652@2x.jpg
https://www.incabella.co.uk/product/large-heart-light/,Large Heart Light,,incabella-images\product_large-heart-light\IMG_1084.jpg
https://www.incabella.co.uk/product/large-heart-light/,Large Heart Light,,incabella-images\product_large-heart-light\IMG_1084.jpg
https://www.incabella.co.uk/product/large-heart-light/,Large Heart Light,,incabella-images\product_large-heart-light\IMG_1084-510x652@2x.jpg
https://www.incabella.co.uk/product/large-heart-light/,Large Heart Light,,incabella-images\_site\IMG_7450.jpeg
https://www.incabella.co.uk/product/large-heart-light/,Large Heart Light,,incabella-images\_site\IMG_7450.jpeg
https://www.incabella.co.uk/product/large-heart-light/,Large Heart Light,,incabella-images\_site\IMG_7450.jpeg
https://www.incabella.co.uk/product/large-heart-light/,Large Heart Light,,incabella-images\_site\IMG_7450.jpeg
https://www.incabella.co.uk/product/large-heart-light/,Large Heart Light,,incabella-images\_site\IMG_7450.jpeg
https://www.incabella.co.uk/product/large-heart-light/,Large Heart Light,,incabella-images\_site\IMG_1085.jpg
https://www.incabella.co.uk/product/large-heart-light/,Large Heart Light,,incabella-images\_site\IMG_1085-510x652@2x.jpg
https://www.incabella.co.uk/product/large-heart-light/,Large Heart Light,,incabella-images\product_large-heart-light\IMG_1084.jpg
https://www.incabella.co.uk/product/large-heart-light/,Large Heart Light,,incabella-images\product_large-heart-light\IMG_1084-510x652@2x.jpg
https://www.incabella.co.uk/product/large-heart-light/,Large Heart Light,,incabella-images\_site\IMG_7450.jpeg
https://www.incabella.co.uk/product/large-heart-light/,Large Heart Light,,incabella-images\_site\IMG_7450.jpeg
https://www.incabella.co.uk/product/large-heart-light/,Large Heart Light,,incabella-images\_site\IMG_1709.jpg
https://www.incabella.co.uk/product/large-heart-light/,Large Heart Light,,incabella-images\_site\IMG_1709-510x652@2x.jpg
https://www.incabella.co.uk/product/large-heart-light/,Large Heart Light,,incabella-images\_site\tlt-hld-wbells-h80mm-clr-gls.jpeg
https://www.incabella.co.uk/product/large-heart-light/,Large Heart Light,,incabella-images\_site\tlt-hld-wbells-h80mm-clr-gls.jpeg
https://www.incabella.co.uk/product/large-heart-light/,Large Heart Light,,incabella-images\_site\Sparkling-Silver-T-Light-20000102-A_20765.jpeg
https://www.incabella.co.uk/product/large-heart-light/,Large Heart Light,,incabella-images\_site\Sparkling-Silver-T-Light-20000102-A_20765.jpeg
https://www.incabella.co.uk/product/large-heart-light/,Large Heart Light,,incabella-images\_site\Sparkling-Silver-T-Light-Holder-IMG_4275.jpeg
https://www.incabella.co.uk/product/large-heart-light/,Large Heart Light,,incabella-images\_site\Sparkling-Silver-T-Light-Holder-IMG_4275.jpeg
https://www.incabella.co.uk/product/large-heart-light/,Large Heart Light,,incabella-images\_site\Sparkling-Silver-T-Light-20000102-A_20765.jpeg
https://www.incabella.co.uk/product/large-heart-light/,Large Heart Light,,incabella-images\_site\Sparkling-Silver-T-Light-20000102-A_20765.jpeg
https://www.incabella.co.uk/product/large-heart-light/,Large Heart Light,,incabella-images\_site\Sparkling-Silver-T-Light-Holder-IMG_4275.jpeg
https://www.incabella.co.uk/product/large-heart-light/,Large Heart Light,,incabella-images\_site\Sparkling-Silver-T-Light-Holder-IMG_4275.jpeg
https://www.incabella.co.uk/product/large-heart-light/,Large Heart Light,,incabella-images\_site\hanging-heart-tea-light-holder.jpeg
https://www.incabella.co.uk/product/large-heart-light/,Large Heart Light,,incabella-images\_site\hanging-heart-tea-light-holder.jpeg
https://www.incabella.co.uk/product/large-heart-light/,Large Heart Light,,incabella-images\_site\hanging-heart-tea-light-holder.jpeg
https://www.incabella.co.uk/product/large-heart-light/,Large Heart Light,,incabella-images\_site\hanging-heart-tea-light-holder.jpeg
https://www.incabella.co.uk/product/large-heart-light/,Large Heart Light,,incabella-images\_site\image10.jpeg
https://www.incabella.co.uk/product/large-heart-light/,Large Heart Light,,incabella-images\_site\image10.jpeg
https://www.incabella.co.uk/product/large-heart-light/,Large Heart Light,,incabella-images\_site\20473090a409721a3a4007908b32130e.jpg
https://www.incabella.co.uk/product/large-heart-light/,Large Heart Light,,incabella-images\_site\20473090a409721a3a4007908b32130e.jpg
https://www.incabella.co.uk/product/large-heart-light/,Large Heart Light,,incabella-images\_site\IMG_E1342.jpg
https://www.incabella.co.uk/product/large-heart-light/,Large Heart Light,,incabella-images\_site\IMG_E1342.jpg
https://www.incabella.co.uk/product/large-heart-light/,Large Heart Light,,incabella-images\_site\clear-glass-hurricane-lantern.jpeg
https://www.incabella.co.uk/product/large-heart-light/,Large Heart Light,,incabella-images\_site\clear-glass-hurricane-lantern.jpeg
https://www.incabella.co.uk/product/large-heart-light/,Large Heart Light,,incabella-images\_site\IMG_0946.jpeg
https://www.incabella.co.uk/product/large-heart-light/,Large Heart Light,,incabella-images\_site\IMG_0946.jpeg
https://www.incabella.co.uk/product/large-heart-light/,Large Heart Light,,incabella-images\_site\lantern-wrope-hndl-h250x180mm-gls-grey.jpeg
https://www.incabella.co.uk/product/large-heart-light/,Large Heart Light,,incabella-images\_site\lantern-wrope-hndl-h250x180mm-gls-grey.jpeg
https://www.incabella.co.uk/product/large-heart-light/,Large Heart Light,,incabella-images\_site\sana-storm-lantern.jpg
https://www.incabella.co.uk/product/large-heart-light/,Large Heart Light,,incabella-images\_site\sana-storm-lantern.jpg
https://www.incabella.co.uk/product/large-heart-light/,Large Heart Light,,incabella-images\_site\A-FS-S-FS-A-SANA-STORM-LANTERN-SQ-7.jpeg
https://www.incabella.co.uk/product/large-heart-light/,Large Heart Light,,incabella-images\_site\A-FS-S-FS-A-SANA-STORM-LANTERN-SQ-7.jpeg
https://www.incabella.co.uk/product/large-heart-light/,Large Heart Light,,incabella-images\_site\29329CBA-9791-4C5A-9FA8-1596D8E787E6.jpeg
https://www.incabella.co.uk/product/large-heart-light/,Large Heart Light,,incabella-images\_site\29329CBA-9791-4C5A-9FA8-1596D8E787E6.jpeg
https://www.incabella.co.uk/product/large-heart-light/,Large Heart Light,,incabella-images\_site\A7EF519C-3D41-4840-81D8-93E282E1606F.jpeg
https://www.incabella.co.uk/product/large-heart-light/,Large Heart Light,,incabella-images\_site\A7EF519C-3D41-4840-81D8-93E282E1606F.jpeg
https://www.incabella.co.uk/product/large-heart-light/,Large Heart Light,,incabella-images\_site\Amy-David-88.jpg
https://www.incabella.co.uk/product/large-heart-light/,Large Heart Light,,incabella-images\_site\Amy-David-88.jpg
https://www.incabella.co.uk/product/large-heart-light/,Large Heart Light,,incabella-images\_site\Jayne-Chris-wedding-for-Lucy-0004.jpg
https://www.incabella.co.uk/product/large-heart-light/,Large Heart Light,,incabella-images\_site\Jayne-Chris-wedding-for-Lucy-0004.jpg
https://www.incabella.co.uk/product/large-heart-light/,Large Heart Light,,incabella-images\_site\english-country-bunting.jpg
https://www.incabella.co.uk/product/large-heart-light/,Large Heart Light,,incabella-images\_site\english-country-bunting-114x145@2x.jpg
https://www.incabella.co.uk/product/large-heart-light/,Large Heart Light,,incabella-images\_site\english-country-bunting.jpg
https://www.incabella.co.uk/product/large-heart-light/,Large Heart Light,,incabella-images\_site\english-country-bunting-114x145@2x.jpg
https://www.incabella.co.uk/product/large-heart-light/,Large Heart Light,,incabella-images\_site\IMG_4803.jpg
https://www.incabella.co.uk/product/large-heart-light/,Large Heart Light,,incabella-images\_site\IMG_4803-510x652@2x.jpg
https://www.incabella.co.uk/product/large-heart-light/,Large Heart Light,,incabella-images\_site\IMG_4803.jpg
https://www.incabella.co.uk/product/large-heart-light/,Large Heart Light,,incabella-images\_site\IMG_4803-510x652@2x.jpg
https://www.incabella.co.uk/product/large-heart-light/,Large Heart Light,,incabella-images\_site\5d6ad4c0-13bc-479b-8b50-cfe64523502e.jpeg
https://www.incabella.co.uk/product/large-heart-light/,Large Heart Light,,incabella-images\_site\5d6ad4c0-13bc-479b-8b50-cfe64523502e.jpeg
https://www.incabella.co.uk/product/large-heart-light/,Large Heart Light,,incabella-images\_site\fullsizeoutput_5ff9.jpeg
https://www.incabella.co.uk/product/large-heart-light/,Large Heart Light,,incabella-images\_site\fullsizeoutput_5ff9.jpeg
https://www.incabella.co.uk/product/large-heart-light/,Large Heart Light,,incabella-images\_site\IMG_1684.jpeg
https://www.incabella.co.uk/product/large-heart-light/,Large Heart Light,,incabella-images\_site\IMG_1684.jpeg
https://www.incabella.co.uk/product/large-heart-light/,Large Heart Light,,incabella-images\_site\621943C4-766A-4041-A514-A62C4C49CE51-1.jpeg
https://www.incabella.co.uk/product/large-heart-light/,Large Heart Light,,incabella-images\_site\621943C4-766A-4041-A514-A62C4C49CE51-1.jpeg
https://www.incabella.co.uk/product/large-heart-light/,Large Heart Light,,incabella-images\_site\IMG_1970.jpg
https://www.incabella.co.uk/product/large-heart-light/,Large Heart Light,,incabella-images\_site\IMG_1970-510x652@2x.jpg
https://www.incabella.co.uk/product/large-heart-light/,Large Heart Light,,incabella-images\_site\Image-3.jpg
https://www.incabella.co.uk/product/large-heart-light/,Large Heart Light,,incabella-images\_site\Image-3-510x652@2x.jpg
https://www.incabella.co.uk/product/large-heart-light/,Large Heart Light,,incabella-images\_site\IMG_8203-e1549817586734.jpg
https://www.incabella.co.uk/product/large-heart-light/,Large Heart Light,,incabella-images\_site\IMG_8203-e1549817586734.jpg
https://www.incabella.co.uk/product/large-heart-light/,Large Heart Light,,incabella-images\_site\IMG_8203-e1549817586734.jpg
https://www.incabella.co.uk/product/large-heart-light/,Large Heart Light,,incabella-images\_site\IMG_8203-e1549817586734.jpg
https://www.incabella.co.uk/product/large-heart-light/,Large Heart Light,,incabella-images\_site\IMG_3120.jpg
https://www.incabella.co.uk/product/large-heart-light/,Large Heart Light,,incabella-images\_site\IMG_3120-510x652@2x.jpg
https://www.incabella.co.uk/product/large-heart-light/,Large Heart Light,,incabella-images\_site\IMG_3119.jpg
https://www.incabella.co.uk/product/large-heart-light/,Large Heart Light,,incabella-images\_site\IMG_3119-510x652@2x.jpg
https://www.incabella.co.uk/product/large-heart-light/,Large Heart Light,,incabella-images\_site\fullsizeoutput_50c2.jpeg
https://www.incabella.co.uk/product/large-heart-light/,Large Heart Light,,incabella-images\_site\fullsizeoutput_50c2.jpeg
https://www.incabella.co.uk/product/large-heart-light/,Large Heart Light,,incabella-images\_site\IMG_6448-e1520889491374.jpg
https://www.incabella.co.uk/product/large-heart-light/,Large Heart Light,,incabella-images\_site\IMG_6448-e1520889491374.jpg
https://www.incabella.co.uk/product/large-heart-light/,Large Heart Light,,incabella-images\_site\IMG_7140.jpeg
https://www.incabella.co.uk/product/large-heart-light/,Large Heart Light,,incabella-images\_site\IMG_7140.jpeg
https://www.incabella.co.uk/product/large-heart-light/,Large Heart Light,,incabella-images\_site\0ECE9A96-8D21-45B5-99FA-412A2590D4A7.jpeg
https://www.incabella.co.uk/product/large-heart-light/,Large Heart Light,,incabella-images\_site\0ECE9A96-8D21-45B5-99FA-412A2590D4A7.jpeg
https://www.incabella.co.uk/product/large-heart-light/,Large Heart Light,,incabella-images\_site\IMG_1158.jpg
https://www.incabella.co.uk/product/large-heart-light/,Large Heart Light,,incabella-images\_site\IMG_1158-190x243@2x.jpg
https://www.incabella.co.uk/product/large-heart-light/,Large Heart Light,,incabella-images\_site\IMG_3519.jpg
https://www.incabella.co.uk/product/large-heart-light/,Large Heart Light,,incabella-images\_site\IMG_3519-510x652@2x.jpg
https://www.incabella.co.uk/product/large-heart-light/,Large Heart Light,,incabella-images\_site\IncaBella_logo_02.png
https://www.incabella.co.uk/product-category/lanterns-decorations/,Lanterns & Decorations,,incabella-images\_site\IncaBella_logo_02.png
https://www.incabella.co.uk/product-category/lanterns-decorations/,Lanterns & Decorations,,incabella-images\_site\EL-ES-APR-2022-0435.jpg
https://www.incabella.co.uk/product-category/lanterns-decorations/,Lanterns & Decorations,,incabella-images\_site\EL-ES-APR-2022-0435.jpg
https://www.incabella.co.uk/product-category/lanterns-decorations/,Lanterns & Decorations,,incabella-images\_site\IMG_0520.jpeg
https://www.incabella.co.uk/product-category/lanterns-decorations/,Lanterns & Decorations,,incabella-images\_site\IMG_0520.jpeg
https://www.incabella.co.uk/product-category/lanterns-decorations/,Lanterns & Decorations,,incabella-images\_site\EL-ES-APR-2022-0435.jpg
https://www.incabella.co.uk/product-category/lanterns-decorations/,Lanterns & Decorations,,incabella-images\_site\EL-ES-APR-2022-0435.jpg
https://www.incabella.co.uk/product-category/lanterns-decorations/,Lanterns & Decorations,,incabella-images\_site\IMG_0520.jpeg
https://www.incabella.co.uk/product-category/lanterns-decorations/,Lanterns & Decorations,,incabella-images\_site\IMG_0520.jpeg
https://www.incabella.co.uk/product-category/lanterns-decorations/,Lanterns & Decorations,,incabella-images\_site\IMG_4084.jpeg
https://www.incabella.co.uk/product-category/lanterns-decorations/,Lanterns & Decorations,,incabella-images\_site\IMG_4084.jpeg
https://www.incabella.co.uk/product-category/lanterns-decorations/,Lanterns & Decorations,,incabella-images\_site\IMG_3684.jpeg
https://www.incabella.co.uk/product-category/lanterns-decorations/,Lanterns & Decorations,,incabella-images\_site\IMG_3684.jpeg
https://www.incabella.co.uk/product-category/lanterns-decorations/,Lanterns & Decorations,,incabella-images\_site\IMG_7953.jpeg
https://www.incabella.co.uk/product-category/lanterns-decorations/,Lanterns & Decorations,,incabella-images\_site\IMG_7953.jpeg
https://www.incabella.co.uk/product-category/lanterns-decorations/,Lanterns & Decorations,,incabella-images\_site\873F2BAE-D7E1-4031-9F1F-6913BD571894.jpeg
https://www.incabella.co.uk/product-category/lanterns-decorations/,Lanterns & Decorations,,incabella-images\_site\873F2BAE-D7E1-4031-9F1F-6913BD571894.jpeg
https://www.incabella.co.uk/product-category/lanterns-decorations/,Lanterns & Decorations,,incabella-images\_site\EL-ES-APR-2022-0435.jpg
https://www.incabella.co.uk/product-category/lanterns-decorations/,Lanterns & Decorations,,incabella-images\_site\EL-ES-APR-2022-0435.jpg
https://www.incabella.co.uk/product-category/lanterns-decorations/,Lanterns & Decorations,,incabella-images\_site\IMG_0520.jpeg
https://www.incabella.co.uk/product-category/lanterns-decorations/,Lanterns & Decorations,,incabella-images\_site\IMG_0520.jpeg
https://www.incabella.co.uk/product-category/lanterns-decorations/,Lanterns & Decorations,,incabella-images\_site\IMG_6028.jpeg
https://www.incabella.co.uk/product-category/lanterns-decorations/,Lanterns & Decorations,,incabella-images\_site\IMG_6028.jpeg
https://www.incabella.co.uk/product-category/lanterns-decorations/,Lanterns & Decorations,,incabella-images\_site\IMG_7714.jpeg
https://www.incabella.co.uk/product-category/lanterns-decorations/,Lanterns & Decorations,,incabella-images\_site\IMG_7714.jpeg
https://www.incabella.co.uk/product-category/lanterns-decorations/,Lanterns & Decorations,,incabella-images\_site\5d6ad4c0-13bc-479b-8b50-cfe64523502e.jpeg
https://www.incabella.co.uk/product-category/lanterns-decorations/,Lanterns & Decorations,,incabella-images\_site\5d6ad4c0-13bc-479b-8b50-cfe64523502e.jpeg
https://www.incabella.co.uk/product-category/lanterns-decorations/,Lanterns & Decorations,,incabella-images\_site\fullsizeoutput_5ff9.jpeg
https://www.incabella.co.uk/product-category/lanterns-decorations/,Lanterns & Decorations,,incabella-images\_site\fullsizeoutput_5ff9.jpeg
https://www.incabella.co.uk/product-category/lanterns-decorations/,Lanterns & Decorations,,incabella-images\_site\IMG_0442.jpg
https://www.incabella.co.uk/product-category/lanterns-decorations/,Lanterns & Decorations,,incabella-images\_site\IMG_0442.jpg
https://www.incabella.co.uk/product-category/lanterns-decorations/,Lanterns & Decorations,,incabella-images\_site\IMG_0454.jpg
https://www.incabella.co.uk/product-category/lanterns-decorations/,Lanterns & Decorations,,incabella-images\_site\IMG_0454.jpg
https://www.incabella.co.uk/product-category/lanterns-decorations/,Lanterns & Decorations,,incabella-images\_site\IMG_2205.jpg
https://www.incabella.co.uk/product-category/lanterns-decorations/,Lanterns & Decorations,,incabella-images\_site\IMG_2205-510x652@2x.jpg
https://www.incabella.co.uk/product-category/lanterns-decorations/,Lanterns & Decorations,,incabella-images\_site\IMG_2203.jpg
https://www.incabella.co.uk/product-category/lanterns-decorations/,Lanterns & Decorations,,incabella-images\_site\IMG_2203-510x652@2x.jpg
https://www.incabella.co.uk/product-category/lanterns-decorations/,Lanterns & Decorations,,incabella-images\_site\98ebd4d6-1e80-4809-8c0c-3ed0fd5be5cb.jpeg
https://www.incabella.co.uk/product-category/lanterns-decorations/,Lanterns & Decorations,,incabella-images\_site\98ebd4d6-1e80-4809-8c0c-3ed0fd5be5cb.jpeg
https://www.incabella.co.uk/product-category/lanterns-decorations/,Lanterns & Decorations,,incabella-images\_site\d1e581ab-a335-4b30-be13-e33d78466a50.jpeg
https://www.incabella.co.uk/product-category/lanterns-decorations/,Lanterns & Decorations,,incabella-images\_site\d1e581ab-a335-4b30-be13-e33d78466a50.jpeg
https://www.incabella.co.uk/product-category/lanterns-decorations/,Lanterns & Decorations,,incabella-images\_site\IMG_7450.jpeg
https://www.incabella.co.uk/product-category/lanterns-decorations/,Lanterns & Decorations,,incabella-images\_site\IMG_7450.jpeg
https://www.incabella.co.uk/product-category/lanterns-decorations/,Lanterns & Decorations,,incabella-images\_site\IMG_1085.jpg
https://www.incabella.co.uk/product-category/lanterns-decorations/,Lanterns & Decorations,,incabella-images\_site\IMG_1085-510x652@2x.jpg
https://www.incabella.co.uk/product-category/lanterns-decorations/,Lanterns & Decorations,,incabella-images\_site\IMG_0545.jpeg
https://www.incabella.co.uk/product-category/lanterns-decorations/,Lanterns & Decorations,,incabella-images\_site\IMG_0545.jpeg
https://www.incabella.co.uk/product-category/lanterns-decorations/,Lanterns & Decorations,,incabella-images\_site\8327bd708a67d45dc7f6637f3e61ffa5.jpg
https://www.incabella.co.uk/product-category/lanterns-decorations/,Lanterns & Decorations,,incabella-images\_site\8327bd708a67d45dc7f6637f3e61ffa5.jpg
https://www.incabella.co.uk/product-category/lanterns-decorations/,Lanterns & Decorations,,incabella-images\_site\IncaBella_logo_02.png
https://www.incabella.co.uk/product-category/furniture/,Furniture,,incabella-images\_site\IncaBella_logo_02.png
https://www.incabella.co.uk/product-category/furniture/,Furniture,,incabella-images\_site\IMG_5842-e1517833177128.jpg
https://www.incabella.co.uk/product-category/furniture/,Furniture,,incabella-images\_site\IMG_5842-e1517833177128.jpg
https://www.incabella.co.uk/product-category/furniture/,Furniture,,incabella-images\_site\IMG_5841-e1517832558639.jpg
https://www.incabella.co.uk/product-category/furniture/,Furniture,,incabella-images\_site\IMG_5841-e1517832558639.jpg
https://www.incabella.co.uk/product-category/furniture/,Furniture,,incabella-images\_site\IMG_3750.jpg
https://www.incabella.co.uk/product-category/furniture/,Furniture,,incabella-images\_site\IMG_3750.jpg
https://www.incabella.co.uk/product-category/furniture/,Furniture,,incabella-images\_site\IMG_3812.jpg
https://www.incabella.co.uk/product-category/furniture/,Furniture,,incabella-images\_site\IMG_3812.jpg
https://www.incabella.co.uk/product-category/furniture/,Furniture,,incabella-images\products-list\IMG_3724.jpg
https://www.incabella.co.uk/product-category/furniture/,Furniture,,incabella-images\products-list\IMG_3724.jpg
https://www.incabella.co.uk/product-category/furniture/,Furniture,,incabella-images\products-list\IMG_1167.jpg
https://www.incabella.co.uk/product-category/furniture/,Furniture,,incabella-images\products-list\IMG_1167-190x243@2x.jpg
https://www.incabella.co.uk/product-category/furniture/,Furniture,,incabella-images\_site\fullsizeoutput_50c2.jpeg
https://www.incabella.co.uk/product-category/furniture/,Furniture,,incabella-images\_site\fullsizeoutput_50c2.jpeg
https://www.incabella.co.uk/product-category/furniture/,Furniture,,incabella-images\_site\IMG_6448-e1520889491374.jpg
https://www.incabella.co.uk/product-category/furniture/,Furniture,,incabella-images\_site\IMG_6448-e1520889491374.jpg
https://www.incabella.co.uk/product-category/furniture/,Furniture,,incabella-images\_site\IncaBella_logo_02.png
https://www.incabella.co.uk/product-category/products/,Products,,incabella-images\_site\IncaBella_logo_02.png
https://www.incabella.co.uk/product-category/products/,Products,,incabella-images\_site\IMG_3706.jpeg
https://www.incabella.co.uk/product-category/products/,Products,,incabella-images\_site\IMG_3706.jpeg
https://www.incabella.co.uk/product-category/products/,Products,,incabella-images\_site\d6d39674-1f5e-4f28-bd68-087445415a70-2.jpg
https://www.incabella.co.uk/product-category/products/,Products,,incabella-images\_site\d6d39674-1f5e-4f28-bd68-087445415a70-2.jpg
https://www.incabella.co.uk/product-category/products/,Products,,incabella-images\_site\IMG_8311.jpeg
https://www.incabella.co.uk/product-category/products/,Products,,incabella-images\_site\IMG_8311.jpeg
https://www.incabella.co.uk/product-category/products/,Products,,incabella-images\_site\IMG_3724.jpeg
https://www.incabella.co.uk/product-category/products/,Products,,incabella-images\_site\IMG_3724.jpeg
https://www.incabella.co.uk/product-category/products/,Products,,incabella-images\_site\DSC_2443-600x398_c.jpg
https://www.incabella.co.uk/product-category/products/,Products,,incabella-images\_site\DSC_2443-600x398_c-114x145@2x.jpg
https://www.incabella.co.uk/product-category/products/,Products,,incabella-images\_site\IMG_1713.jpg
https://www.incabella.co.uk/product-category/products/,Products,,incabella-images\_site\IMG_1713-510x652@2x.jpg
https://www.incabella.co.uk/product-category/products/,Products,,incabella-images\_site\2B86C02D-B992-47FD-8154-292F2FE7C354.jpeg
https://www.incabella.co.uk/product-category/products/,Products,,incabella-images\_site\2B86C02D-B992-47FD-8154-292F2FE7C354.jpeg
https://www.incabella.co.uk/product-category/products/,Products,,incabella-images\_site\2B86C02D-B992-47FD-8154-292F2FE7C354.jpeg
https://www.incabella.co.uk/product-category/products/,Products,,incabella-images\_site\2B86C02D-B992-47FD-8154-292F2FE7C354.jpeg
https://www.incabella.co.uk/product-category/products/,Products,,incabella-images\_site\EL-ES-APR-2022-0358.jpeg
https://www.incabella.co.uk/product-category/products/,Products,,incabella-images\_site\EL-ES-APR-2022-0358.jpeg
https://www.incabella.co.uk/product-category/products/,Products,,incabella-images\_site\31814EA0-7BDD-4917-9473-9F2F44BA7DBD.jpeg
https://www.incabella.co.uk/product-category/products/,Products,,incabella-images\_site\31814EA0-7BDD-4917-9473-9F2F44BA7DBD.jpeg
https://www.incabella.co.uk/product-category/products/,Products,,incabella-images\_site\IMG_3039.jpg
https://www.incabella.co.uk/product-category/products/,Products,,incabella-images\_site\IMG_3039-114x145@2x.jpg
https://www.incabella.co.uk/product-category/products/,Products,,incabella-images\_site\IMG_3043.jpg
https://www.incabella.co.uk/product-category/products/,Products,,incabella-images\_site\IMG_3043-190x243@2x.jpg
https://www.incabella.co.uk/product-category/products/,Products,,incabella-images\_site\IMG_8203-e1549817586734.jpg
https://www.incabella.co.uk/product-category/products/,Products,,incabella-images\_site\IMG_8203-e1549817586734.jpg
https://www.incabella.co.uk/product-category/products/,Products,,incabella-images\_site\IMG_8203-e1549817586734.jpg
https://www.incabella.co.uk/product-category/products/,Products,,incabella-images\_site\IMG_8203-e1549817586734.jpg
https://www.incabella.co.uk/product-category/products/,Products,,incabella-images\_site\IMG_5842-e1517833177128.jpg
https://www.incabella.co.uk/product-category/products/,Products,,incabella-images\_site\IMG_5842-e1517833177128.jpg
https://www.incabella.co.uk/product-category/products/,Products,,incabella-images\_site\IMG_5841-e1517832558639.jpg
https://www.incabella.co.uk/product-category/products/,Products,,incabella-images\_site\IMG_5841-e1517832558639.jpg
https://www.incabella.co.uk/product-category/products/,Products,,incabella-images\_site\25AB7D13-7599-412B-B88E-B43BB927A3F8.jpeg
https://www.incabella.co.uk/product-category/products/,Products,,incabella-images\_site\25AB7D13-7599-412B-B88E-B43BB927A3F8.jpeg
https://www.incabella.co.uk/product-category/products/,Products,,incabella-images\_site\IMG_4492.jpg
https://www.incabella.co.uk/product-category/products/,Products,,incabella-images\_site\IMG_4492.jpg
https://www.incabella.co.uk/product-category/products/,Products,,incabella-images\_site\880A161C-0A42-4AD4-99AC-5E53B5188CE4.jpeg
https://www.incabella.co.uk/product-category/products/,Products,,incabella-images\_site\880A161C-0A42-4AD4-99AC-5E53B5188CE4.jpeg
https://www.incabella.co.uk/product-category/products/,Products,,incabella-images\_site\6A35E8F8-C756-4D74-A18D-9532A67C0D46.jpeg
https://www.incabella.co.uk/product-category/products/,Products,,incabella-images\_site\6A35E8F8-C756-4D74-A18D-9532A67C0D46.jpeg
https://www.incabella.co.uk/product-category/products/,Products,,incabella-images\_site\IMG_4163.jpg
https://www.incabella.co.uk/product-category/products/,Products,,incabella-images\_site\IMG_4163.jpg
https://www.incabella.co.uk/product-category/products/,Products,,incabella-images\_site\IMG_4162-e1517836473472.jpg
https://www.incabella.co.uk/product-category/products/,Products,,incabella-images\_site\IMG_4162-e1517836473472.jpg
https://www.incabella.co.uk/product-category/products/,Products,,incabella-images\_site\IMG_3750.jpg
https://www.incabella.co.uk/product-category/products/,Products,,incabella-images\_site\IMG_3750.jpg
https://www.incabella.co.uk/product-category/products/,Products,,incabella-images\_site\IMG_3812.jpg
https://www.incabella.co.uk/product-category/products/,Products,,incabella-images\_site\IMG_3812.jpg
https://www.incabella.co.uk/product-category/products/,Products,,incabella-images\_site\IncaBella_logo_02.png
https://www.incabella.co.uk/product-category/lanterns/page/2/,Lanterns,,incabella-images\_site\IncaBella_logo_02.png
https://www.incabella.co.uk/product-category/lanterns/page/2/,Lanterns,,incabella-images\_site\sana-storm-lantern.jpg
https://www.incabella.co.uk/product-category/lanterns/page/2/,Lanterns,,incabella-images\_site\sana-storm-lantern.jpg
https://www.incabella.co.uk/product-category/lanterns/page/2/,Lanterns,,incabella-images\_site\A-FS-S-FS-A-SANA-STORM-LANTERN-SQ-7.jpeg
https://www.incabella.co.uk/product-category/lanterns/page/2/,Lanterns,,incabella-images\_site\A-FS-S-FS-A-SANA-STORM-LANTERN-SQ-7.jpeg
https://www.incabella.co.uk/product-category/lanterns/page/2/,Lanterns,,incabella-images\_site\IMG_E1342.jpg
https://www.incabella.co.uk/product-category/lanterns/page/2/,Lanterns,,incabella-images\_site\IMG_E1342.jpg
https://www.incabella.co.uk/product-category/lanterns/page/2/,Lanterns,,incabella-images\_site\clear-glass-hurricane-lantern.jpeg
https://www.incabella.co.uk/product-category/lanterns/page/2/,Lanterns,,incabella-images\_site\clear-glass-hurricane-lantern.jpeg
https://www.incabella.co.uk/product-category/lanterns/page/2/,Lanterns,,incabella-images\_site\IMG_9587.jpeg
https://www.incabella.co.uk/product-category/lanterns/page/2/,Lanterns,,incabella-images\_site\IMG_9587.jpeg
https://www.incabella.co.uk/product-category/lanterns/page/2/,Lanterns,,incabella-images\_site\IMG_9583.jpeg
https://www.incabella.co.uk/product-category/lanterns/page/2/,Lanterns,,incabella-images\_site\IMG_9583.jpeg
https://www.incabella.co.uk/product-category/lanterns/page/2/,Lanterns,,incabella-images\_site\b05315a3-fc65-4b83-b1a7-61741248a692.jpeg
https://www.incabella.co.uk/product-category/lanterns/page/2/,Lanterns,,incabella-images\_site\b05315a3-fc65-4b83-b1a7-61741248a692.jpeg
https://www.incabella.co.uk/product-category/lanterns/page/2/,Lanterns,,incabella-images\_site\IMG_9709.jpeg
https://www.incabella.co.uk/product-category/lanterns/page/2/,Lanterns,,incabella-images\_site\IMG_9709.jpeg
https://www.incabella.co.uk/product-category/lanterns/page/2/,Lanterns,,incabella-images\_site\IMG_7149.jpeg
https://www.incabella.co.uk/product-category/lanterns/page/2/,Lanterns,,incabella-images\_site\IMG_7149.jpeg
https://www.incabella.co.uk/product-category/lanterns/page/2/,Lanterns,,incabella-images\_site\E57C0BFC-9306-42C5-8AE4-7F77EFE434AA.jpeg
https://www.incabella.co.uk/product-category/lanterns/page/2/,Lanterns,,incabella-images\_site\E57C0BFC-9306-42C5-8AE4-7F77EFE434AA.jpeg
https://www.incabella.co.uk/product-category/lanterns/page/2/,Lanterns,,incabella-images\_site\8327bd708a67d45dc7f6637f3e61ffa5.jpg
https://www.incabella.co.uk/product-category/lanterns/page/2/,Lanterns,,incabella-images\_site\8327bd708a67d45dc7f6637f3e61ffa5.jpg
https://www.incabella.co.uk/product-category/lanterns/page/2/,Lanterns,,incabella-images\_site\IMG_7955.jpeg
https://www.incabella.co.uk/product-category/lanterns/page/2/,Lanterns,,incabella-images\_site\IMG_7955.jpeg
https://www.incabella.co.uk/product-category/lanterns/page/2/,Lanterns,,incabella-images\_site\IMG_1684.jpeg
https://www.incabella.co.uk/product-category/lanterns/page/2/,Lanterns,,incabella-images\_site\IMG_1684.jpeg
https://www.incabella.co.uk/product-category/lanterns/page/2/,Lanterns,,incabella-images\_site\621943C4-766A-4041-A514-A62C4C49CE51-1.jpeg
https://www.incabella.co.uk/product-category/lanterns/page/2/,Lanterns,,incabella-images\_site\621943C4-766A-4041-A514-A62C4C49CE51-1.jpeg
https://www.incabella.co.uk/product-category/lanterns/page/2/,Lanterns,,incabella-images\_site\Sparkling-Silver-T-Light-20000102-A_20765.jpeg
https://www.incabella.co.uk/product-category/lanterns/page/2/,Lanterns,,incabella-images\_site\Sparkling-Silver-T-Light-20000102-A_20765.jpeg
https://www.incabella.co.uk/product-category/lanterns/page/2/,Lanterns,,incabella-images\_site\Sparkling-Silver-T-Light-Holder-IMG_4275.jpeg
https://www.incabella.co.uk/product-category/lanterns/page/2/,Lanterns,,incabella-images\_site\Sparkling-Silver-T-Light-Holder-IMG_4275.jpeg
https://www.incabella.co.uk/product-category/lanterns/page/2/,Lanterns,,incabella-images\_site\IncaBella_logo_02.png
https://www.incabella.co.uk/product-category/garden_games/,Garden Games,,incabella-images\_site\IncaBella_logo_02.png
https://www.incabella.co.uk/product-category/garden_games/,Garden Games,,incabella-images\_site\IB-sets-of-games-images.jpg
https://www.incabella.co.uk/product-category/garden_games/,Garden Games,,incabella-images\_site\IB-sets-of-games-images.jpg
https://www.incabella.co.uk/product-category/garden_games/,Garden Games,,incabella-images\_site\giant-outdoor-chess.jpg
https://www.incabella.co.uk/product-category/garden_games/,Garden Games,,incabella-images\_site\giant-outdoor-chess.jpg
https://www.incabella.co.uk/product-category/garden_games/,Garden Games,,incabella-images\_site\IB-sets-of-games-images.jpg
https://www.incabella.co.uk/product-category/garden_games/,Garden Games,,incabella-images\_site\IB-sets-of-games-images.jpg
https://www.incabella.co.uk/product-category/garden_games/,Garden Games,,incabella-images\_site\giant-outdoor-chess.jpg
https://www.incabella.co.uk/product-category/garden_games/,Garden Games,,incabella-images\_site\giant-outdoor-chess.jpg
https://www.incabella.co.uk/product-category/garden_games/,Garden Games,,incabella-images\_site\IB-sets-of-games-images-no-chess.jpg
https://www.incabella.co.uk/product-category/garden_games/,Garden Games,,incabella-images\_site\IB-sets-of-games-images-no-chess.jpg
https://www.incabella.co.uk/product-category/garden_games/,Garden Games,,incabella-images\_site\UG304-P-Tumble-Tower-Pine-7700.png
https://www.incabella.co.uk/product-category/garden_games/,Garden Games,,incabella-images\_site\UG304-P-Tumble-Tower-Pine-7700.png
https://www.incabella.co.uk/product-category/garden_games/,Garden Games,,incabella-images\_site\IMG_9834.jpeg
https://www.incabella.co.uk/product-category/garden_games/,Garden Games,,incabella-images\_site\IMG_9834.jpeg
https://www.incabella.co.uk/product-category/garden_games/,Garden Games,,incabella-images\_site\IMG_9836.jpeg
https://www.incabella.co.uk/product-category/garden_games/,Garden Games,,incabella-images\_site\IMG_9836.jpeg
https://www.incabella.co.uk/product-category/garden_games/,Garden Games,,incabella-images\_site\IncaBella_logo_02.png
https://www.incabella.co.uk/product-category/kids-kit/,Kids Kit,,incabella-images\_site\IncaBella_logo_02.png
https://www.incabella.co.uk/product-category/kids-kit/,Kids Kit,,incabella-images\_site\IMG_3039.jpg
https://www.incabella.co.uk/product-category/kids-kit/,Kids Kit,,incabella-images\_site\IMG_3039-114x145@2x.jpg
https://www.incabella.co.uk/product-category/kids-kit/,Kids Kit,,incabella-images\_site\IMG_3043.jpg
https://www.incabella.co.uk/product-category/kids-kit/,Kids Kit,,incabella-images\_site\IMG_3043-190x243@2x.jpg
https://www.incabella.co.uk/product-category/kids-kit/,Kids Kit,,incabella-images\_site\IncaBella_logo_02.png
https://www.incabella.co.uk/product-category/firepit/,Firepit,,incabella-images\_site\IncaBella_logo_02.png
https://www.incabella.co.uk/product-category/firepit/,Firepit,,incabella-images\_site\DSC_2443-600x398_c.jpg
https://www.incabella.co.uk/product-category/firepit/,Firepit,,incabella-images\_site\DSC_2443-600x398_c-114x145@2x.jpg
https://www.incabella.co.uk/product-category/firepit/,Firepit,,incabella-images\_site\IMG_1713.jpg
https://www.incabella.co.uk/product-category/firepit/,Firepit,,incabella-images\_site\IMG_1713-510x652@2x.jpg
https://www.incabella.co.uk/product-category/firepit/,Firepit,,incabella-images\_site\IncaBella_logo_02.png
https://www.incabella.co.uk/product-category/decorations/page/2/,Decorations,,incabella-images\_site\IncaBella_logo_02.png
https://www.incabella.co.uk/product-category/decorations/page/2/,Decorations,,incabella-images\_site\IMG_0545.jpeg
https://www.incabella.co.uk/product-category/decorations/page/2/,Decorations,,incabella-images\_site\IMG_0545.jpeg
https://www.incabella.co.uk/product-category/decorations/page/2/,Decorations,,incabella-images\_site\8327bd708a67d45dc7f6637f3e61ffa5.jpg
https://www.incabella.co.uk/product-category/decorations/page/2/,Decorations,,incabella-images\_site\8327bd708a67d45dc7f6637f3e61ffa5.jpg
https://www.incabella.co.uk/product-category/decorations/page/2/,Decorations,,incabella-images\_site\EL-ES-APR-2022-0358.jpeg
https://www.incabella.co.uk/product-category/decorations/page/2/,Decorations,,incabella-images\_site\EL-ES-APR-2022-0358.jpeg
https://www.incabella.co.uk/product-category/decorations/page/2/,Decorations,,incabella-images\_site\31814EA0-7BDD-4917-9473-9F2F44BA7DBD.jpeg
https://www.incabella.co.uk/product-category/decorations/page/2/,Decorations,,incabella-images\_site\31814EA0-7BDD-4917-9473-9F2F44BA7DBD.jpeg
https://www.incabella.co.uk/product-category/decorations/page/2/,Decorations,,incabella-images\_site\IMG_7450.jpeg
https://www.incabella.co.uk/product-category/decorations/page/2/,Decorations,,incabella-images\_site\IMG_7450.jpeg
https://www.incabella.co.uk/product-category/decorations/page/2/,Decorations,,incabella-images\_site\IMG_1085.jpg
https://www.incabella.co.uk/product-category/decorations/page/2/,Decorations,,incabella-images\_site\IMG_1085-510x652@2x.jpg
https://www.incabella.co.uk/product-category/decorations/page/2/,Decorations,,incabella-images\_site\IMG_8203-e1549817586734.jpg
https://www.incabella.co.uk/product-category/decorations/page/2/,Decorations,,incabella-images\_site\IMG_8203-e1549817586734.jpg
https://www.incabella.co.uk/product-category/decorations/page/2/,Decorations,,incabella-images\_site\IMG_8203-e1549817586734.jpg
https://www.incabella.co.uk/product-category/decorations/page/2/,Decorations,,incabella-images\_site\IMG_8203-e1549817586734.jpg
https://www.incabella.co.uk/product-category/decorations/page/2/,Decorations,,incabella-images\_site\2B86C02D-B992-47FD-8154-292F2FE7C354.jpeg
https://www.incabella.co.uk/product-category/decorations/page/2/,Decorations,,incabella-images\_site\2B86C02D-B992-47FD-8154-292F2FE7C354.jpeg
https://www.incabella.co.uk/product-category/decorations/page/2/,Decorations,,incabella-images\_site\2B86C02D-B992-47FD-8154-292F2FE7C354.jpeg
https://www.incabella.co.uk/product-category/decorations/page/2/,Decorations,,incabella-images\_site\2B86C02D-B992-47FD-8154-292F2FE7C354.jpeg
https://www.incabella.co.uk/product-category/decorations/page/2/,Decorations,,incabella-images\_site\Image.jpg
https://www.incabella.co.uk/product-category/decorations/page/2/,Decorations,,incabella-images\_site\Image.jpg
https://www.incabella.co.uk/product-category/decorations/page/2/,Decorations,,incabella-images\_site\IMG_9301.jpg
https://www.incabella.co.uk/product-category/decorations/page/2/,Decorations,,incabella-images\_site\IMG_9301-510x652@2x.jpg
https://www.incabella.co.uk/product-category/decorations/page/2/,Decorations,,incabella-images\_site\english-country-bunting.jpg
https://www.incabella.co.uk/product-category/decorations/page/2/,Decorations,,incabella-images\_site\english-country-bunting-114x145@2x.jpg
https://www.incabella.co.uk/product-category/decorations/page/2/,Decorations,,incabella-images\_site\english-country-bunting.jpg
https://www.incabella.co.uk/product-category/decorations/page/2/,Decorations,,incabella-images\_site\english-country-bunting-114x145@2x.jpg
https://www.incabella.co.uk/product-category/decorations/page/2/,Decorations,,incabella-images\_site\IMG_7095.jpeg
https://www.incabella.co.uk/product-category/decorations/page/2/,Decorations,,incabella-images\_site\IMG_7095.jpeg
https://www.incabella.co.uk/product-category/decorations/page/2/,Decorations,,incabella-images\_site\6A9461D2-8C98-4412-BC65-4CDD37EF0A5D.jpeg
https://www.incabella.co.uk/product-category/decorations/page/2/,Decorations,,incabella-images\_site\6A9461D2-8C98-4412-BC65-4CDD37EF0A5D.jpeg
https://www.incabella.co.uk/product-category/decorations/page/2/,Decorations,,incabella-images\_site\IMG_7453.jpeg
https://www.incabella.co.uk/product-category/decorations/page/2/,Decorations,,incabella-images\_site\IMG_7453.jpeg
https://www.incabella.co.uk/product-category/decorations/page/2/,Decorations,,incabella-images\_site\image7.jpeg
https://www.incabella.co.uk/product-category/decorations/page/2/,Decorations,,incabella-images\_site\image7.jpeg
https://www.incabella.co.uk/product-category/decorations/page/2/,Decorations,,incabella-images\_site\IMG_5842-e1517833177128.jpg
https://www.incabella.co.uk/product-category/decorations/page/2/,Decorations,,incabella-images\_site\IMG_5842-e1517833177128.jpg
https://www.incabella.co.uk/product-category/decorations/page/2/,Decorations,,incabella-images\_site\IMG_5841-e1517832558639.jpg
https://www.incabella.co.uk/product-category/decorations/page/2/,Decorations,,incabella-images\_site\IMG_5841-e1517832558639.jpg
https://www.incabella.co.uk/product-category/decorations/page/2/,Decorations,,incabella-images\_site\IMG_4803.jpg
https://www.incabella.co.uk/product-category/decorations/page/2/,Decorations,,incabella-images\_site\IMG_4803-510x652@2x.jpg
https://www.incabella.co.uk/product-category/decorations/page/2/,Decorations,,incabella-images\_site\IMG_4803.jpg
https://www.incabella.co.uk/product-category/decorations/page/2/,Decorations,,incabella-images\_site\IMG_4803-510x652@2x.jpg
https://www.incabella.co.uk/product-category/decorations/page/2/,Decorations,,incabella-images\_site\IMG_1970.jpg
https://www.incabella.co.uk/product-category/decorations/page/2/,Decorations,,incabella-images\_site\IMG_1970-510x652@2x.jpg
https://www.incabella.co.uk/product-category/decorations/page/2/,Decorations,,incabella-images\_site\Image-3.jpg
https://www.incabella.co.uk/product-category/decorations/page/2/,Decorations,,incabella-images\_site\Image-3-510x652@2x.jpg
https://www.incabella.co.uk/product-category/decorations/page/2/,Decorations,,incabella-images\_site\IncaBella_logo_02.png
https://www.incabella.co.uk/product-category/decorations/page/3/,Decorations,,incabella-images\_site\IncaBella_logo_02.png
https://www.incabella.co.uk/product-category/decorations/page/3/,Decorations,,incabella-images\_site\IMG_4803.jpg
https://www.incabella.co.uk/product-category/decorations/page/3/,Decorations,,incabella-images\_site\IMG_4803-510x652@2x.jpg
https://www.incabella.co.uk/product-category/decorations/page/3/,Decorations,,incabella-images\_site\IMG_4803.jpg
https://www.incabella.co.uk/product-category/decorations/page/3/,Decorations,,incabella-images\_site\IMG_4803-510x652@2x.jpg
https://www.incabella.co.uk/product-category/decorations/page/3/,Decorations,,incabella-images\_site\25AB7D13-7599-412B-B88E-B43BB927A3F8.jpeg
https://www.incabella.co.uk/product-category/decorations/page/3/,Decorations,,incabella-images\_site\25AB7D13-7599-412B-B88E-B43BB927A3F8.jpeg
https://www.incabella.co.uk/product-category/decorations/page/3/,Decorations,,incabella-images\_site\IMG_4492.jpg
https://www.incabella.co.uk/product-category/decorations/page/3/,Decorations,,incabella-images\_site\IMG_4492.jpg
https://www.incabella.co.uk/product-category/decorations/page/3/,Decorations,,incabella-images\_site\IMG_4163.jpg
https://www.incabella.co.uk/product-category/decorations/page/3/,Decorations,,incabella-images\_site\IMG_4163.jpg
https://www.incabella.co.uk/product-category/decorations/page/3/,Decorations,,incabella-images\_site\IMG_4162-e1517836473472.jpg
https://www.incabella.co.uk/product-category/decorations/page/3/,Decorations,,incabella-images\_site\IMG_4162-e1517836473472.jpg
https://www.incabella.co.uk/product-category/decorations/page/3/,Decorations,,incabella-images\_site\IMG_3750.jpg
https://www.incabella.co.uk/product-category/decorations/page/3/,Decorations,,incabella-images\_site\IMG_3750.jpg
https://www.incabella.co.uk/product-category/decorations/page/3/,Decorations,,incabella-images\_site\IMG_3812.jpg
https://www.incabella.co.uk/product-category/decorations/page/3/,Decorations,,incabella-images\_site\IMG_3812.jpg
https://www.incabella.co.uk/product-category/decorations/page/3/,Decorations,,incabella-images\_site\880A161C-0A42-4AD4-99AC-5E53B5188CE4.jpeg
https://www.incabella.co.uk/product-category/decorations/page/3/,Decorations,,incabella-images\_site\880A161C-0A42-4AD4-99AC-5E53B5188CE4.jpeg
https://www.incabella.co.uk/product-category/decorations/page/3/,Decorations,,incabella-images\_site\6A35E8F8-C756-4D74-A18D-9532A67C0D46.jpeg
https://www.incabella.co.uk/product-category/decorations/page/3/,Decorations,,incabella-images\_site\6A35E8F8-C756-4D74-A18D-9532A67C0D46.jpeg
https://www.incabella.co.uk/product-category/decorations/page/3/,Decorations,,incabella-images\_site\fullsizeoutput_50c2.jpeg
https://www.incabella.co.uk/product-category/decorations/page/3/,Decorations,,incabella-images\_site\fullsizeoutput_50c2.jpeg
https://www.incabella.co.uk/product-category/decorations/page/3/,Decorations,,incabella-images\_site\IMG_6448-e1520889491374.jpg
https://www.incabella.co.uk/product-category/decorations/page/3/,Decorations,,incabella-images\_site\IMG_6448-e1520889491374.jpg
https://www.incabella.co.uk/product-category/decorations/page/3/,Decorations,,incabella-images\_site\IMG_3120.jpg
https://www.incabella.co.uk/product-category/decorations/page/3/,Decorations,,incabella-images\_site\IMG_3120-510x652@2x.jpg
https://www.incabella.co.uk/product-category/decorations/page/3/,Decorations,,incabella-images\_site\IMG_3119.jpg
https://www.incabella.co.uk/product-category/decorations/page/3/,Decorations,,incabella-images\_site\IMG_3119-510x652@2x.jpg
https://www.incabella.co.uk/product-category/decorations/page/3/,Decorations,,incabella-images\_site\IMG_1673.jpg
https://www.incabella.co.uk/product-category/decorations/page/3/,Decorations,,incabella-images\_site\IMG_1673-510x652@2x.jpg
https://www.incabella.co.uk/product-category/decorations/page/3/,Decorations,,incabella-images\_site\4600494.jpg
https://www.incabella.co.uk/product-category/decorations/page/3/,Decorations,,incabella-images\_site\4600494-114x145@2x.jpg
https://www.incabella.co.uk/product-category/decorations/page/3/,Decorations,,incabella-images\_site\IncaBella_logo_02.png
https://www.incabella.co.uk/product-category/lanterns-decorations/page/2/,Lanterns & Decorations,,incabella-images\_site\IncaBella_logo_02.png
https://www.incabella.co.uk/product-category/lanterns-decorations/page/2/,Lanterns & Decorations,,incabella-images\_site\EL-ES-APR-2022-0358.jpeg
https://www.incabella.co.uk/product-category/lanterns-decorations/page/2/,Lanterns & Decorations,,incabella-images\_site\EL-ES-APR-2022-0358.jpeg
https://www.incabella.co.uk/product-category/lanterns-decorations/page/2/,Lanterns & Decorations,,incabella-images\_site\31814EA0-7BDD-4917-9473-9F2F44BA7DBD.jpeg
https://www.incabella.co.uk/product-category/lanterns-decorations/page/2/,Lanterns & Decorations,,incabella-images\_site\31814EA0-7BDD-4917-9473-9F2F44BA7DBD.jpeg
https://www.incabella.co.uk/product-category/lanterns-decorations/page/2/,Lanterns & Decorations,,incabella-images\_site\2B86C02D-B992-47FD-8154-292F2FE7C354.jpeg
https://www.incabella.co.uk/product-category/lanterns-decorations/page/2/,Lanterns & Decorations,,incabella-images\_site\2B86C02D-B992-47FD-8154-292F2FE7C354.jpeg
https://www.incabella.co.uk/product-category/lanterns-decorations/page/2/,Lanterns & Decorations,,incabella-images\_site\2B86C02D-B992-47FD-8154-292F2FE7C354.jpeg
https://www.incabella.co.uk/product-category/lanterns-decorations/page/2/,Lanterns & Decorations,,incabella-images\_site\2B86C02D-B992-47FD-8154-292F2FE7C354.jpeg
https://www.incabella.co.uk/product-category/lanterns-decorations/page/2/,Lanterns & Decorations,,incabella-images\_site\IMG_7450.jpeg
https://www.incabella.co.uk/product-category/lanterns-decorations/page/2/,Lanterns & Decorations,,incabella-images\_site\IMG_7450.jpeg
https://www.incabella.co.uk/product-category/lanterns-decorations/page/2/,Lanterns & Decorations,,incabella-images\_site\IMG_1085.jpg
https://www.incabella.co.uk/product-category/lanterns-decorations/page/2/,Lanterns & Decorations,,incabella-images\_site\IMG_1085-510x652@2x.jpg
https://www.incabella.co.uk/product-category/lanterns-decorations/page/2/,Lanterns & Decorations,,incabella-images\_site\IMG_7095.jpeg
https://www.incabella.co.uk/product-category/lanterns-decorations/page/2/,Lanterns & Decorations,,incabella-images\_site\IMG_7095.jpeg
https://www.incabella.co.uk/product-category/lanterns-decorations/page/2/,Lanterns & Decorations,,incabella-images\_site\6A9461D2-8C98-4412-BC65-4CDD37EF0A5D.jpeg
https://www.incabella.co.uk/product-category/lanterns-decorations/page/2/,Lanterns & Decorations,,incabella-images\_site\6A9461D2-8C98-4412-BC65-4CDD37EF0A5D.jpeg
https://www.incabella.co.uk/product-category/lanterns-decorations/page/2/,Lanterns & Decorations,,incabella-images\_site\Image.jpg
https://www.incabella.co.uk/product-category/lanterns-decorations/page/2/,Lanterns & Decorations,,incabella-images\_site\Image.jpg
https://www.incabella.co.uk/product-category/lanterns-decorations/page/2/,Lanterns & Decorations,,incabella-images\_site\IMG_9301.jpg
https://www.incabella.co.uk/product-category/lanterns-decorations/page/2/,Lanterns & Decorations,,incabella-images\_site\IMG_9301-510x652@2x.jpg
https://www.incabella.co.uk/product-category/lanterns-decorations/page/2/,Lanterns & Decorations,,incabella-images\_site\english-country-bunting.jpg
https://www.incabella.co.uk/product-category/lanterns-decorations/page/2/,Lanterns & Decorations,,incabella-images\_site\english-country-bunting-114x145@2x.jpg
https://www.incabella.co.uk/product-category/lanterns-decorations/page/2/,Lanterns & Decorations,,incabella-images\_site\english-country-bunting.jpg
https://www.incabella.co.uk/product-category/lanterns-decorations/page/2/,Lanterns & Decorations,,incabella-images\_site\english-country-bunting-114x145@2x.jpg
https://www.incabella.co.uk/product-category/lanterns-decorations/page/2/,Lanterns & Decorations,,incabella-images\_site\IMG_4803.jpg
https://www.incabella.co.uk/product-category/lanterns-decorations/page/2/,Lanterns & Decorations,,incabella-images\_site\IMG_4803-510x652@2x.jpg
https://www.incabella.co.uk/product-category/lanterns-decorations/page/2/,Lanterns & Decorations,,incabella-images\_site\IMG_4803.jpg
https://www.incabella.co.uk/product-category/lanterns-decorations/page/2/,Lanterns & Decorations,,incabella-images\_site\IMG_4803-510x652@2x.jpg
https://www.incabella.co.uk/product-category/lanterns-decorations/page/2/,Lanterns & Decorations,,incabella-images\_site\IMG_7453.jpeg
https://www.incabella.co.uk/product-category/lanterns-decorations/page/2/,Lanterns & Decorations,,incabella-images\_site\IMG_7453.jpeg
https://www.incabella.co.uk/product-category/lanterns-decorations/page/2/,Lanterns & Decorations,,incabella-images\_site\image7.jpeg
https://www.incabella.co.uk/product-category/lanterns-decorations/page/2/,Lanterns & Decorations,,incabella-images\_site\image7.jpeg
https://www.incabella.co.uk/product-category/lanterns-decorations/page/2/,Lanterns & Decorations,,incabella-images\_site\IMG_1158.jpg
https://www.incabella.co.uk/product-category/lanterns-decorations/page/2/,Lanterns & Decorations,,incabella-images\_site\IMG_1158-190x243@2x.jpg
https://www.incabella.co.uk/product-category/lanterns-decorations/page/2/,Lanterns & Decorations,,incabella-images\_site\IMG_3519.jpg
https://www.incabella.co.uk/product-category/lanterns-decorations/page/2/,Lanterns & Decorations,,incabella-images\_site\IMG_3519-510x652@2x.jpg
https://www.incabella.co.uk/product-category/lanterns-decorations/page/2/,Lanterns & Decorations,,incabella-images\_site\IMG_1970.jpg
https://www.incabella.co.uk/product-category/lanterns-decorations/page/2/,Lanterns & Decorations,,incabella-images\_site\IMG_1970-510x652@2x.jpg
https://www.incabella.co.uk/product-category/lanterns-decorations/page/2/,Lanterns & Decorations,,incabella-images\_site\Image-3.jpg
https://www.incabella.co.uk/product-category/lanterns-decorations/page/2/,Lanterns & Decorations,,incabella-images\_site\Image-3-510x652@2x.jpg
https://www.incabella.co.uk/product-category/lanterns-decorations/page/2/,Lanterns & Decorations,,incabella-images\_site\29329CBA-9791-4C5A-9FA8-1596D8E787E6.jpeg
https://www.incabella.co.uk/product-category/lanterns-decorations/page/2/,Lanterns & Decorations,,incabella-images\_site\29329CBA-9791-4C5A-9FA8-1596D8E787E6.jpeg
https://www.incabella.co.uk/product-category/lanterns-decorations/page/2/,Lanterns & Decorations,,incabella-images\_site\A7EF519C-3D41-4840-81D8-93E282E1606F.jpeg
https://www.incabella.co.uk/product-category/lanterns-decorations/page/2/,Lanterns & Decorations,,incabella-images\_site\A7EF519C-3D41-4840-81D8-93E282E1606F.jpeg
https://www.incabella.co.uk/product-category/lanterns-decorations/page/2/,Lanterns & Decorations,,incabella-images\_site\IMG_3468.jpg
https://www.incabella.co.uk/product-category/lanterns-decorations/page/2/,Lanterns & Decorations,,incabella-images\_site\IMG_3468-510x652@2x.jpg
https://www.incabella.co.uk/product-category/lanterns-decorations/page/2/,Lanterns & Decorations,,incabella-images\_site\IMG_3464.jpg
https://www.incabella.co.uk/product-category/lanterns-decorations/page/2/,Lanterns & Decorations,,incabella-images\_site\IMG_3464-510x652@2x.jpg
https://www.incabella.co.uk/product-category/lanterns-decorations/page/2/,Lanterns & Decorations,,incabella-images\_site\IncaBella_logo_02.png
https://www.incabella.co.uk/product-category/lanterns-decorations/page/3/,Lanterns & Decorations,,incabella-images\_site\IncaBella_logo_02.png
https://www.incabella.co.uk/product-category/lanterns-decorations/page/3/,Lanterns & Decorations,,incabella-images\_site\IMG_4163.jpg
https://www.incabella.co.uk/product-category/lanterns-decorations/page/3/,Lanterns & Decorations,,incabella-images\_site\IMG_4163.jpg
https://www.incabella.co.uk/product-category/lanterns-decorations/page/3/,Lanterns & Decorations,,incabella-images\_site\IMG_4162-e1517836473472.jpg
https://www.incabella.co.uk/product-category/lanterns-decorations/page/3/,Lanterns & Decorations,,incabella-images\_site\IMG_4162-e1517836473472.jpg
https://www.incabella.co.uk/product-category/lanterns-decorations/page/3/,Lanterns & Decorations,,incabella-images\_site\25AB7D13-7599-412B-B88E-B43BB927A3F8.jpeg
https://www.incabella.co.uk/product-category/lanterns-decorations/page/3/,Lanterns & Decorations,,incabella-images\_site\25AB7D13-7599-412B-B88E-B43BB927A3F8.jpeg
https://www.incabella.co.uk/product-category/lanterns-decorations/page/3/,Lanterns & Decorations,,incabella-images\_site\IMG_4492.jpg
https://www.incabella.co.uk/product-category/lanterns-decorations/page/3/,Lanterns & Decorations,,incabella-images\_site\IMG_4492.jpg
https://www.incabella.co.uk/product-category/lanterns-decorations/page/3/,Lanterns & Decorations,,incabella-images\_site\IMG_4217-e1615561069483.jpg
https://www.incabella.co.uk/product-category/lanterns-decorations/page/3/,Lanterns & Decorations,,incabella-images\_site\IMG_4217-e1615561069483.jpg
https://www.incabella.co.uk/product-category/lanterns-decorations/page/3/,Lanterns & Decorations,,incabella-images\_site\IMG_5159-e1615638036380.jpg
https://www.incabella.co.uk/product-category/lanterns-decorations/page/3/,Lanterns & Decorations,,incabella-images\_site\IMG_5159-e1615638036380.jpg
https://www.incabella.co.uk/product-category/lanterns-decorations/page/3/,Lanterns & Decorations,,incabella-images\_site\880A161C-0A42-4AD4-99AC-5E53B5188CE4.jpeg
https://www.incabella.co.uk/product-category/lanterns-decorations/page/3/,Lanterns & Decorations,,incabella-images\_site\880A161C-0A42-4AD4-99AC-5E53B5188CE4.jpeg
https://www.incabella.co.uk/product-category/lanterns-decorations/page/3/,Lanterns & Decorations,,incabella-images\_site\6A35E8F8-C756-4D74-A18D-9532A67C0D46.jpeg
https://www.incabella.co.uk/product-category/lanterns-decorations/page/3/,Lanterns & Decorations,,incabella-images\_site\6A35E8F8-C756-4D74-A18D-9532A67C0D46.jpeg
https://www.incabella.co.uk/product-category/lanterns-decorations/page/3/,Lanterns & Decorations,,incabella-images\_site\Amy-David-88.jpg
https://www.incabella.co.uk/product-category/lanterns-decorations/page/3/,Lanterns & Decorations,,incabella-images\_site\Amy-David-88.jpg
https://www.incabella.co.uk/product-category/lanterns-decorations/page/3/,Lanterns & Decorations,,incabella-images\_site\Jayne-Chris-wedding-for-Lucy-0004.jpg
https://www.incabella.co.uk/product-category/lanterns-decorations/page/3/,Lanterns & Decorations,,incabella-images\_site\Jayne-Chris-wedding-for-Lucy-0004.jpg
https://www.incabella.co.uk/product-category/lanterns-decorations/page/3/,Lanterns & Decorations,,incabella-images\_site\IMG_7140.jpeg
https://www.incabella.co.uk/product-category/lanterns-decorations/page/3/,Lanterns & Decorations,,incabella-images\_site\IMG_7140.jpeg
https://www.incabella.co.uk/product-category/lanterns-decorations/page/3/,Lanterns & Decorations,,incabella-images\_site\0ECE9A96-8D21-45B5-99FA-412A2590D4A7.jpeg
https://www.incabella.co.uk/product-category/lanterns-decorations/page/3/,Lanterns & Decorations,,incabella-images\_site\0ECE9A96-8D21-45B5-99FA-412A2590D4A7.jpeg
https://www.incabella.co.uk/product-category/lanterns-decorations/page/3/,Lanterns & Decorations,,incabella-images\_site\Sparkling-Silver-T-Light-20000102-A_20765.jpeg
https://www.incabella.co.uk/product-category/lanterns-decorations/page/3/,Lanterns & Decorations,,incabella-images\_site\Sparkling-Silver-T-Light-20000102-A_20765.jpeg
https://www.incabella.co.uk/product-category/lanterns-decorations/page/3/,Lanterns & Decorations,,incabella-images\_site\Sparkling-Silver-T-Light-Holder-IMG_4275.jpeg
https://www.incabella.co.uk/product-category/lanterns-decorations/page/3/,Lanterns & Decorations,,incabella-images\_site\Sparkling-Silver-T-Light-Holder-IMG_4275.jpeg
https://www.incabella.co.uk/product-category/lanterns-decorations/page/3/,Lanterns & Decorations,,incabella-images\_site\IMG_7145.jpeg
https://www.incabella.co.uk/product-category/lanterns-decorations/page/3/,Lanterns & Decorations,,incabella-images\_site\IMG_7145.jpeg
https://www.incabella.co.uk/product-category/lanterns-decorations/page/3/,Lanterns & Decorations,,incabella-images\_site\IMG_7533.jpeg
https://www.incabella.co.uk/product-category/lanterns-decorations/page/3/,Lanterns & Decorations,,incabella-images\_site\IMG_7533.jpeg
https://www.incabella.co.uk/product-category/lanterns-decorations/page/3/,Lanterns & Decorations,,incabella-images\_site\IMG_0946.jpeg
https://www.incabella.co.uk/product-category/lanterns-decorations/page/3/,Lanterns & Decorations,,incabella-images\_site\IMG_0946.jpeg
https://www.incabella.co.uk/product-category/lanterns-decorations/page/3/,Lanterns & Decorations,,incabella-images\_site\lantern-wrope-hndl-h250x180mm-gls-grey.jpeg
https://www.incabella.co.uk/product-category/lanterns-decorations/page/3/,Lanterns & Decorations,,incabella-images\_site\lantern-wrope-hndl-h250x180mm-gls-grey.jpeg
https://www.incabella.co.uk/product-category/lanterns-decorations/page/3/,Lanterns & Decorations,,incabella-images\_site\image10.jpeg
https://www.incabella.co.uk/product-category/lanterns-decorations/page/3/,Lanterns & Decorations,,incabella-images\_site\image10.jpeg
https://www.incabella.co.uk/product-category/lanterns-decorations/page/3/,Lanterns & Decorations,,incabella-images\_site\20473090a409721a3a4007908b32130e.jpg
https://www.incabella.co.uk/product-category/lanterns-decorations/page/3/,Lanterns & Decorations,,incabella-images\_site\20473090a409721a3a4007908b32130e.jpg
https://www.incabella.co.uk/product-category/lanterns-decorations/page/3/,Lanterns & Decorations,,incabella-images\_site\hanging-heart-tea-light-holder.jpeg
https://www.incabella.co.uk/product-category/lanterns-decorations/page/3/,Lanterns & Decorations,,incabella-images\_site\hanging-heart-tea-light-holder.jpeg
https://www.incabella.co.uk/product-category/lanterns-decorations/page/3/,Lanterns & Decorations,,incabella-images\_site\hanging-heart-tea-light-holder.jpeg
https://www.incabella.co.uk/product-category/lanterns-decorations/page/3/,Lanterns & Decorations,,incabella-images\_site\hanging-heart-tea-light-holder.jpeg
https://www.incabella.co.uk/product-category/lanterns-decorations/page/3/,Lanterns & Decorations,,incabella-images\_site\IMG_1709.jpg
https://www.incabella.co.uk/product-category/lanterns-decorations/page/3/,Lanterns & Decorations,,incabella-images\_site\IMG_1709-510x652@2x.jpg
https://www.incabella.co.uk/product-category/lanterns-decorations/page/3/,Lanterns & Decorations,,incabella-images\_site\tlt-hld-wbells-h80mm-clr-gls.jpeg
https://www.incabella.co.uk/product-category/lanterns-decorations/page/3/,Lanterns & Decorations,,incabella-images\_site\tlt-hld-wbells-h80mm-clr-gls.jpeg
https://www.incabella.co.uk/product-category/lanterns-decorations/page/3/,Lanterns & Decorations,,incabella-images\_site\IncaBella_logo_02.png
https://www.incabella.co.uk/product-category/lanterns-decorations/page/4/,Lanterns & Decorations,,incabella-images\_site\IncaBella_logo_02.png
https://www.incabella.co.uk/product-category/lanterns-decorations/page/4/,Lanterns & Decorations,,incabella-images\_site\sana-storm-lantern.jpg
https://www.incabella.co.uk/product-category/lanterns-decorations/page/4/,Lanterns & Decorations,,incabella-images\_site\sana-storm-lantern.jpg
https://www.incabella.co.uk/product-category/lanterns-decorations/page/4/,Lanterns & Decorations,,incabella-images\_site\A-FS-S-FS-A-SANA-STORM-LANTERN-SQ-7.jpeg
https://www.incabella.co.uk/product-category/lanterns-decorations/page/4/,Lanterns & Decorations,,incabella-images\_site\A-FS-S-FS-A-SANA-STORM-LANTERN-SQ-7.jpeg
https://www.incabella.co.uk/product-category/lanterns-decorations/page/4/,Lanterns & Decorations,,incabella-images\_site\IMG_E1342.jpg
https://www.incabella.co.uk/product-category/lanterns-decorations/page/4/,Lanterns & Decorations,,incabella-images\_site\IMG_E1342.jpg
https://www.incabella.co.uk/product-category/lanterns-decorations/page/4/,Lanterns & Decorations,,incabella-images\_site\clear-glass-hurricane-lantern.jpeg
https://www.incabella.co.uk/product-category/lanterns-decorations/page/4/,Lanterns & Decorations,,incabella-images\_site\clear-glass-hurricane-lantern.jpeg
https://www.incabella.co.uk/product-category/lanterns-decorations/page/4/,Lanterns & Decorations,,incabella-images\_site\IMG_9587.jpeg
https://www.incabella.co.uk/product-category/lanterns-decorations/page/4/,Lanterns & Decorations,,incabella-images\_site\IMG_9587.jpeg
https://www.incabella.co.uk/product-category/lanterns-decorations/page/4/,Lanterns & Decorations,,incabella-images\_site\IMG_9583.jpeg
https://www.incabella.co.uk/product-category/lanterns-decorations/page/4/,Lanterns & Decorations,,incabella-images\_site\IMG_9583.jpeg
https://www.incabella.co.uk/product-category/lanterns-decorations/page/4/,Lanterns & Decorations,,incabella-images\_site\fullsizeoutput_50c2.jpeg
https://www.incabella.co.uk/product-category/lanterns-decorations/page/4/,Lanterns & Decorations,,incabella-images\_site\fullsizeoutput_50c2.jpeg
https://www.incabella.co.uk/product-category/lanterns-decorations/page/4/,Lanterns & Decorations,,incabella-images\_site\IMG_6448-e1520889491374.jpg
https://www.incabella.co.uk/product-category/lanterns-decorations/page/4/,Lanterns & Decorations,,incabella-images\_site\IMG_6448-e1520889491374.jpg
https://www.incabella.co.uk/product-category/lanterns-decorations/page/4/,Lanterns & Decorations,,incabella-images\_site\IMG_3120.jpg
https://www.incabella.co.uk/product-category/lanterns-decorations/page/4/,Lanterns & Decorations,,incabella-images\_site\IMG_3120-510x652@2x.jpg
https://www.incabella.co.uk/product-category/lanterns-decorations/page/4/,Lanterns & Decorations,,incabella-images\_site\IMG_3119.jpg
https://www.incabella.co.uk/product-category/lanterns-decorations/page/4/,Lanterns & Decorations,,incabella-images\_site\IMG_3119-510x652@2x.jpg
https://www.incabella.co.uk/product-category/lanterns-decorations/page/4/,Lanterns & Decorations,,incabella-images\_site\b05315a3-fc65-4b83-b1a7-61741248a692.jpeg
https://www.incabella.co.uk/product-category/lanterns-decorations/page/4/,Lanterns & Decorations,,incabella-images\_site\b05315a3-fc65-4b83-b1a7-61741248a692.jpeg
https://www.incabella.co.uk/product-category/lanterns-decorations/page/4/,Lanterns & Decorations,,incabella-images\_site\IMG_9709.jpeg
https://www.incabella.co.uk/product-category/lanterns-decorations/page/4/,Lanterns & Decorations,,incabella-images\_site\IMG_9709.jpeg
https://www.incabella.co.uk/product-category/lanterns-decorations/page/4/,Lanterns & Decorations,,incabella-images\_site\IMG_1673.jpg
https://www.incabella.co.uk/product-category/lanterns-decorations/page/4/,Lanterns & Decorations,,incabella-images\_site\IMG_1673-510x652@2x.jpg
https://www.incabella.co.uk/product-category/lanterns-decorations/page/4/,Lanterns & Decorations,,incabella-images\_site\4600494.jpg
https://www.incabella.co.uk/product-category/lanterns-decorations/page/4/,Lanterns & Decorations,,incabella-images\_site\4600494-114x145@2x.jpg
https://www.incabella.co.uk/product-category/lanterns-decorations/page/4/,Lanterns & Decorations,,incabella-images\_site\8327bd708a67d45dc7f6637f3e61ffa5.jpg
https://www.incabella.co.uk/product-category/lanterns-decorations/page/4/,Lanterns & Decorations,,incabella-images\_site\8327bd708a67d45dc7f6637f3e61ffa5.jpg
https://www.incabella.co.uk/product-category/lanterns-decorations/page/4/,Lanterns & Decorations,,incabella-images\_site\IMG_7955.jpeg
https://www.incabella.co.uk/product-category/lanterns-decorations/page/4/,Lanterns & Decorations,,incabella-images\_site\IMG_7955.jpeg
https://www.incabella.co.uk/product-category/lanterns-decorations/page/4/,Lanterns & Decorations,,incabella-images\_site\IMG_7149.jpeg
https://www.incabella.co.uk/product-category/lanterns-decorations/page/4/,Lanterns & Decorations,,incabella-images\_site\IMG_7149.jpeg
https://www.incabella.co.uk/product-category/lanterns-decorations/page/4/,Lanterns & Decorations,,incabella-images\_site\E57C0BFC-9306-42C5-8AE4-7F77EFE434AA.jpeg
https://www.incabella.co.uk/product-category/lanterns-decorations/page/4/,Lanterns & Decorations,,incabella-images\_site\E57C0BFC-9306-42C5-8AE4-7F77EFE434AA.jpeg
https://www.incabella.co.uk/product-category/lanterns-decorations/page/4/,Lanterns & Decorations,,incabella-images\_site\Sparkling-Silver-T-Light-20000102-A_20765.jpeg
https://www.incabella.co.uk/product-category/lanterns-decorations/page/4/,Lanterns & Decorations,,incabella-images\_site\Sparkling-Silver-T-Light-20000102-A_20765.jpeg
https://www.incabella.co.uk/product-category/lanterns-decorations/page/4/,Lanterns & Decorations,,incabella-images\_site\Sparkling-Silver-T-Light-Holder-IMG_4275.jpeg
https://www.incabella.co.uk/product-category/lanterns-decorations/page/4/,Lanterns & Decorations,,incabella-images\_site\Sparkling-Silver-T-Light-Holder-IMG_4275.jpeg
https://www.incabella.co.uk/product-category/lanterns-decorations/page/4/,Lanterns & Decorations,,incabella-images\_site\IMG_1684.jpeg
https://www.incabella.co.uk/product-category/lanterns-decorations/page/4/,Lanterns & Decorations,,incabella-images\_site\IMG_1684.jpeg
https://www.incabella.co.uk/product-category/lanterns-decorations/page/4/,Lanterns & Decorations,,incabella-images\_site\621943C4-766A-4041-A514-A62C4C49CE51-1.jpeg
https://www.incabella.co.uk/product-category/lanterns-decorations/page/4/,Lanterns & Decorations,,incabella-images\_site\621943C4-766A-4041-A514-A62C4C49CE51-1.jpeg
https://www.incabella.co.uk/product-category/lanterns-decorations/page/4/,Lanterns & Decorations,,incabella-images\_site\IncaBella_logo_02.png
https://www.incabella.co.uk/product-category/products/page/2/,Products,,incabella-images\_site\IncaBella_logo_02.png
https://www.incabella.co.uk/product-category/products/page/2/,Products,,incabella-images\_site\fullsizeoutput_50c2.jpeg
https://www.incabella.co.uk/product-category/products/page/2/,Products,,incabella-images\_site\fullsizeoutput_50c2.jpeg
https://www.incabella.co.uk/product-category/products/page/2/,Products,,incabella-images\_site\IMG_6448-e1520889491374.jpg
https://www.incabella.co.uk/product-category/products/page/2/,Products,,incabella-images\_site\IMG_6448-e1520889491374.jpg
https://www.incabella.co.uk/product-category/products/page/2/,Products,,incabella-images\_site\IMG_3120.jpg
https://www.incabella.co.uk/product-category/products/page/2/,Products,,incabella-images\_site\IMG_3120-510x652@2x.jpg
https://www.incabella.co.uk/product-category/products/page/2/,Products,,incabella-images\_site\IMG_3119.jpg
https://www.incabella.co.uk/product-category/products/page/2/,Products,,incabella-images\_site\IMG_3119-510x652@2x.jpg
https://www.incabella.co.uk/product-category/products/page/2/,Products,,incabella-images\_site\IncaBella_logo_02.png
